id,battery_power,blue,clock_speed,dual_sim,fc,four_g,int_memory,m_dep,mobile_wt,n_cores,pc,px_height,px_width,ram,sc_h,sc_w,talk_time,three_g,touch_screen,wifi,y
1504,1731,1,1.4,1,4,1,4,0.5,163,6,18,809,1988,3892,5,1,4,1,1,1,3
462,1986,0,0.5,1,3,1,51,0.1,165,8,20,282,1358,1614,17,12,3,1,1,1,1
252,708,1,2.7,1,0,1,63,1.0,195,8,7,78,654,2169,6,5,7,1,1,1,1
692,781,0,1.1,0,2,0,38,0.4,198,5,7,304,1674,3508,13,8,5,0,0,1,3
701,1717,1,1.3,0,1,0,62,0.7,130,1,3,609,810,3226,6,4,5,0,1,0,3
93,879,1,2.5,0,11,1,14,0.7,83,6,15,403,1105,349,16,10,2,1,0,1,0
820,1387,0,0.5,0,0,1,61,0.5,98,3,0,785,1151,629,5,3,11,1,1,0,0
1981,1454,0,2.6,0,8,0,6,0.4,199,3,20,698,1018,1300,10,0,2,0,0,1,1
867,1498,1,0.7,0,3,1,8,0.1,170,7,4,347,1076,3358,7,3,19,1,0,0,3
1426,1454,0,1.4,1,8,0,37,0.8,80,8,20,903,910,1713,16,0,19,0,0,0,1
1458,1368,0,0.5,0,10,1,42,0.2,91,1,20,907,925,1590,12,0,14,1,0,0,1
1069,1414,0,2.6,0,1,0,27,0.6,137,4,20,804,1564,312,5,2,8,0,0,1,0
1637,1695,1,0.5,1,2,1,47,0.5,189,5,13,308,1208,1629,8,6,11,1,1,0,1
1805,534,0,0.5,1,4,0,2,0.2,85,5,16,911,1220,2466,5,3,18,0,1,1,2
1586,546,1,2.6,1,5,0,26,1.0,159,5,15,416,1658,1550,7,2,3,0,1,0,1
1686,1314,1,2.8,1,13,1,5,1.0,87,4,18,82,512,3411,17,16,18,1,0,0,3
913,1763,0,2.9,1,1,1,53,0.2,101,4,20,138,806,2066,12,9,17,1,1,1,1
1770,1946,0,2.7,1,8,0,8,0.3,123,8,19,647,1849,3117,6,0,2,1,0,0,3
1465,510,0,2.6,0,0,0,33,0.1,110,6,10,1052,1897,1693,6,2,5,0,1,0,1
530,1076,1,2.6,0,3,1,38,0.7,119,6,8,129,915,891,18,3,9,1,1,0,0
472,1077,0,2.5,1,0,1,45,1.0,174,3,4,897,1304,1965,6,2,6,1,1,0,1
1316,1924,0,2.6,0,0,1,59,0.9,136,6,0,1438,1923,3646,10,9,16,1,0,1,3
952,1444,1,2.1,0,9,0,38,0.4,104,7,16,624,917,3764,14,9,10,0,0,0,3
111,617,1,2.3,0,0,0,32,0.5,199,7,20,768,874,2213,18,13,7,0,0,0,1
382,1809,1,1.7,0,3,1,59,0.1,174,3,4,639,721,2324,10,6,16,1,0,1,2
1288,1541,1,2.8,1,10,1,28,0.2,165,5,15,796,1052,1108,12,1,7,1,0,1,1
1871,1961,1,1.5,0,10,0,55,0.5,100,7,20,861,1888,2355,14,7,6,1,1,1,3
940,1456,0,1.6,1,9,1,39,0.1,80,8,10,815,1666,3998,6,3,13,1,1,0,3
604,1312,0,0.5,1,0,1,28,0.8,163,2,0,1233,1854,1087,17,16,14,1,0,0,1
1806,628,1,1.8,0,5,0,60,0.2,87,6,6,1047,1534,1337,12,7,14,0,1,0,1
1340,1469,0,0.5,0,3,1,58,0.5,150,7,8,1699,1850,1571,17,16,2,1,0,0,2
1403,1328,1,0.5,0,5,1,27,0.3,144,3,18,602,1156,2674,7,2,5,1,0,1,2
1566,1317,0,1.5,0,6,0,12,0.1,154,2,9,431,542,425,7,0,11,1,1,1,0
1401,950,0,0.5,0,6,1,55,0.1,124,8,7,86,1681,1305,6,5,4,1,0,1,0
443,1448,0,1.4,1,13,0,26,1.0,156,3,16,1792,1850,1175,12,9,6,0,1,0,1
119,1778,0,0.5,0,0,0,15,0.5,102,3,0,1445,1954,1214,5,0,14,1,0,0,1
320,728,0,1.7,1,0,1,5,0.6,101,2,20,584,775,834,16,0,5,1,1,0,0
1289,615,1,0.5,1,7,0,58,0.5,130,5,8,1021,1958,1906,14,5,5,1,0,0,1
665,1721,1,0.5,1,4,1,33,0.5,128,4,5,871,1048,707,19,2,5,1,1,1,0
465,1583,1,1.6,0,5,1,42,0.8,118,3,10,275,862,3652,14,10,9,1,0,0,3
1589,1765,0,1.1,0,3,0,11,0.7,87,2,7,835,1175,3695,6,5,18,1,0,0,3
1435,688,1,2.5,0,9,0,40,0.2,109,5,20,376,1957,1382,12,7,8,0,1,0,1
1563,911,1,2.2,1,1,1,28,0.5,182,2,2,157,763,2638,8,4,13,1,1,1,1
1140,802,0,0.5,1,3,0,43,0.6,153,5,6,527,734,3063,17,13,4,0,1,0,2
898,1372,1,2.7,0,7,0,34,0.4,193,4,17,687,937,725,11,3,20,1,0,0,0
772,576,0,0.8,0,0,1,27,0.1,121,2,4,757,1518,1519,18,6,8,1,0,1,1
1076,516,0,1.1,1,0,1,39,0.4,91,5,7,855,1401,819,8,0,10,1,1,1,0
596,1175,0,0.6,0,10,0,25,0.1,145,2,12,137,1501,3153,9,4,12,1,0,0,2
250,893,0,2.5,1,0,0,55,0.6,183,2,1,417,946,2986,7,1,6,0,1,1,2
1027,502,0,1.5,1,7,0,37,0.2,199,2,12,705,1810,1649,6,1,14,0,1,0,1
1271,1944,1,1.8,1,0,1,31,0.8,87,4,10,1111,1362,2560,7,3,8,1,0,0,3
844,1986,0,0.5,0,7,0,51,0.4,95,3,9,342,774,3165,5,0,13,1,0,0,3
337,668,0,2.3,0,2,1,48,0.3,114,1,19,195,1292,1201,14,12,4,1,1,0,0
1921,569,1,2.5,1,0,0,41,0.3,124,1,1,388,605,2651,17,7,4,0,0,0,1
775,1160,0,1.1,0,1,1,63,0.7,166,3,2,762,859,595,18,4,15,1,0,1,0
1952,797,1,1.5,1,4,0,18,0.6,81,8,20,888,1466,2052,9,3,14,1,1,1,1
328,1430,0,0.5,1,1,0,27,0.5,183,1,16,1132,1182,2832,7,1,15,0,1,1,2
605,1878,0,1.5,1,5,1,56,0.3,139,5,13,183,559,2711,8,2,3,1,1,1,2
452,1406,0,0.5,1,2,1,34,0.8,98,3,5,1017,1366,3915,9,8,2,1,0,1,3
1331,1407,0,1.8,1,5,1,16,0.2,170,4,6,925,1206,1068,6,0,8,1,1,0,1
387,560,0,0.5,0,14,0,23,1.0,146,8,15,356,1903,2360,17,16,18,0,1,1,1
1999,510,1,2.0,1,5,1,45,0.9,168,6,16,483,754,3919,19,4,2,1,1,1,3
1133,1528,1,1.8,1,3,1,55,0.8,129,5,6,454,1762,1282,11,9,11,1,1,1,1
833,1368,1,1.6,1,4,0,9,0.1,115,7,7,843,1145,2941,13,12,17,0,1,0,3
326,1144,1,1.5,1,0,0,21,0.4,189,1,11,159,724,3252,16,0,8,0,0,0,2
741,1972,0,1.2,1,0,0,37,0.7,102,2,1,715,1648,2870,16,0,17,0,0,0,3
459,513,1,0.5,0,6,1,44,0.1,186,4,12,619,867,1343,5,1,9,1,1,0,0
929,1689,1,2.4,1,0,1,13,0.9,168,2,9,521,674,1172,12,11,17,1,1,1,0
1080,1076,0,2.5,0,3,0,14,0.2,105,5,4,545,1300,2043,7,5,14,0,0,0,1
686,1527,0,2.7,0,10,1,60,0.1,154,5,14,526,1116,2078,5,3,11,1,1,1,2
241,724,0,2.7,1,0,0,44,0.5,187,7,0,1273,1754,2311,7,6,7,1,0,0,2
1850,1944,0,0.6,1,9,1,59,0.2,132,7,10,634,1079,769,19,13,3,1,0,1,0
1765,765,1,2.5,0,3,0,44,0.3,88,8,11,1364,1851,2256,6,1,19,0,1,1,2
934,553,0,0.5,1,2,1,23,0.5,119,3,3,993,1517,2981,7,3,14,1,0,0,2
1313,730,1,0.5,1,3,1,27,0.1,112,5,10,62,846,3623,9,4,15,1,1,0,2
478,1615,0,0.5,0,14,0,15,0.1,132,4,16,622,1256,3488,16,2,3,0,0,1,3
674,1034,0,2.6,1,2,1,45,0.3,190,3,4,182,1293,969,15,1,7,1,0,0,0
107,1657,1,2.4,0,3,0,42,0.1,198,5,16,1770,1796,2597,18,1,14,1,0,0,3
1579,1715,0,2.6,1,9,1,15,0.6,120,6,20,114,1849,1249,16,2,4,1,1,0,1
1218,1820,1,1.4,0,5,0,51,0.9,163,7,10,202,1884,2481,11,9,11,0,0,0,2
222,1225,1,2.1,1,8,0,13,0.5,116,4,12,759,1404,3836,12,11,11,0,0,0,3
306,1956,0,2.2,0,0,1,37,0.5,87,3,2,185,776,1109,13,1,19,1,1,0,1
187,1934,1,2.6,1,0,1,46,0.1,103,1,17,619,1299,2940,13,9,2,1,1,1,3
1231,717,1,0.5,1,4,0,10,0.6,198,1,5,217,1106,688,10,7,15,0,1,0,0
273,1611,1,0.5,1,11,0,3,0.6,98,3,14,303,714,1595,8,4,9,1,0,1,1
69,1166,0,1.5,1,0,1,43,0.8,80,4,1,205,603,3993,7,1,7,1,1,0,3
1118,618,1,2.2,1,0,1,63,0.9,138,2,1,853,1781,2574,14,3,5,1,1,0,2
1951,1327,0,2.8,0,10,0,23,0.5,89,7,16,441,1721,872,7,5,4,1,1,1,0
1304,1077,1,1.7,1,1,0,58,0.8,86,7,13,135,1892,3902,9,3,3,1,0,0,3
106,1661,0,1.9,1,5,0,23,1.0,172,5,10,846,1634,2676,12,6,11,0,1,1,3
49,596,0,2.1,1,9,0,64,0.8,111,8,15,885,1854,3238,16,13,10,0,0,0,3
1953,727,1,2.5,1,0,1,64,0.2,193,1,9,664,711,3654,9,1,16,1,1,0,3
1480,603,0,1.5,0,8,0,12,0.7,114,6,20,1003,1284,1543,7,5,19,1,1,0,1
980,1597,0,2.3,0,11,0,34,0.4,89,1,14,64,1667,934,16,10,9,0,1,0,0
1057,980,1,0.5,0,0,1,33,0.9,160,6,0,1008,1758,2268,7,5,4,1,1,0,2
1393,1444,1,2.1,1,0,0,6,0.9,103,1,1,1274,1340,712,17,5,10,0,0,0,0
1479,1806,1,2.0,1,2,1,54,0.1,117,1,11,347,727,3142,13,0,6,1,0,1,3
1354,1998,1,1.2,0,8,0,31,0.6,196,8,19,50,1356,2311,17,9,18,1,1,0,2
229,1689,0,1.8,0,17,0,24,0.3,127,3,18,954,1200,2766,7,2,7,0,1,1,3
1640,1269,1,2.8,1,16,0,41,1.0,180,8,17,406,1036,2341,10,9,16,0,0,1,2
1418,908,0,2.1,0,1,0,44,0.6,95,5,2,154,941,3518,16,12,7,1,1,1,3
943,1428,1,1.6,0,0,0,7,0.1,153,4,2,584,983,1808,12,8,13,0,1,0,1
1545,1660,0,0.5,0,2,1,15,0.7,100,8,8,440,569,2424,12,5,9,1,1,0,2
1290,912,1,2.8,1,6,1,46,0.4,84,4,11,995,1310,851,8,4,4,1,1,1,0
1243,1180,1,1.2,0,5,1,50,1.0,144,4,20,925,1252,1464,7,3,20,1,1,1,1
855,1068,0,1.3,0,6,1,52,0.1,97,8,7,994,1500,1436,16,1,15,1,0,0,1
7,1954,0,0.5,1,0,0,24,0.8,187,4,0,512,1149,700,16,3,5,1,1,1,0
1974,915,1,0.5,1,9,1,33,0.3,199,2,16,503,986,2156,7,3,13,1,1,0,1
537,737,1,2.4,1,7,0,49,0.6,193,4,16,781,1463,2951,7,0,10,0,1,0,2
283,659,0,2.7,0,6,1,6,0.5,110,3,7,1054,1929,2044,15,5,2,1,0,1,1
1533,642,1,0.5,0,0,1,38,0.8,86,5,10,887,1775,435,9,2,2,1,1,0,0
904,1062,0,1.5,0,3,0,45,0.2,151,3,4,798,1435,911,14,2,9,0,0,0,0
1460,1714,0,0.5,1,7,0,31,0.4,120,2,10,287,627,3707,5,1,19,0,0,1,3
1647,771,1,0.5,1,0,1,33,0.1,157,3,17,776,1247,920,16,2,10,1,1,1,0
251,1210,0,0.5,0,0,0,63,0.1,93,5,0,1177,1462,2394,17,9,7,0,0,0,2
178,947,0,0.8,1,0,1,22,0.1,197,2,13,1176,1220,2842,16,12,2,1,0,0,2
1212,864,0,2.5,0,10,1,24,0.7,148,4,15,1362,1378,3964,13,8,12,1,1,0,3
970,904,0,1.6,1,5,1,14,0.2,102,8,9,56,760,1846,7,0,3,1,0,1,1
966,1910,1,1.7,0,0,0,34,0.6,115,2,0,985,1284,309,8,4,10,0,0,1,0
1695,1470,0,2.2,1,4,1,33,0.4,138,7,10,1790,1988,1633,18,4,4,1,0,0,2
1492,1130,1,0.5,1,1,1,29,0.7,130,1,14,593,1327,432,6,1,10,1,1,1,0
1639,1768,1,2.0,0,0,1,2,0.8,88,7,2,1303,1814,3256,9,6,5,1,1,0,3
804,1929,1,0.5,1,0,1,19,1.0,163,6,2,349,1051,1913,12,7,6,1,1,0,1
1260,1097,0,1.4,0,0,0,60,0.8,181,1,17,405,519,509,15,12,12,1,0,0,0
1415,1759,1,1.4,0,10,1,15,0.4,101,4,13,382,1163,2107,18,5,16,1,1,0,2
1607,744,0,1.7,1,0,1,33,0.5,105,4,2,1252,1963,2700,9,3,19,1,0,0,2
1227,1426,1,2.5,0,2,1,55,0.4,109,1,7,777,1032,2562,5,1,3,1,0,0,2
630,1645,1,1.8,0,1,0,21,0.7,123,7,2,897,1308,783,10,8,20,1,0,0,0
513,1417,1,0.5,0,10,1,45,0.9,166,4,19,364,1029,2129,13,9,12,1,0,1,1
1226,603,1,2.5,1,3,0,35,0.7,126,3,16,692,1057,3703,13,1,9,0,0,1,3
1152,1009,1,1.0,1,2,0,2,0.6,102,8,14,912,1043,1716,7,5,15,0,0,0,1
117,1084,1,2.6,0,3,1,40,0.9,107,3,11,322,771,1945,15,4,10,1,1,0,1
1486,1143,0,1.2,1,1,1,22,1.0,125,3,6,1116,1724,1214,12,5,16,1,1,0,1
396,788,0,2.5,1,4,1,57,0.9,91,8,12,42,1161,3969,12,8,6,1,1,1,3
647,1762,1,2.7,1,13,1,25,0.9,189,1,14,300,527,1896,14,10,20,1,1,1,1
441,1654,0,1.8,0,1,0,11,0.3,146,7,2,1184,1719,1070,8,1,14,1,1,1,1
1336,1811,1,2.5,0,4,1,5,0.6,98,4,16,447,568,2700,13,7,8,1,1,1,2
141,1218,0,1.8,1,1,1,14,0.5,147,3,4,229,616,398,17,0,5,1,0,0,0
813,721,1,1.3,1,10,0,16,0.9,125,1,18,408,1862,1713,10,3,4,0,1,1,1
1219,984,0,0.5,1,3,1,9,0.8,140,3,20,531,707,841,18,15,16,1,0,0,0
1957,1589,0,0.6,0,0,0,5,0.8,112,5,2,776,1397,3430,7,5,19,1,1,1,3
506,1260,1,2.0,1,2,1,23,0.2,123,7,10,905,1313,2208,12,11,10,1,0,1,2
182,1082,0,0.8,0,0,0,38,0.1,198,8,5,986,1191,2337,6,1,17,0,1,1,2
759,1030,0,1.6,1,3,1,58,0.2,138,6,20,1111,1812,2858,6,2,18,1,1,1,3
705,1519,0,2.9,0,2,0,30,0.7,112,7,8,1122,1702,2440,9,5,10,1,1,1,2
1531,1770,1,2.3,0,0,0,9,0.6,183,6,5,1098,1373,3785,13,10,14,1,0,1,3
1024,950,1,0.5,0,9,0,55,0.1,156,5,10,774,843,1095,14,12,13,0,1,0,0
1848,1792,1,1.0,0,3,1,62,0.3,170,7,8,1626,1913,2563,18,14,15,1,0,1,3
1087,1331,0,0.5,0,8,0,55,0.9,146,3,15,1162,1531,1732,6,2,11,1,0,1,1
215,1987,1,0.5,0,3,1,53,1.0,181,3,7,1052,1516,3117,18,5,8,1,1,1,3
218,1886,0,0.5,0,0,1,24,0.4,112,3,1,809,1958,1179,16,7,20,1,0,1,1
1298,1089,0,1.4,1,10,0,2,0.1,153,7,20,211,1409,2620,7,5,13,1,0,0,2
360,809,0,0.8,0,10,0,21,0.9,91,7,19,1453,1726,1274,18,7,3,0,0,0,1
212,1049,1,2.2,0,9,0,63,0.5,135,5,17,199,1077,1022,11,3,13,0,0,0,0
1259,1796,0,1.6,1,5,0,7,0.1,101,4,6,667,798,1642,9,4,3,0,1,1,1
1616,1986,1,0.5,1,7,1,39,0.1,89,7,19,251,599,3476,11,8,17,1,1,0,3
711,1744,1,1.0,0,1,1,20,0.5,112,8,3,68,718,1205,18,7,14,1,0,0,1
582,1232,0,2.9,1,1,1,24,0.3,169,5,17,361,809,1257,16,10,16,1,0,0,0
1584,1973,1,2.4,1,6,0,46,0.1,193,4,10,699,851,639,6,0,3,0,0,1,0
469,1845,1,0.5,1,10,0,61,0.3,96,1,12,292,695,1731,9,5,6,0,0,0,1
1382,1420,0,2.8,1,1,0,50,0.1,100,8,8,194,1393,763,17,1,17,0,1,1,0
1737,987,1,1.9,0,4,1,52,0.5,83,3,8,419,736,2757,17,12,15,1,1,0,2
1580,1897,1,1.9,0,2,1,54,0.3,154,2,7,630,738,412,17,11,2,1,0,0,0
1239,1240,0,1.6,0,0,0,39,0.1,146,2,9,1511,1756,3260,13,1,17,0,0,1,3
1919,1318,1,2.4,0,1,1,45,0.1,136,2,7,183,661,755,18,3,9,1,0,1,0
197,1308,0,1.9,0,0,1,61,0.7,106,3,7,59,1215,3355,15,2,4,1,0,1,3
625,501,0,2.3,0,12,1,54,0.3,131,4,19,504,1089,2346,13,12,2,1,0,1,1
962,1660,0,2.8,1,4,0,7,0.8,184,1,6,76,1165,1531,12,0,7,0,0,0,1
1406,1731,1,2.3,1,18,0,60,0.5,171,4,20,142,1039,1220,9,3,20,0,1,0,1
143,786,0,2.2,1,0,0,33,0.5,141,7,6,507,1697,2390,12,11,5,1,0,1,2
1776,1072,1,2.2,1,6,0,19,0.4,114,8,16,380,877,2715,15,9,16,0,1,0,2
941,743,0,0.5,1,0,1,33,0.3,95,2,1,1587,1659,316,19,10,4,1,0,0,0
282,1839,1,1.2,0,9,1,54,0.5,200,7,11,475,1493,927,19,10,18,1,0,1,1
1698,1619,1,0.9,0,3,0,20,0.9,117,6,9,813,1180,464,7,5,16,1,0,1,0
620,972,1,2.7,1,1,0,5,1.0,126,4,2,687,816,3035,12,7,19,1,0,1,2
37,1725,1,1.6,1,6,1,6,0.5,119,2,18,609,1307,3429,6,5,4,1,1,0,3
764,1849,1,2.3,0,7,1,15,0.4,144,5,19,606,1123,3447,14,11,19,1,0,1,3
680,658,1,2.7,0,0,1,12,0.9,103,7,3,1156,1750,3587,14,11,20,1,0,0,3
516,1039,0,1.3,0,0,1,12,0.8,200,8,0,1428,1827,1619,7,1,10,1,1,1,1
1995,794,1,0.5,1,0,1,2,0.8,106,6,14,1222,1890,668,13,4,19,1,1,0,0
1462,1796,1,2.3,0,4,0,44,0.9,184,2,11,1024,1363,3577,17,7,4,1,1,0,3
906,1983,1,1.2,1,6,1,27,0.6,125,1,11,370,1197,3897,12,10,10,1,1,1,3
1543,790,0,0.5,1,7,1,44,0.1,89,8,8,1100,1437,3424,13,11,9,1,1,0,3
433,1464,0,0.5,1,0,1,17,0.7,153,6,8,418,1341,1277,13,6,19,1,0,0,1
315,1126,0,0.7,0,3,0,49,0.9,165,8,17,114,1726,3739,14,1,13,1,0,0,3
1067,1703,1,0.5,0,5,1,23,0.2,92,6,7,134,521,793,7,3,17,1,1,0,0
1474,1617,1,2.6,0,14,0,29,0.9,113,6,20,283,676,3685,13,1,18,0,0,0,3
470,752,0,0.5,1,1,0,48,0.7,87,7,13,164,728,3860,7,5,16,0,0,0,3
1051,864,0,1.7,0,3,1,35,0.3,103,3,7,663,1805,1904,12,8,13,1,1,1,1
124,1166,0,2.0,0,3,1,25,0.8,198,5,4,59,1203,2488,13,5,15,1,0,0,2
1934,1405,0,1.7,0,0,0,8,0.3,107,4,7,284,1036,2376,19,6,11,0,1,0,2
607,922,0,1.5,1,1,1,35,0.9,188,7,15,1016,1383,1165,19,6,4,1,1,1,0
373,1067,1,1.7,1,0,0,58,0.5,135,7,0,79,681,706,12,9,16,0,1,0,0
418,1483,0,2.1,0,1,1,54,0.2,176,7,2,531,758,1851,15,13,2,1,1,0,1
493,1902,0,2.8,1,6,0,50,0.8,124,8,9,1142,1393,343,11,8,18,0,1,0,0
1096,1154,0,2.0,0,6,1,35,0.8,159,5,16,1003,1827,3262,16,15,16,1,0,0,3
1912,695,0,1.2,0,1,1,41,0.4,169,8,8,789,1211,2282,5,2,17,1,1,0,1
26,519,1,1.6,1,7,1,51,0.3,132,4,19,550,645,3763,16,1,4,1,0,1,3
24,503,0,1.2,1,5,1,8,0.4,111,3,13,201,1245,2583,11,0,12,1,0,0,1
1739,1044,0,1.8,0,4,1,12,0.7,104,6,5,1230,1263,1794,18,7,19,1,1,1,1
126,826,1,2.4,1,0,1,58,0.3,88,4,1,179,786,2863,9,3,18,1,0,1,2
926,1496,1,1.9,1,13,0,38,0.1,126,4,14,501,506,1927,17,4,6,0,0,1,1
1179,1880,0,0.5,0,0,1,7,0.6,104,4,1,890,1019,2968,9,0,3,1,1,0,3
1350,1398,0,1.6,1,8,1,26,0.8,150,1,12,755,1284,3488,14,3,11,1,1,0,3
850,840,0,0.6,0,0,1,63,0.8,137,7,19,987,1081,3486,12,8,18,1,1,0,3
1220,580,1,2.1,1,0,0,24,0.4,135,4,5,404,898,3565,12,11,8,1,0,1,2
1454,832,1,0.5,0,5,1,22,0.6,198,1,8,343,1431,1666,15,4,20,1,1,1,1
768,1149,1,2.2,0,4,0,30,0.2,106,6,5,1617,1675,3755,17,14,8,1,0,0,3
476,1588,0,0.5,0,0,1,61,0.8,159,1,13,1064,1594,3272,18,0,17,1,1,0,3
992,1090,0,1.3,1,5,0,27,0.1,91,4,16,1638,1910,1352,5,1,11,0,1,0,1
44,1195,1,2.8,0,1,1,20,0.8,110,2,14,1580,1652,504,9,3,12,1,1,0,0
567,1269,1,1.3,0,14,0,52,0.8,118,2,15,1597,1920,665,18,5,5,0,0,0,1
832,1860,0,0.5,1,2,1,55,0.7,83,6,3,195,799,676,15,0,4,1,0,1,0
1872,1745,0,2.9,0,0,1,3,0.9,105,3,0,426,1629,1308,5,0,2,1,1,0,1
1009,1881,0,2.2,0,4,0,51,0.3,158,5,7,477,1553,1229,12,0,14,1,0,0,1
160,1481,1,0.7,1,4,1,37,0.6,96,5,13,116,1533,2945,10,5,16,1,1,1,2
1887,1719,1,2.1,1,0,0,52,0.1,187,3,1,417,520,2610,10,1,11,1,1,1,2
438,853,1,2.0,0,10,1,3,0.6,200,2,16,674,740,3701,15,8,8,1,1,0,3
1446,1142,1,1.4,1,6,0,6,0.7,190,8,8,534,855,663,12,4,5,0,1,1,0
1705,1290,1,1.4,1,19,1,35,0.3,110,4,20,405,742,879,16,2,8,1,0,0,0
1379,771,0,2.9,0,2,0,62,0.7,106,1,8,1709,1781,1628,9,3,6,0,1,0,1
95,1137,1,1.0,0,18,0,7,1.0,196,3,19,942,1179,3616,13,5,12,1,1,1,3
393,1375,1,1.1,0,3,1,9,0.9,145,7,19,475,726,3869,19,18,10,1,1,1,3
1889,1090,1,2.3,0,1,1,8,0.6,128,8,8,1217,1670,3839,17,3,11,1,0,1,3
1383,1763,0,0.5,1,12,0,10,0.2,184,3,19,238,1893,792,17,12,13,1,0,1,0
676,1027,0,0.5,0,2,1,64,0.9,103,2,7,1698,1747,3786,17,12,12,1,0,0,3
1314,1901,1,0.5,0,5,1,41,0.6,131,2,17,3,1662,368,5,1,12,1,0,0,0
1117,1970,0,1.6,1,11,1,58,0.3,80,8,19,654,882,2372,14,12,2,1,1,0,2
873,603,1,0.7,1,0,1,64,0.2,156,6,0,1842,1968,604,10,4,8,1,1,1,0
1933,897,1,2.0,0,3,1,2,0.6,154,8,10,0,994,1958,7,5,7,1,1,0,1
640,600,0,0.5,0,0,0,14,0.8,112,5,2,320,747,1655,18,0,9,0,0,0,0
1322,808,0,1.9,0,7,0,20,0.8,185,6,14,496,974,1471,13,4,11,0,1,0,0
1509,1972,1,1.6,0,0,0,48,0.5,92,8,2,290,804,2872,7,2,11,1,0,1,3
1722,1831,1,2.3,0,3,1,44,0.2,148,7,14,437,1113,2460,10,5,18,1,0,0,2
1303,888,0,2.6,1,2,1,33,0.4,198,2,17,327,1683,3407,12,1,20,1,0,0,3
951,633,1,1.4,0,0,1,46,0.7,102,6,10,709,1915,1401,19,14,11,1,1,0,1
1214,582,0,0.5,0,8,0,32,0.7,107,3,11,1043,1702,2977,6,1,20,0,1,1,2
1945,1007,1,2.9,1,5,1,21,0.8,185,8,12,479,831,1301,8,6,12,1,1,0,0
1223,514,1,1.6,0,7,1,37,0.1,172,1,9,956,1723,3392,12,8,5,1,1,1,3
375,775,1,2.6,0,0,0,30,0.4,189,7,10,561,1510,2523,17,16,9,1,0,1,2
285,1172,0,1.9,0,0,1,27,0.7,164,1,3,607,1092,1477,12,0,6,1,0,0,1
331,1867,0,2.3,0,0,1,9,0.1,191,6,3,712,1442,990,6,1,2,1,0,1,1
190,596,0,1.4,0,8,0,46,0.6,165,1,18,953,984,2505,15,4,15,1,1,0,1
358,1394,1,0.9,1,10,1,62,0.3,175,5,13,1010,1565,473,11,1,20,1,1,0,0
691,1486,0,2.6,0,7,0,52,0.1,85,4,15,1430,1747,297,13,1,15,0,1,0,0
1880,1720,0,1.6,0,18,1,2,0.8,188,5,20,334,896,2522,10,5,2,1,0,1,2
1079,1893,1,0.5,1,1,0,23,0.1,179,8,3,1203,1432,1482,15,7,17,0,1,0,2
367,825,0,2.9,1,0,0,34,0.8,99,8,17,1471,1866,2915,8,2,10,1,1,0,3
1666,1715,1,0.5,1,1,1,18,0.1,96,6,3,674,1375,2598,17,2,3,1,0,0,3
912,626,0,0.7,1,2,1,23,0.5,187,2,9,90,1334,3458,7,5,11,1,0,1,2
1308,1496,1,1.3,1,0,1,6,0.5,85,3,9,549,1383,3571,16,1,11,1,1,1,3
788,1501,0,1.1,0,12,1,2,0.2,187,1,15,198,1056,2487,13,12,16,1,1,1,2
1114,781,1,1.3,1,1,0,64,0.2,88,2,7,368,607,3862,17,10,9,0,0,0,3
1766,993,1,2.3,1,0,0,16,0.4,106,7,13,424,1639,1113,14,1,6,0,0,1,0
1550,1280,1,1.3,0,0,1,39,1.0,108,7,1,356,588,2335,6,4,2,1,0,1,1
746,1884,0,2.1,1,7,1,43,0.8,185,1,18,451,819,3619,14,8,7,1,1,1,3
490,685,0,2.7,0,7,0,17,0.3,174,6,20,725,870,1223,8,0,18,1,0,1,0
1448,1392,0,2.5,0,0,1,44,0.7,113,4,2,482,1098,1280,8,1,16,1,0,1,1
1232,1348,1,2.0,1,5,0,36,0.3,145,6,6,468,741,2554,19,1,12,0,1,0,2
118,1308,0,1.3,1,8,0,46,0.9,199,1,12,275,989,488,5,3,9,0,1,0,0
1461,1201,1,0.5,0,1,1,10,0.4,198,6,5,1151,1723,726,11,4,3,1,1,0,0
156,637,0,2.3,0,3,1,60,0.8,97,4,4,1125,1989,374,18,4,8,1,0,1,0
603,1770,0,2.3,1,0,0,7,0.8,128,7,6,886,1552,1480,6,1,17,1,0,0,1
1697,1152,1,2.1,1,0,1,26,0.3,82,2,0,1304,1673,3284,15,2,8,1,0,1,3
719,1068,0,2.0,1,1,1,37,0.9,184,7,13,186,1998,1803,5,4,7,1,0,0,1
1794,1494,0,1.9,0,2,1,47,0.4,129,2,9,207,1177,3202,13,1,14,1,0,0,3
1147,1851,1,1.9,1,3,1,12,0.9,198,6,11,293,1967,735,7,6,14,1,0,1,0
1301,1874,1,0.6,0,1,0,19,0.8,192,2,9,1238,1418,1218,15,10,17,0,1,0,1
181,1165,1,2.4,0,11,0,41,0.2,178,6,12,564,831,764,19,12,15,1,0,0,0
1352,798,1,0.5,1,7,0,2,0.8,148,2,15,497,627,3593,14,9,3,0,1,0,2
938,894,0,0.9,0,5,1,54,0.2,130,3,15,104,541,2829,11,5,13,1,0,1,2
750,1276,1,2.9,1,2,0,53,0.3,130,2,3,217,735,3798,19,10,8,1,1,1,3
1,1021,1,0.5,1,0,1,53,0.7,136,3,6,905,1988,2631,17,3,7,1,1,0,2
485,1277,0,3.0,0,0,1,41,0.3,200,4,3,902,1090,429,9,4,14,1,1,1,0
228,1578,0,1.9,1,2,1,37,0.1,138,4,19,411,1226,2458,19,16,3,1,0,1,2
1249,504,1,2.8,1,2,0,54,0.4,163,2,10,1207,1539,2378,17,11,2,1,0,0,2
1846,689,0,2.9,1,3,1,7,0.8,147,2,6,487,722,1241,9,0,16,1,0,0,0
321,1980,0,0.5,1,2,1,29,0.8,177,1,13,312,1910,3865,12,10,18,1,0,0,3
1342,1974,0,0.5,1,9,0,10,0.8,145,6,12,530,1496,1433,6,1,17,0,0,0,1
80,1589,1,0.6,1,0,1,58,0.9,85,7,7,319,1206,3464,19,10,6,1,1,1,3
766,1872,1,0.9,1,0,0,16,0.5,80,2,2,286,1484,2295,15,11,16,0,0,1,2
100,1883,1,0.5,0,3,1,10,0.3,146,6,13,836,1739,2600,16,8,20,1,0,0,3
823,1593,1,1.0,0,0,1,52,0.7,130,8,0,761,1336,1354,15,13,13,1,1,1,1
1631,612,1,0.5,1,1,1,20,0.8,179,8,6,1145,1487,3282,16,2,18,1,1,1,3
1059,1925,0,3.0,1,0,1,16,0.8,175,8,11,983,1087,2173,7,3,19,1,1,0,2
681,1694,1,0.6,0,0,1,34,0.3,102,7,7,377,549,2298,17,5,2,1,1,0,2
1561,1076,0,2.3,1,0,1,14,0.7,191,5,0,1088,1718,2355,17,16,2,1,1,1,2
1687,535,0,1.9,0,5,0,24,0.2,190,8,19,398,1775,524,9,3,4,0,0,0,0
22,1949,0,2.6,1,4,0,47,0.3,199,4,7,407,822,1433,11,5,20,0,0,1,1
688,1314,0,2.9,1,8,1,41,0.1,155,4,12,113,577,626,10,4,4,1,1,1,0
179,801,1,2.2,1,2,0,63,0.4,165,7,4,650,879,1617,17,4,19,0,0,1,1
494,1225,1,2.4,0,0,0,15,0.1,155,5,0,840,982,1970,16,8,15,1,1,0,1
778,774,1,0.6,1,2,1,8,0.4,136,1,4,1713,1865,2614,7,0,14,1,1,1,2
1137,921,0,0.6,1,1,0,60,0.1,83,2,3,1211,1229,1080,10,0,6,0,0,1,0
581,1512,1,0.5,0,8,1,18,0.1,88,3,17,1079,1897,3607,12,10,6,1,1,1,3
1056,812,0,0.5,1,1,0,64,1.0,106,4,7,35,1309,3102,6,0,2,0,0,0,2
662,1695,0,0.5,1,6,1,46,0.7,200,3,9,1791,1898,446,16,13,15,1,1,1,1
669,723,0,0.5,0,0,1,3,0.2,168,4,3,920,1748,1851,15,3,16,1,0,0,1
763,1741,1,1.8,0,0,0,14,0.7,143,8,0,730,1895,3387,11,3,3,1,0,0,3
848,825,1,1.5,0,11,0,38,0.4,94,3,18,540,783,716,11,4,14,0,1,0,0
675,600,0,2.5,1,8,1,22,0.1,145,1,11,207,1162,3441,19,1,5,1,0,0,2
794,967,1,1.6,0,4,0,25,0.6,92,8,9,243,1642,3076,7,4,18,0,1,1,2
1392,1686,1,0.5,1,4,0,28,0.8,182,5,8,599,1073,780,11,10,5,0,0,0,0
1455,867,1,1.5,0,0,1,57,0.1,159,4,0,289,724,2157,8,6,18,1,0,0,1
1882,591,0,2.1,1,18,1,16,0.5,196,7,20,952,1726,704,14,5,4,1,1,1,0
948,1631,0,0.5,0,2,1,13,0.5,166,2,16,960,1735,2173,12,3,8,1,1,0,2
1923,1056,1,2.1,1,8,1,37,0.7,101,3,11,914,979,2651,15,5,3,1,1,1,2
644,1715,0,1.9,0,4,1,3,0.1,171,5,6,79,1652,514,7,4,13,1,0,0,0
706,1254,0,1.2,1,2,0,50,0.7,108,5,6,462,1013,3959,10,4,17,1,1,0,3
1676,1125,1,2.7,0,10,0,23,0.4,117,1,14,774,939,1641,14,8,12,1,1,0,1
1467,1497,1,0.9,1,4,1,10,0.1,153,8,20,98,977,3696,9,0,3,1,0,1,3
455,1747,1,0.9,0,6,1,48,0.7,94,3,19,947,1131,2362,17,2,19,1,1,0,2
1800,1358,0,1.7,0,0,0,60,0.6,147,3,1,889,1635,440,14,10,13,1,0,0,0
831,1808,1,0.5,1,1,0,31,0.5,92,2,16,714,1208,2736,9,1,8,0,0,1,3
1090,1245,1,0.6,0,2,0,30,0.7,105,5,3,330,1434,2676,17,8,7,1,0,0,2
140,1753,0,0.5,1,0,1,31,0.1,134,1,18,1590,1926,1324,17,0,17,1,0,1,2
1166,999,1,1.8,1,0,1,27,0.1,167,4,1,20,745,1344,17,10,5,1,0,0,0
342,1989,1,2.9,1,8,0,17,0.1,193,8,15,629,682,2369,7,0,18,1,1,0,2
500,1278,1,0.5,1,1,0,54,0.1,104,8,16,581,750,1155,7,1,20,0,0,1,0
1146,1923,0,1.0,1,5,1,14,0.9,154,4,6,15,525,2519,13,0,16,1,0,1,2
1618,502,0,0.8,0,7,0,52,1.0,82,6,8,281,1159,2666,5,4,20,1,1,0,2
1540,1994,1,0.7,0,5,0,5,0.4,189,2,7,86,1546,1836,12,11,18,1,0,0,2
770,1911,1,2.0,0,7,1,64,0.6,163,8,8,1795,1958,3872,9,8,11,1,1,0,3
828,1965,0,0.5,0,6,1,4,1.0,84,7,9,977,1660,3535,17,0,16,1,1,1,3
1006,919,0,0.5,1,11,0,13,0.3,159,1,15,275,570,1028,8,4,17,1,0,0,0
935,1231,0,0.7,1,2,0,7,0.9,113,1,7,43,1663,3119,9,4,15,1,1,0,3
1911,1259,0,1.2,1,0,0,13,0.5,97,2,0,1210,1989,340,17,13,4,1,0,1,0
1960,1063,0,2.0,0,0,0,27,0.2,86,6,7,201,582,2668,12,5,19,0,0,0,2
1104,989,1,1.8,1,4,1,55,0.7,124,1,12,46,1069,1737,8,5,10,1,0,1,1
1400,1325,1,0.5,0,0,1,13,1.0,133,4,8,1353,1915,3707,19,3,18,1,1,0,3
412,1478,1,0.8,1,12,0,48,0.7,99,5,17,694,882,1141,5,2,6,0,0,1,1
842,966,0,2.0,0,8,1,34,0.5,118,2,10,214,1523,3534,18,17,11,1,1,1,3
128,1957,0,0.9,1,11,0,31,0.6,181,3,16,396,1732,3801,12,0,7,1,0,1,3
1557,1211,1,1.2,0,0,0,28,0.3,130,2,3,58,963,2750,6,1,14,0,1,0,2
267,1054,0,1.1,1,10,1,38,0.4,136,6,12,1097,1222,1675,18,4,14,1,1,1,1
233,1442,0,1.0,1,0,0,27,0.1,192,3,19,231,687,2227,6,5,20,1,1,0,1
447,1349,0,2.0,1,15,0,62,0.3,114,5,16,592,772,2756,11,3,4,1,0,0,2
1506,848,1,1.5,1,4,1,36,0.3,151,4,16,56,527,2289,10,2,19,1,1,1,1
1162,865,0,1.2,1,8,0,59,0.1,159,3,9,805,1804,2361,16,11,19,1,0,1,2
1264,676,0,2.2,0,1,1,39,0.2,84,1,5,864,1011,2064,13,7,6,1,0,0,1
1284,991,0,2.0,0,2,1,12,0.3,158,5,6,1209,1678,2014,11,9,10,1,0,0,2
837,787,1,0.5,0,15,0,11,0.6,93,1,16,806,1423,2934,8,6,14,1,0,1,2
1600,1776,1,2.1,1,10,0,35,0.1,172,4,16,278,623,1813,16,13,20,1,1,1,1
1365,1318,0,1.9,1,0,1,11,0.8,188,2,15,688,1591,1780,12,10,2,1,0,0,1
322,1504,0,2.3,1,1,0,64,0.9,182,1,2,19,1923,3059,6,5,10,0,1,0,3
1143,904,1,1.2,1,10,1,31,0.8,112,3,11,657,1014,2814,13,3,19,1,0,0,2
1496,1868,1,0.5,0,2,1,40,0.9,179,8,17,576,884,298,8,2,17,1,1,0,0
453,1289,0,0.9,0,10,1,25,1.0,178,6,12,765,899,1043,6,2,11,1,1,0,0
90,1724,0,2.0,1,2,1,57,0.5,177,3,5,1605,1924,2822,19,3,16,1,1,0,3
1936,1035,1,2.7,0,1,0,40,0.2,157,5,15,757,1912,3548,14,4,5,0,1,1,3
1781,1876,0,1.3,1,9,1,64,1.0,98,3,19,600,1211,3132,17,0,2,1,1,1,3
1835,1680,1,1.2,1,6,1,37,0.7,168,4,7,679,1231,1459,15,3,2,1,1,0,1
939,1589,0,2.6,0,9,0,46,0.4,84,3,16,618,940,2373,11,9,20,1,1,0,2
1033,1632,1,1.4,0,0,0,41,0.1,132,4,1,706,1623,2614,5,4,15,1,0,0,2
27,956,0,0.5,0,1,1,41,1.0,143,7,6,511,1075,3286,17,8,12,1,1,0,3
66,1358,1,0.5,0,11,1,36,0.3,155,4,14,1565,1858,3068,9,4,4,1,1,0,3
1291,1278,1,1.2,0,10,1,60,0.6,172,7,14,1244,1504,3142,11,4,19,1,0,1,3
1507,1575,0,2.5,1,0,1,11,0.2,185,7,20,492,818,2182,7,3,17,1,1,0,2
1576,1110,0,1.5,0,2,1,12,0.3,153,8,5,961,1950,624,9,7,15,1,0,0,0
1128,1671,0,0.5,1,13,0,5,0.9,179,8,18,398,1263,815,16,6,10,1,1,1,0
1904,1494,0,1.6,0,3,1,45,0.8,158,5,4,449,790,3208,11,9,4,1,0,0,3
6,1821,0,1.7,0,4,1,10,0.8,139,8,10,381,1018,3220,13,8,18,1,0,1,3
246,862,1,0.8,1,3,0,23,0.4,165,2,15,793,1758,278,16,3,11,0,0,1,0
881,1187,0,2.3,0,0,1,21,0.2,122,6,6,215,1125,2547,10,3,5,1,1,0,2
1838,720,1,0.9,1,12,1,14,0.8,165,4,14,366,1234,1086,14,7,3,1,1,0,0
727,1590,0,0.6,1,0,0,7,0.3,122,3,17,1464,1595,1201,12,3,18,1,1,1,1
50,1547,1,3.0,1,2,1,14,0.7,198,3,19,1042,1832,2059,5,0,15,1,0,1,2
89,1309,0,1.1,1,0,0,33,0.5,100,4,14,557,1402,2334,10,1,11,1,0,1,2
122,825,1,0.5,1,7,0,52,0.9,130,3,10,597,863,3534,10,4,6,0,1,0,3
52,1654,1,1.5,1,0,1,43,0.3,109,2,0,546,629,3112,12,5,10,1,1,0,3
841,510,0,1.7,1,3,0,35,0.8,120,3,6,382,1228,2509,17,2,11,0,1,1,1
271,730,0,2.1,1,0,1,4,0.1,89,8,2,302,1247,1210,19,15,4,1,1,1,0
1527,1837,0,1.0,1,5,1,12,0.9,103,8,6,1420,1539,2294,8,7,20,1,0,1,3
1362,1991,0,2.2,1,1,1,42,0.7,82,1,13,366,613,722,6,5,10,1,1,0,0
1075,1449,0,0.8,1,3,1,10,0.2,144,1,12,1518,1883,1032,10,0,8,1,1,1,1
1896,1799,0,1.0,0,1,1,30,0.6,123,3,9,617,1386,445,10,8,10,1,1,0,0
1842,969,0,1.8,1,2,1,44,0.6,158,3,7,167,909,641,9,1,8,1,0,1,0
411,1582,0,2.8,0,2,1,44,0.5,112,6,13,1486,1797,3890,17,10,10,1,1,1,3
234,528,0,1.7,0,12,1,6,0.8,142,2,15,574,637,3256,9,8,6,1,1,0,2
552,726,0,2.9,0,0,0,43,0.1,101,8,0,666,760,1446,17,2,8,1,1,0,0
1155,1414,1,2.2,1,0,1,49,0.5,101,4,1,130,887,2290,13,0,12,1,1,0,1
1571,1253,0,0.7,0,0,1,34,0.9,113,4,10,161,647,3518,7,3,8,1,1,1,3
1841,592,0,0.8,1,1,0,52,0.9,103,7,10,332,970,1507,5,0,4,0,0,1,0
64,702,0,2.6,1,2,1,9,0.7,141,3,3,504,1570,2955,10,4,19,1,0,0,2
1733,1163,1,2.1,1,0,1,19,0.9,132,2,1,728,818,2940,13,0,15,1,0,1,2
599,1835,1,2.3,0,4,1,11,0.1,193,7,13,385,583,448,18,17,14,1,0,0,0
1381,1842,1,2.2,1,7,0,56,0.4,179,4,10,783,1227,3721,16,11,4,0,1,1,3
532,777,1,2.6,0,3,0,30,0.9,148,5,17,189,1143,3886,14,10,7,1,0,0,3
543,1590,0,1.9,1,3,1,21,1.0,160,5,18,920,963,1701,11,4,4,1,0,1,1
942,1061,1,2.1,0,3,1,52,0.1,109,7,4,138,1330,999,16,12,9,1,1,0,0
1508,1554,0,2.8,1,7,0,23,0.1,105,6,18,699,1492,2184,13,9,20,1,0,1,2
1481,1834,0,2.1,0,7,1,40,0.1,99,4,11,0,1987,3692,13,0,16,1,1,0,3
356,1828,1,2.1,1,0,0,17,0.9,199,1,1,336,898,2280,17,14,4,0,0,0,2
297,1329,1,1.0,0,1,0,52,0.9,181,6,2,1053,1458,1228,8,6,6,1,0,1,1
1285,1724,1,1.8,0,0,1,9,0.8,100,2,1,655,828,3056,18,16,6,1,0,0,3
756,545,0,0.5,0,0,1,11,0.3,131,3,1,381,1452,616,15,6,19,1,1,1,0
1681,807,1,0.5,1,0,0,37,0.2,127,4,0,245,829,2319,5,4,4,0,0,0,1
636,570,1,0.5,1,2,0,9,0.3,111,7,5,1331,1917,3663,14,10,14,0,0,0,3
1970,1913,1,1.8,0,0,0,29,0.6,111,5,4,675,742,2023,17,13,8,1,1,0,2
318,508,0,0.8,0,7,1,42,0.3,94,1,8,39,557,663,13,12,7,1,0,0,0
1693,695,0,0.5,0,18,1,12,0.6,196,2,19,1649,1829,2855,16,13,7,1,1,1,2
1358,1210,1,1.6,1,9,0,57,0.5,111,4,20,329,1039,1886,16,0,17,1,0,1,1
130,1414,0,2.0,1,2,0,54,0.8,99,7,3,262,829,3799,17,7,7,1,0,1,3
154,1547,0,2.9,1,6,0,45,0.7,166,2,8,583,590,505,12,2,3,0,1,1,0
950,1382,1,0.5,0,7,1,13,0.3,199,2,18,612,719,2073,16,7,9,1,0,1,1
316,1648,0,0.7,0,6,1,64,0.8,170,4,9,1153,1876,610,8,1,6,1,1,0,1
1203,1487,0,0.5,0,6,1,57,0.7,84,3,12,140,768,2563,18,4,14,1,0,0,2
347,667,1,0.6,0,6,1,3,0.7,185,6,13,13,1463,2855,5,0,19,1,0,1,2
1704,1934,1,2.7,0,8,1,2,0.1,118,4,16,242,1127,2190,18,1,9,1,0,1,2
1466,1045,1,1.2,1,3,1,40,0.1,175,6,7,1078,1564,2137,11,8,12,1,0,1,2
1568,729,1,2.0,0,0,0,14,0.6,135,6,2,563,1055,3397,19,15,17,1,0,1,2
646,543,1,0.5,1,4,1,60,0.7,132,5,7,693,1031,933,14,0,5,1,1,0,0
1355,1321,1,1.3,0,0,1,63,0.4,109,8,9,817,941,1464,7,6,16,1,1,1,1
1003,1402,1,0.6,1,3,0,46,0.3,87,7,12,1081,1767,347,17,0,12,1,0,1,0
1312,1142,1,1.1,0,0,1,6,0.5,198,4,0,739,1766,1273,19,0,6,1,0,0,1
325,920,0,2.1,1,5,0,25,0.4,115,7,14,209,1078,785,10,7,5,0,1,1,0
310,1414,1,1.5,1,5,0,44,0.5,180,2,6,44,1118,3490,16,12,13,0,1,0,3
1200,530,0,2.4,0,1,0,32,0.3,88,6,20,48,1012,959,17,7,6,0,1,0,0
383,864,1,3.0,1,0,1,54,0.7,187,2,1,127,1670,3121,18,2,16,1,1,1,2
30,1579,1,0.5,1,0,0,5,0.2,88,7,9,1358,1739,3532,17,11,12,0,0,1,3
1423,1333,0,1.4,0,3,1,59,0.7,183,7,5,394,1301,3442,18,16,5,1,1,0,3
1528,1028,1,2.8,0,1,1,30,0.1,193,1,10,1801,1923,1424,18,4,13,1,0,1,1
230,1488,0,0.5,0,1,0,39,0.8,112,5,6,1528,1647,3054,14,10,19,0,0,0,3
1853,1702,1,0.5,1,8,0,2,0.6,185,6,19,921,1351,435,12,9,3,0,1,1,0
202,1087,0,1.3,0,0,1,16,0.3,166,3,9,295,589,690,14,6,6,1,0,1,0
1949,757,1,0.9,1,4,0,64,0.5,157,7,5,114,819,3433,6,5,10,1,1,0,2
57,987,0,1.3,1,0,1,61,0.4,107,3,9,581,820,3963,9,4,20,1,0,1,3
226,1708,1,2.4,1,18,1,49,0.1,109,1,19,233,517,3388,6,4,16,1,1,1,3
1394,1004,0,1.6,1,0,1,30,1.0,160,8,1,62,581,1012,7,4,13,1,1,1,0
1129,1562,1,1.2,1,0,1,52,0.1,105,7,9,480,728,2829,13,10,3,1,1,1,2
960,1596,0,2.9,1,7,0,7,0.7,149,2,9,169,1190,2493,14,12,13,1,1,1,2
410,1029,1,1.9,1,5,1,5,0.2,171,5,8,264,956,582,15,7,4,1,1,1,0
397,880,1,1.7,1,0,0,33,0.7,173,2,2,30,1350,1414,12,1,7,1,1,0,0
196,1989,0,2.5,1,0,1,41,0.8,94,3,13,1100,1497,1665,17,9,12,1,1,1,2
1630,1194,0,2.3,0,6,1,34,0.2,165,2,12,494,509,313,15,1,19,1,1,0,0
425,1876,0,2.8,1,3,1,56,0.4,182,3,4,235,585,3021,12,2,18,1,0,0,2
1361,1549,1,1.5,1,0,1,27,0.4,113,5,7,632,1162,436,10,8,11,1,0,0,0
1818,837,0,2.4,1,1,0,51,0.2,104,5,15,638,1831,594,16,6,20,1,0,1,0
526,535,1,0.5,1,8,1,54,0.5,145,8,15,710,939,2674,14,8,10,1,0,0,2
1160,1159,0,2.7,0,13,1,28,0.2,80,8,18,378,751,2495,10,0,9,1,1,1,2
588,1966,1,1.4,1,2,0,40,0.9,185,8,18,1197,1987,1185,11,2,20,0,1,0,2
395,1896,0,0.5,1,8,1,7,0.4,141,2,13,447,794,3684,9,7,18,1,0,0,3
301,977,1,1.1,1,2,0,57,0.6,181,6,7,63,566,1206,7,1,8,0,1,1,0
1272,1174,0,0.7,1,1,1,25,0.8,91,2,8,1097,1461,285,19,7,3,1,0,1,0
1234,578,1,0.5,0,9,1,62,0.3,170,5,13,626,1134,2977,15,12,5,1,1,1,2
745,894,0,2.1,1,16,0,16,0.7,168,8,20,286,1300,3377,5,1,6,1,1,1,2
1611,1310,0,2.3,1,3,0,15,0.2,150,5,11,954,970,2518,18,17,5,0,1,1,2
1931,1854,0,0.9,1,0,1,33,0.4,195,1,0,665,718,1675,14,12,9,1,0,1,1
1240,1994,1,0.8,1,2,1,7,0.6,88,8,4,667,711,454,11,8,6,1,1,0,0
923,1027,1,2.2,0,0,0,63,0.8,102,5,4,152,714,1732,8,5,13,0,1,1,1
265,1992,1,1.6,0,5,1,57,1.0,100,2,15,1552,1596,606,9,3,4,1,1,1,1
946,1625,1,0.5,1,2,1,50,0.1,107,8,17,8,1219,670,16,3,8,1,0,0,0
562,1758,1,0.5,0,11,1,13,0.6,190,8,14,762,1864,1897,6,2,15,1,0,0,2
1894,1549,1,1.8,1,0,0,62,0.7,91,4,4,167,990,799,7,3,9,1,0,1,0
1451,531,1,0.5,1,0,1,12,0.5,121,4,3,158,1657,2331,18,12,20,1,0,1,1
1987,618,1,1.0,0,9,1,13,0.1,80,4,15,591,724,1424,15,12,7,1,1,0,0
1150,877,0,1.3,1,9,1,46,0.8,135,1,14,457,652,3260,14,12,6,1,0,0,2
1955,1515,1,2.1,1,4,1,24,0.9,176,5,6,747,1247,3104,6,5,20,1,0,0,3
460,1742,0,2.3,1,9,1,43,0.4,170,7,12,453,681,2610,12,3,10,1,0,1,2
1204,1524,0,2.5,1,11,1,41,1.0,96,4,20,184,740,1936,7,0,9,1,1,1,1
1524,1162,0,1.0,0,0,0,50,0.5,104,4,10,332,866,1404,10,3,15,1,1,1,1
1865,1748,1,0.5,1,11,1,53,0.5,114,4,20,718,1109,2633,16,0,9,1,0,0,2
1648,645,0,2.5,0,10,1,63,1.0,174,4,14,278,584,3615,18,8,13,1,0,1,2
791,1520,0,0.5,0,1,1,24,0.7,199,5,8,109,1909,3233,13,3,4,1,0,1,3
1367,598,1,0.8,1,8,1,62,0.1,117,8,9,118,764,3066,11,2,19,1,1,0,2
1213,1177,0,0.9,0,1,0,11,1.0,181,4,7,945,1923,1887,8,5,11,1,1,1,1
87,1083,1,2.9,1,1,1,64,0.8,178,3,11,1025,1118,3210,13,3,4,1,0,0,3
1487,761,1,0.5,0,9,0,3,0.8,196,7,15,1325,1945,2248,19,3,15,1,1,1,2
1700,742,1,0.5,0,0,1,36,0.7,139,3,1,1161,1288,292,8,0,6,1,1,1,0
882,1156,1,2.7,1,1,1,30,0.9,173,3,16,945,1913,2735,16,15,13,1,0,1,2
464,1067,1,2.4,1,3,1,40,0.6,122,8,15,494,1989,604,16,14,11,1,0,0,0
361,899,0,0.5,1,13,1,57,0.9,172,2,18,788,1331,364,11,1,7,1,1,0,0
1161,1910,0,1.4,0,0,0,29,0.6,146,7,2,333,639,2944,8,7,2,1,1,1,2
1891,1367,0,2.9,0,4,0,56,0.8,176,2,6,36,642,299,6,2,10,0,1,0,0
712,1624,0,1.6,1,8,0,28,0.4,150,2,10,689,699,2473,16,11,2,1,0,0,2
744,1782,1,2.8,1,6,1,58,0.8,157,1,13,867,999,2405,15,0,16,1,0,1,2
1696,1890,0,1.1,0,4,1,48,0.5,127,4,5,1438,1832,2392,10,4,15,1,0,1,3
1085,1741,1,0.5,0,1,1,55,0.1,140,5,3,719,755,2575,13,10,7,1,1,1,2
1363,796,0,0.5,0,2,0,12,0.5,114,1,8,174,518,1075,7,3,2,0,1,0,0
888,1578,0,2.9,0,8,0,3,0.9,200,1,20,342,670,3483,17,4,16,1,0,0,3
783,1067,0,1.8,1,11,0,14,0.2,146,1,15,965,1009,966,5,0,13,0,0,1,0
817,918,0,0.9,1,1,0,8,0.1,123,7,5,653,671,1652,17,4,14,1,1,0,1
717,1397,0,2.4,1,5,1,3,0.2,121,3,15,433,1658,1378,18,15,4,1,1,1,1
872,569,1,0.5,1,10,1,4,0.8,170,3,19,351,1159,2351,8,7,10,1,1,0,1
1939,1588,1,2.5,0,12,1,4,0.3,148,5,20,146,822,2506,5,3,11,1,0,0,2
61,799,1,2.3,0,1,1,63,0.8,144,8,6,361,975,431,15,6,6,1,1,1,0
303,1464,1,0.5,1,11,0,12,0.9,117,2,14,854,1168,3927,5,3,15,0,1,1,3
1562,1325,0,1.9,0,2,0,50,0.1,146,1,10,499,695,2328,17,10,2,1,0,0,2
907,1800,1,3.0,0,5,0,53,0.3,87,1,12,191,1108,656,14,10,18,0,0,1,0
1215,1898,0,1.8,1,3,1,56,0.2,185,7,4,444,739,2114,10,5,19,1,1,1,2
874,1332,0,0.8,1,2,0,11,0.5,187,2,4,758,1165,1285,5,0,9,1,1,0,1
1407,1617,0,1.5,0,1,1,63,0.7,111,2,10,274,1079,2754,19,10,8,1,1,1,2
1099,1697,0,0.5,0,0,1,60,0.1,90,4,0,88,1046,441,15,1,11,1,1,0,0
1522,826,1,2.4,1,14,1,57,0.6,117,2,17,1077,1183,1907,15,14,5,1,0,0,1
1244,718,0,2.8,0,10,0,59,0.8,113,6,13,1185,1387,1824,11,9,3,1,1,0,1
830,571,0,0.6,0,1,1,43,0.5,141,3,8,224,783,2587,7,5,18,1,0,0,1
893,1181,0,2.3,0,12,1,61,0.6,116,2,16,385,831,2020,6,0,18,1,1,0,1
258,564,0,1.8,1,0,1,51,0.5,168,3,1,912,1980,1074,14,8,15,1,1,0,0
1827,1692,0,2.1,0,4,1,2,0.9,106,1,17,1899,1904,3779,9,3,7,1,1,1,3
612,1836,1,2.1,1,0,1,30,0.2,184,7,15,276,1230,3072,7,3,5,1,1,0,3
704,1358,0,2.5,1,0,0,20,0.6,135,7,0,1485,1655,3406,5,1,11,0,0,1,3
1793,1299,1,2.8,1,0,0,64,0.5,83,6,6,46,908,1938,19,8,5,1,0,1,1
444,1631,0,0.9,1,2,1,3,0.1,198,7,12,177,1905,301,13,5,13,1,0,0,0
272,1053,1,0.8,1,7,1,45,0.3,103,1,12,594,1767,3086,17,6,5,1,1,1,3
1286,584,1,1.8,0,0,1,19,0.3,168,3,0,1123,1622,465,12,8,4,1,1,0,0
1641,1109,1,2.8,1,6,0,57,0.9,151,1,12,124,833,2785,15,10,16,1,0,0,2
264,1722,0,2.6,0,8,0,18,0.8,177,2,16,865,1741,3271,14,0,15,1,0,1,3
1645,1940,1,1.0,1,0,1,5,0.2,194,4,1,588,1809,820,19,18,3,1,1,1,1
1760,1936,0,1.3,0,2,0,44,0.1,139,3,3,570,1021,1400,17,7,3,0,0,1,1
1433,659,0,2.2,0,0,1,24,0.7,151,8,2,924,1877,3925,8,1,10,1,1,1,3
1325,912,0,0.7,0,3,0,47,0.9,182,3,6,724,794,1321,7,2,6,0,1,1,0
78,1199,1,2.5,1,15,1,16,0.2,116,4,20,1168,1552,3448,17,13,10,1,0,1,3
1968,1667,0,1.0,1,0,1,21,0.9,138,2,0,1211,1396,635,17,7,15,1,0,0,0
468,765,0,2.9,0,0,1,18,0.1,153,7,0,6,793,1066,11,1,16,1,1,0,0
1173,553,1,2.2,1,0,1,18,0.7,136,2,1,1287,1892,3300,12,10,20,1,0,0,3
1702,1424,1,2.9,1,0,0,20,0.6,180,5,0,181,1199,2658,15,0,19,1,0,0,2
40,1347,0,2.9,0,5,0,44,0.6,132,1,14,434,967,2484,18,2,11,1,0,1,2
1016,551,1,2.8,0,0,1,54,0.1,172,7,15,169,1916,1414,6,1,19,1,0,1,0
1414,1550,1,2.7,0,2,0,32,0.1,126,7,5,1541,1619,1571,12,3,14,0,0,0,2
1575,625,0,2.7,1,2,0,42,0.8,138,8,3,203,1771,2929,10,4,17,1,0,0,2
349,635,1,0.5,1,2,0,42,0.4,149,3,4,300,1059,2973,12,5,18,0,0,1,2
1502,1186,1,0.5,1,2,0,21,0.4,160,8,4,68,584,2361,17,8,7,1,0,0,1
589,1219,0,1.0,1,0,0,17,0.7,196,5,4,473,1022,705,11,3,6,0,1,1,0
785,915,0,1.1,0,6,0,56,0.6,187,8,17,532,1448,905,19,10,12,0,1,0,0
598,1137,0,2.2,0,6,1,3,0.9,173,5,7,1250,1285,316,15,14,17,1,0,0,0
1796,793,1,2.8,1,1,1,64,0.4,179,4,2,818,1006,2296,12,0,5,1,1,0,1
491,1889,0,2.8,0,5,1,31,1.0,132,1,10,170,1106,3672,5,1,3,1,1,1,3
1744,731,1,0.5,1,0,1,28,0.5,130,8,0,424,1032,1774,12,8,10,1,0,0,1
1269,1512,0,0.6,1,1,1,54,0.4,134,3,2,220,1838,3366,7,3,11,1,0,1,3
1209,1895,0,0.5,0,2,1,5,0.7,134,1,11,725,1335,774,15,4,6,1,1,0,1
1176,1590,0,1.5,1,12,1,14,0.5,187,4,15,1058,1109,2836,6,5,4,1,0,0,3
1512,1695,0,2.3,1,1,0,34,0.4,84,5,10,713,1742,3296,17,6,14,0,0,0,3
714,1188,1,1.4,1,0,1,9,0.6,114,2,0,1339,1558,2896,12,11,16,1,0,1,3
1510,827,1,0.6,1,9,1,35,0.2,87,6,17,23,826,2367,5,3,15,1,0,1,1
1552,1562,1,0.7,0,0,0,55,0.1,140,8,1,1032,1776,2096,15,3,3,0,0,0,2
610,1430,1,0.9,0,3,0,56,0.1,179,3,5,569,906,752,17,8,17,0,0,1,0
436,685,0,0.5,1,8,1,13,0.8,82,7,15,1091,1203,3210,15,7,2,1,1,1,3
1131,831,1,0.7,0,2,1,62,0.7,134,8,9,1482,1490,2573,16,12,18,1,0,1,2
1211,713,1,1.6,0,7,1,2,0.4,181,8,9,1211,1378,485,10,6,4,1,1,1,0
1159,504,0,2.8,1,0,0,40,0.5,178,3,0,626,1195,470,6,0,16,1,0,0,0
437,1472,0,2.8,1,1,0,36,0.5,130,6,10,1452,1744,985,12,11,7,1,1,0,1
1991,1882,0,2.0,0,11,1,44,0.8,113,8,19,4,743,3579,19,8,20,1,1,0,3
930,1558,1,2.4,0,0,1,27,0.1,146,1,1,120,1409,3598,9,2,12,1,0,1,3
1217,1451,1,0.5,0,5,1,57,0.6,181,8,12,812,1456,3038,15,7,18,1,0,1,3
1273,627,1,1.6,1,3,1,12,0.2,131,7,17,447,819,2476,17,1,10,1,0,0,1
1110,745,1,0.6,1,5,0,35,0.8,102,8,10,89,1538,2459,14,1,16,1,1,0,1
1553,891,0,1.9,1,1,1,18,0.1,153,6,3,40,1435,1303,17,16,4,1,1,1,0
806,1511,0,2.5,1,3,0,21,0.2,114,3,18,1455,1982,3746,10,0,5,1,0,0,3
198,609,0,0.5,0,3,0,26,0.3,93,4,4,938,1948,1866,11,10,14,1,1,1,1
1483,565,0,0.6,1,1,0,50,0.1,158,2,8,543,703,2156,13,6,6,1,1,1,1
1412,951,0,0.5,0,6,1,15,0.6,81,2,17,854,935,1083,16,11,16,1,1,0,0
1356,1021,0,1.3,0,7,0,9,0.7,192,2,12,901,1793,1355,6,1,14,1,1,0,1
1604,1179,1,0.8,0,1,0,5,0.9,154,5,17,913,1429,543,8,7,18,0,0,1,0
1195,1009,1,2.8,1,7,1,2,0.6,115,7,15,267,1841,2286,19,8,13,1,0,0,2
206,1642,0,0.5,1,16,1,8,0.3,171,6,17,129,873,2984,13,4,17,1,0,1,2
456,1172,1,2.1,1,4,0,41,0.1,95,3,7,1314,1884,1107,7,3,5,0,0,0,1
114,1804,0,0.5,0,9,1,22,0.6,153,7,19,1158,1244,3472,9,1,20,1,0,1,3
564,574,0,2.8,1,16,0,38,0.1,90,6,17,286,1171,3269,8,7,10,0,1,0,2
1282,609,1,0.5,0,4,1,10,0.1,81,6,6,113,1524,1905,16,3,18,1,1,1,1
1716,869,0,1.9,0,0,0,2,0.6,197,7,3,519,533,3249,19,0,12,0,0,1,2
167,1126,1,2.4,0,2,1,10,0.4,160,6,3,1223,1611,2050,7,6,12,1,1,1,2
887,1059,0,0.5,1,0,0,50,0.7,182,8,1,519,1545,619,5,3,18,0,1,1,0
1724,1010,1,2.0,1,2,1,8,0.9,139,5,3,547,957,2625,15,11,12,1,1,0,2
524,825,0,0.5,1,0,1,23,0.1,86,2,0,206,1917,3278,8,6,2,1,0,1,3
307,1751,0,0.5,1,6,0,8,0.6,178,6,20,170,564,2969,8,6,17,0,0,1,2
1019,1986,0,2.7,1,3,1,64,0.2,162,4,20,236,1520,1377,5,3,15,1,1,1,1
1730,1607,0,1.1,1,6,1,20,1.0,192,2,8,776,1005,885,11,1,14,1,1,0,0
865,642,0,2.8,0,3,0,34,0.8,197,2,15,331,1011,3355,12,5,13,0,0,0,2
1590,1640,0,0.5,1,1,1,36,0.9,87,8,11,664,1806,3235,6,1,10,1,0,1,3
83,1008,0,0.8,0,11,0,61,1.0,114,3,15,1077,1122,2009,10,3,11,1,0,0,1
1723,1002,0,2.6,1,7,0,27,0.1,146,1,10,115,1111,1295,18,15,17,1,0,1,0
368,1864,0,1.4,0,8,1,46,0.7,178,1,12,168,981,2686,11,7,18,1,1,1,2
901,783,1,1.7,1,9,1,27,0.3,150,6,11,458,1263,1185,15,4,6,1,1,1,0
638,955,0,0.5,1,4,0,43,0.9,143,5,8,1248,1511,1432,12,9,9,1,1,1,1
108,1135,1,2.0,1,0,0,46,0.3,83,1,4,293,1846,3029,19,17,9,1,1,1,3
1763,994,0,1.2,1,4,0,40,0.9,164,2,17,296,839,3104,17,7,11,0,0,0,2
1671,1146,0,3.0,0,5,1,57,0.4,111,5,10,73,583,291,19,9,11,1,1,1,0
380,1874,1,2.7,1,10,0,8,0.9,166,7,13,964,1233,1246,8,1,2,0,0,1,1
1498,881,0,1.0,0,1,0,64,0.5,160,3,6,115,636,2110,18,9,6,1,1,1,1
1717,1337,1,2.7,1,0,0,5,0.7,200,4,1,161,1029,3242,10,1,20,0,1,0,2
286,612,1,1.9,1,6,0,16,0.3,102,7,7,1360,1891,3161,8,4,3,0,0,0,3
1962,635,1,0.5,0,9,0,16,1.0,110,7,17,599,1299,2452,19,17,8,1,0,0,2
1419,820,0,0.5,1,2,0,58,0.3,160,4,4,468,694,1284,17,7,17,0,0,1,0
1124,680,1,2.1,1,9,1,9,0.1,131,3,11,1428,1500,2438,14,2,17,1,0,0,2
661,1897,0,3.0,0,1,1,21,0.5,192,8,2,1311,1935,273,17,6,3,1,1,1,0
1815,1766,1,0.5,1,1,0,16,0.6,141,5,7,125,1227,3314,9,7,17,0,0,1,3
348,869,1,1.0,0,7,1,57,0.6,118,1,15,1243,1584,2727,13,3,8,1,0,0,2
1505,852,0,1.8,1,5,1,8,0.8,160,5,9,683,1349,315,7,6,20,1,0,0,0
370,1108,1,2.9,0,10,0,52,0.1,183,2,12,130,1706,3264,16,1,13,0,1,1,3
1711,916,1,0.5,0,0,1,47,0.2,82,4,1,1147,1393,1659,11,10,11,1,1,0,1
1635,1843,0,2.8,0,1,1,62,0.8,104,3,7,21,832,3899,5,4,6,1,0,1,3
1614,1001,0,2.8,1,1,0,40,0.2,117,3,7,922,1836,3654,13,9,10,1,1,1,3
502,1661,1,0.8,1,1,1,6,1.0,109,7,2,594,1337,864,9,8,2,1,0,1,1
1643,1713,1,2.0,0,9,1,5,0.7,199,6,16,108,1963,1513,15,6,2,1,0,1,1
1257,1449,1,0.5,1,0,0,52,0.6,105,6,0,211,947,2036,5,1,10,0,1,0,1
346,576,1,2.8,0,2,1,10,0.2,184,5,7,513,1438,2938,6,0,5,1,1,1,2
1861,1189,1,1.9,0,5,0,7,0.5,164,2,20,79,615,841,13,10,11,0,1,0,0
1341,1423,0,0.6,0,12,0,44,0.8,131,5,13,501,640,2253,10,8,9,0,0,0,1
722,1156,0,0.5,0,6,0,61,0.1,89,7,9,1214,1262,1796,16,6,13,0,1,1,1
1855,856,1,1.1,1,14,1,19,0.7,125,6,19,1057,1931,650,17,0,10,1,0,1,0
608,1975,1,1.5,0,6,1,16,0.9,128,8,11,80,655,2998,5,4,13,1,1,0,2
249,1617,1,1.3,1,3,1,30,0.7,105,2,4,246,1038,829,9,0,10,1,0,0,0
715,817,0,1.3,0,0,0,11,0.5,144,3,11,722,766,2039,11,6,19,0,1,0,1
958,1008,0,2.5,0,3,0,36,1.0,109,1,14,825,1972,1083,6,4,6,0,0,0,1
702,535,0,1.5,0,1,1,48,0.7,113,1,4,290,811,740,11,10,18,1,1,0,0
1378,826,0,0.5,1,0,1,57,0.5,135,2,0,354,530,323,17,3,7,1,0,1,0
1804,1702,1,2.3,1,12,1,47,0.6,107,2,19,1284,1643,595,10,0,19,1,0,1,1
949,1584,1,1.3,0,6,0,41,0.6,135,4,15,160,1291,1561,10,5,17,0,0,1,1
288,1191,0,1.3,1,16,1,26,0.8,84,1,20,681,683,1604,14,3,9,1,0,1,1
319,1097,0,2.1,1,6,0,64,0.2,161,3,8,419,1914,1725,14,5,9,1,0,1,1
779,819,1,2.5,1,0,1,11,0.2,83,8,1,438,822,1094,10,5,15,1,0,0,0
1429,1581,1,1.0,0,9,0,41,0.4,172,4,19,693,850,1384,19,9,2,0,1,1,1
10,769,1,2.9,1,0,0,9,0.1,182,5,1,248,874,3946,5,2,7,0,0,0,3
76,1114,0,2.8,0,4,1,9,0.4,197,3,15,1040,1071,907,10,7,17,1,1,0,0
1834,616,1,2.2,0,3,1,21,0.8,150,7,4,347,513,3267,17,9,19,1,0,0,2
1791,1203,1,0.5,1,0,1,11,0.9,109,2,12,35,510,1672,17,13,19,1,1,0,0
534,1656,1,1.6,1,0,0,16,1.0,117,7,2,320,899,2856,14,3,20,1,1,1,2
1388,1924,0,0.5,0,3,1,63,0.3,111,2,10,122,686,3423,13,3,19,1,0,0,3
908,1254,0,1.7,0,0,1,45,0.4,146,3,3,1571,1956,606,7,2,2,1,1,1,1
1276,586,0,1.4,1,10,1,8,0.5,142,8,14,116,598,3178,9,7,10,1,0,1,2
1002,511,1,0.6,1,12,0,50,0.1,175,3,16,140,622,1484,9,7,8,1,0,0,0
585,739,1,2.3,1,2,1,58,0.1,88,3,4,1052,1536,475,7,6,6,1,0,1,0
492,857,1,2.0,1,3,0,17,0.2,195,7,9,157,948,3100,17,5,13,1,1,0,2
1877,1142,1,1.2,0,0,0,2,0.6,114,6,0,623,769,1747,7,0,14,0,1,0,1
366,508,0,1.6,1,0,0,9,0.4,162,6,2,1419,1920,2616,18,8,10,1,1,1,2
417,651,1,0.8,1,2,1,63,0.2,176,5,4,548,858,2244,14,9,19,1,1,0,1
616,1369,1,1.8,1,6,0,34,0.5,162,1,7,553,727,3856,18,4,18,0,1,1,3
523,1413,0,0.5,1,5,0,51,0.3,117,5,11,187,517,3383,16,5,2,0,0,0,3
1715,1969,0,0.8,1,5,1,7,0.2,85,8,20,332,764,315,16,7,7,1,1,0,0
350,609,1,3.0,0,15,1,44,0.3,117,1,16,58,1253,2581,15,11,15,1,0,1,1
1181,1271,0,1.5,1,0,0,2,0.9,161,1,1,1260,1788,892,15,13,20,0,1,0,1
1963,1906,1,1.9,1,3,0,55,0.2,113,3,4,3,629,1871,13,5,4,1,0,1,1
1755,1322,0,2.3,1,1,1,35,0.1,157,1,3,443,708,3684,15,8,6,1,0,0,3
1990,1617,1,2.4,0,8,1,36,0.8,85,1,9,743,1426,296,5,3,7,1,0,0,0
1713,1083,1,1.4,1,2,1,49,0.8,156,5,9,295,503,1338,16,8,5,1,1,1,0
870,1673,0,2.8,1,7,0,9,0.1,187,3,10,65,734,3669,9,1,10,1,0,1,3
611,1958,1,1.9,1,0,0,4,0.2,190,2,3,304,637,1409,16,5,3,0,0,0,1
1636,1561,0,0.5,1,10,1,4,0.5,134,2,13,885,1811,1783,13,12,10,1,1,0,2
1605,513,0,1.9,0,8,0,27,0.4,174,8,13,282,710,3400,16,6,13,0,1,1,2
1622,1057,1,2.7,0,3,1,41,0.1,97,4,10,397,891,2033,16,9,2,1,1,0,1
454,932,0,1.3,0,1,0,64,0.7,154,7,2,1176,1224,3817,8,7,9,1,1,1,3
700,561,1,2.1,1,7,1,2,0.1,193,3,13,1055,1294,665,10,0,4,1,1,0,0
442,902,1,0.7,0,3,0,3,0.3,134,7,9,675,1285,3411,12,11,15,0,0,1,3
12,1815,0,2.8,0,2,0,33,0.6,159,4,17,607,748,1482,18,0,2,1,0,0,1
70,1448,1,0.5,1,6,1,45,0.8,138,7,11,570,1724,3378,13,11,2,1,1,1,3
1558,769,0,0.5,1,12,1,54,0.2,112,4,19,1385,1780,941,15,8,20,1,0,1,0
1390,1726,1,1.9,0,1,1,42,0.6,106,5,3,1221,1804,1868,16,7,6,1,0,0,2
840,1973,0,1.6,1,5,1,39,0.8,152,4,6,792,1181,1993,9,0,5,1,0,0,2
1542,1908,0,0.5,0,9,1,30,1.0,111,2,19,140,1046,2944,19,17,17,1,0,1,3
1742,657,1,1.9,1,2,0,21,0.1,110,8,8,705,1905,783,6,1,11,1,1,0,0
989,559,1,0.5,0,10,0,11,0.4,82,5,14,541,823,2019,10,4,16,1,1,1,1
312,894,0,0.5,1,1,1,50,0.5,199,3,14,1285,1462,3615,13,0,6,1,0,1,3
68,1242,0,1.1,1,0,0,10,0.6,165,2,1,459,1225,1050,11,1,4,1,0,1,0
1425,1600,0,2.5,1,1,0,19,0.6,88,6,9,831,1713,1179,10,3,18,0,0,1,1
967,1807,0,2.0,1,0,1,13,0.5,155,8,0,970,974,323,9,3,3,1,1,1,0
558,723,1,1.9,0,4,0,30,0.3,102,1,7,1467,1901,2339,19,9,17,0,1,1,2
1654,1727,1,2.1,1,10,0,57,0.3,158,6,18,376,1288,512,5,2,6,0,0,0,0
1959,1884,0,1.0,1,3,0,24,0.5,149,6,4,1168,1179,1396,15,8,9,1,1,1,1
85,1412,1,2.4,0,5,0,25,0.8,96,8,17,516,1894,837,15,9,4,0,0,1,1
1779,1807,1,2.9,0,0,0,16,0.2,125,3,0,1221,1415,2921,8,5,17,0,1,0,3
555,1230,1,2.2,1,6,0,26,0.8,123,5,7,416,676,988,11,5,9,0,1,1,0
149,506,0,1.6,0,6,1,41,0.8,159,1,7,875,1025,2965,13,10,15,1,0,0,2
936,805,0,0.8,0,1,0,34,0.6,88,6,2,1262,1538,3647,18,11,9,1,0,1,3
1093,1403,1,2.5,1,3,0,62,0.9,90,4,13,217,1623,921,14,13,18,1,0,0,0
1424,1352,0,2.4,0,5,1,6,0.9,92,6,9,629,1299,1309,12,1,14,1,0,0,1
527,1780,1,0.5,0,6,0,27,0.1,190,4,11,1331,1463,2776,19,17,14,1,1,1,3
1055,1720,1,0.7,1,0,0,19,0.1,137,2,3,409,646,1222,13,2,7,0,0,0,1
1318,1275,1,0.5,1,3,1,5,0.2,152,1,9,19,501,3784,13,4,4,1,1,0,3
829,833,1,2.2,0,4,0,27,0.9,124,1,6,359,1395,2150,9,5,7,0,1,1,1
1431,1283,1,0.7,1,0,1,27,0.2,80,4,6,1135,1923,3957,17,15,6,1,0,0,3
984,1261,1,0.5,1,0,1,11,0.2,90,4,0,858,1591,348,14,9,14,1,0,1,0
183,959,1,2.6,1,15,0,20,1.0,84,4,19,561,1631,3965,16,1,6,1,0,0,3
415,755,1,2.8,0,5,1,51,0.3,186,4,12,315,990,2734,10,1,16,1,0,1,2
1734,1285,0,0.8,1,4,1,11,0.8,199,5,7,1791,1896,3966,17,15,2,1,1,1,3
693,986,1,1.5,0,1,1,23,0.8,183,8,3,471,800,2385,16,9,19,1,0,0,1
3,615,1,2.5,0,0,0,10,0.8,131,6,9,1216,1786,2769,16,8,11,1,0,0,2
1330,1766,1,1.3,0,1,0,29,0.5,194,8,20,439,1306,2316,19,2,6,0,0,1,2
826,1788,1,0.5,1,15,1,2,0.3,150,6,20,472,1073,2655,12,2,4,1,0,1,2
642,1063,1,2.5,0,0,1,31,0.9,95,6,10,295,935,961,16,6,5,1,1,0,0
843,1438,1,1.8,0,3,0,16,0.6,169,8,7,859,867,2246,14,11,15,0,0,0,2
1165,1268,1,2.9,0,9,1,42,0.9,182,6,17,360,912,931,11,5,20,1,1,0,0
1188,732,1,2.3,1,7,1,39,0.6,188,7,11,1163,1554,3681,19,3,15,1,1,1,3
1759,1020,1,0.7,1,3,1,27,0.7,128,4,4,919,1482,3204,18,1,9,1,0,1,3
171,1854,0,3.0,0,2,1,8,0.1,101,5,5,506,627,1886,17,4,20,1,1,0,1
276,1662,0,0.5,0,0,1,61,0.8,126,4,13,32,1509,3760,9,5,13,1,1,1,3
1777,843,0,1.3,1,1,0,16,0.9,119,7,4,593,732,1734,17,8,14,0,0,1,1
231,1313,1,1.8,1,4,0,9,0.4,105,1,6,416,1308,3791,11,10,6,0,1,1,3
1518,844,0,2.2,1,1,1,22,0.9,197,7,2,777,1995,3154,14,11,7,1,0,0,3
621,1944,1,0.5,0,5,1,36,0.1,197,6,18,1060,1970,584,17,14,13,1,1,0,1
268,1283,1,1.6,1,4,0,47,0.9,93,5,5,372,692,2698,9,6,17,1,1,0,2
402,1479,0,0.5,0,8,0,19,0.6,156,3,10,180,1476,3323,13,12,6,1,0,1,3
1349,1576,1,0.9,1,0,1,14,0.4,173,2,4,1213,1386,3220,17,2,6,1,1,0,3
835,1224,1,1.6,0,9,0,33,1.0,157,1,18,522,563,3796,10,5,13,1,1,0,3
699,1979,1,2.9,1,0,1,19,1.0,176,3,9,1331,1532,411,8,2,2,1,1,1,0
1847,1685,0,0.6,0,14,0,16,0.6,137,7,15,120,1429,881,6,3,17,0,1,1,0
736,503,0,2.5,0,3,0,57,0.6,185,6,11,778,1291,305,11,8,16,0,0,1,0
275,1220,0,2.9,0,3,0,62,0.5,125,4,8,403,1933,2589,19,11,15,1,1,1,2
1529,1831,1,2.2,1,4,0,55,1.0,189,8,9,1693,1790,1133,14,3,10,0,1,0,1
193,1523,1,2.4,0,5,1,57,0.2,117,2,6,247,539,3971,18,12,10,1,1,1,3
142,1537,1,2.5,0,4,1,43,0.3,137,1,5,839,1131,3685,18,17,17,1,1,1,3
