id,WindSpeed3pm,Humidity9am,Humidity3pm,Pressure9am,Pressure3pm,Cloud9am,Cloud3pm,Temp9am,Temp3pm,RainToday,RISK_MM,y
20089,28.0,91.0,68.0,1012.3,1008.5,,,25.9,30.3,No,26.6,Yes
18391,20.0,80.0,82.0,1015.9,1014.5,,,23.7,24.1,Yes,2.4,Yes
11472,20.0,62.0,57.0,1024.3,1021.1,,,19.7,23.9,No,0.0,No
14313,2.0,72.0,83.0,1018.6,1017.0,8.0,8.0,22.6,19.6,No,3.0,Yes
22771,31.0,69.0,65.0,1018.5,1016.3,6.0,7.0,23.3,23.8,No,0.0,No
19305,31.0,71.0,75.0,1021.9,1016.7,,,20.3,22.2,No,0.2,No
10479,24.0,73.0,49.0,1021.6,1015.7,1.0,1.0,17.3,20.8,No,0.0,No
13024,13.0,61.0,34.0,1021.1,1017.6,2.0,4.0,19.6,28.0,No,0.0,No
12356,11.0,50.0,28.0,1023.0,1018.6,2.0,2.0,23.2,29.1,No,0.0,No
7899,22.0,93.0,61.0,1015.5,1014.8,8.0,6.0,7.4,13.4,Yes,0.0,No
2221,9.0,83.0,53.0,1014.6,1009.9,8.0,8.0,15.2,23.1,No,3.6,Yes
24250,6.0,91.0,74.0,,,,,14.1,17.4,Yes,1.6,Yes
7585,20.0,32.0,19.0,1017.3,1016.3,0.0,0.0,18.5,24.5,No,0.0,No
2813,28.0,62.0,40.0,1008.5,1007.4,,5.0,25.2,30.9,No,0.0,No
471,6.0,75.0,32.0,1021.8,1018.0,,,15.4,28.9,No,0.0,No
23248,22.0,59.0,66.0,1031.0,1027.4,8.0,8.0,17.7,17.4,No,0.0,No
18596,24.0,79.0,76.0,1026.9,1023.5,,,17.4,18.7,No,0.0,No
23418,22.0,78.0,82.0,1012.8,1010.7,8.0,8.0,22.2,22.3,No,4.6,Yes
11540,13.0,89.0,89.0,1019.3,1016.2,8.0,8.0,17.1,17.3,Yes,5.8,Yes
10814,,61.0,44.0,,,,,14.9,20.2,No,0.2,No
18201,7.0,89.0,69.0,1031.1,1027.3,,,12.3,16.8,Yes,0.0,No
3366,,99.0,,1015.6,,,,19.6,,Yes,1.6,Yes
24763,6.0,99.0,56.0,,,,,12.3,19.8,No,0.4,No
20755,24.0,71.0,57.0,1015.6,1014.1,6.0,7.0,18.5,19.7,No,0.0,No
11049,24.0,66.0,57.0,1015.6,1014.6,2.0,3.0,21.3,23.9,Yes,0.0,No
4188,2.0,100.0,91.0,1014.9,1010.7,,,13.4,15.0,Yes,0.2,No
5029,9.0,93.0,48.0,1012.2,1008.2,,,21.1,31.1,Yes,3.2,Yes
7270,20.0,27.0,6.0,1015.4,1010.6,1.0,3.0,24.8,33.9,No,0.0,No
20534,31.0,100.0,57.0,1027.1,1025.3,,,16.7,21.4,Yes,6.8,Yes
14615,13.0,54.0,27.0,1019.0,1014.9,1.0,5.0,22.4,31.0,No,0.0,No
21018,37.0,73.0,65.0,1017.2,1016.1,7.0,4.0,23.6,24.9,No,0.0,No
15922,9.0,68.0,80.0,,,1.0,8.0,17.0,17.0,No,1.0,No
8077,17.0,54.0,25.0,1018.8,1015.4,5.0,7.0,24.8,33.2,No,0.0,No
9476,15.0,66.0,68.0,1025.6,1022.3,3.0,6.0,15.0,16.6,No,1.2,Yes
760,22.0,55.0,41.0,1013.8,1010.6,,,26.7,32.5,No,35.0,Yes
2726,20.0,86.0,91.0,1014.8,1009.8,8.0,8.0,15.1,15.7,Yes,17.0,Yes
3607,17.0,55.0,28.0,1016.9,1014.2,,,17.3,24.8,No,0.0,No
12764,19.0,73.0,34.0,1020.9,1016.2,6.0,3.0,13.0,23.2,No,0.2,No
4141,19.0,81.0,69.0,1023.8,1021.0,,,17.8,20.2,No,31.8,Yes
14522,9.0,33.0,17.0,1015.2,1011.5,,,23.5,31.2,No,0.0,No
14147,9.0,48.0,26.0,1022.1,1017.6,,1.0,21.6,28.8,No,0.0,No
12005,9.0,51.0,27.0,1026.9,1021.7,1.0,5.0,18.3,24.0,No,0.0,No
24067,9.0,99.0,44.0,,,,,19.3,26.6,No,0.0,No
19647,15.0,80.0,74.0,1016.7,1014.6,,,18.8,21.5,No,0.2,No
15412,,,,,,,,,,No,0.0,No
10920,,66.0,62.0,,,,,22.5,24.5,No,0.0,No
6118,17.0,84.0,51.0,1014.1,1012.1,5.0,,9.8,19.0,No,0.0,No
19835,7.0,90.0,86.0,1024.7,1020.9,,,22.5,22.7,No,0.0,No
20139,19.0,93.0,69.0,1021.8,1020.2,,,23.2,28.1,No,0.0,No
2904,11.0,47.0,23.0,1018.2,1015.6,,,20.1,27.7,No,0.0,No
22643,17.0,94.0,88.0,1021.3,1019.3,7.0,7.0,17.5,19.7,Yes,18.8,Yes
2687,22.0,100.0,92.0,1017.0,1012.3,8.0,6.0,10.6,11.5,Yes,21.0,Yes
24567,15.0,80.0,36.0,,,,,21.6,30.8,No,0.0,No
19869,63.0,95.0,77.0,1015.7,1017.6,,,13.5,16.8,Yes,24.4,Yes
17096,,81.0,,,,4.0,,22.0,,No,1.2,Yes
17402,,,,,,6.0,,,,No,0.0,No
2902,9.0,77.0,28.0,1013.2,1010.1,2.0,,20.7,31.0,No,0.0,No
15362,11.0,47.0,52.0,,,0.0,1.0,11.5,16.5,No,0.0,No
18049,35.0,95.0,92.0,1016.6,1016.7,,,20.9,20.0,Yes,0.0,No
1879,17.0,100.0,71.0,1025.0,1024.7,6.0,,11.3,17.4,Yes,0.0,No
21591,35.0,88.0,90.0,1012.0,1008.1,6.0,7.0,19.0,19.5,No,4.2,Yes
1994,9.0,70.0,49.0,1020.1,1017.2,5.0,7.0,8.2,15.5,No,0.0,No
15931,0.0,79.0,46.0,,,0.0,0.0,14.4,22.0,No,0.0,No
4570,17.0,84.0,43.0,1013.5,1010.2,,,6.1,15.9,,0.0,No
18484,17.0,44.0,40.0,1015.8,1017.5,,,13.4,15.7,No,0.0,No
20545,13.0,78.0,56.0,1022.0,1019.0,,,18.5,22.5,No,0.2,No
4247,13.0,72.0,40.0,1022.9,1019.5,,,9.4,15.2,No,0.0,No
5688,30.0,52.0,48.0,998.5,997.9,,,16.4,16.6,No,0.0,No
9223,15.0,71.0,75.0,1015.3,1011.7,3.0,6.0,22.8,23.4,No,2.8,Yes
12599,19.0,36.0,15.0,1011.7,1009.7,1.0,6.0,20.2,27.6,No,0.0,No
7932,19.0,30.0,13.0,1025.1,1021.8,0.0,1.0,14.9,20.6,No,0.0,No
15264,9.0,68.0,46.0,,,1.0,3.0,13.8,20.3,No,0.0,No
14826,11.0,69.0,62.0,,,5.0,3.0,23.6,27.6,No,0.0,No
13586,4.0,42.0,11.0,1021.6,1017.1,1.0,1.0,23.2,33.0,No,0.0,No
10595,44.0,61.0,61.0,1021.1,1014.8,6.0,1.0,21.8,23.9,No,0.0,No
8190,13.0,84.0,65.0,1022.1,1022.9,1.0,7.0,9.4,13.0,No,0.0,No
15775,,98.0,,,,8.0,,16.5,,Yes,35.0,Yes
4040,15.0,76.0,63.0,1015.7,1016.2,,,18.3,19.8,Yes,0.0,No
11146,24.0,60.0,54.0,1026.7,1025.9,5.0,,14.9,17.9,No,0.0,No
18476,35.0,67.0,68.0,1020.3,1020.6,,,16.6,18.0,Yes,0.6,No
17212,,76.0,,,,0.0,,23.8,,No,0.0,No
382,7.0,52.0,21.0,1018.1,1013.7,,,20.8,30.4,No,0.0,No
16757,19.0,74.0,57.0,,,7.0,7.0,19.6,23.5,No,0.0,No
10561,22.0,29.0,62.0,1009.1,1004.2,8.0,7.0,24.4,22.0,No,0.0,No
4459,4.0,82.0,57.0,1018.7,1013.9,,,18.7,24.8,No,0.0,No
24940,4.0,96.0,47.0,,,,,18.6,26.8,Yes,1.6,Yes
20934,20.0,64.0,51.0,1018.1,1017.0,2.0,1.0,19.6,20.0,No,0.0,No
22607,7.0,84.0,80.0,1019.3,1016.8,2.0,2.0,18.4,19.1,No,0.2,No
23334,31.0,63.0,53.0,1026.7,1023.9,8.0,2.0,17.1,16.8,No,0.3,No
5996,7.0,55.0,22.0,1014.5,1011.7,1.0,1.0,22.5,32.3,No,0.0,No
2276,6.0,100.0,100.0,1010.9,1009.1,8.0,8.0,12.2,12.6,Yes,22.4,Yes
7306,17.0,40.0,15.0,1016.7,1013.2,0.0,1.0,14.0,24.8,No,0.0,No
2948,9.0,81.0,59.0,1022.3,1016.9,1.0,2.0,15.8,22.8,No,9.6,Yes
22270,30.0,72.0,46.0,1013.3,1012.4,7.0,2.0,14.6,17.9,Yes,0.0,No
24612,7.0,80.0,63.0,,,,,20.1,22.8,No,0.6,No
10603,31.0,45.0,51.0,1026.2,1024.1,7.0,7.0,17.5,22.0,No,0.0,No
15512,15.0,71.0,28.0,,,4.0,6.0,23.5,36.5,No,0.0,No
24382,4.0,99.0,70.0,,,,,14.9,19.3,No,0.2,No
13167,30.0,46.0,25.0,1018.8,1016.6,0.0,4.0,10.3,16.0,No,0.0,No
4146,6.0,100.0,92.0,1014.5,1011.2,,,15.6,19.3,Yes,1.6,Yes
19831,28.0,84.0,72.0,1023.0,1021.0,,,17.9,19.7,Yes,0.0,No
16275,4.0,97.0,61.0,,,1.0,0.0,9.2,17.0,No,0.2,No
19657,19.0,62.0,62.0,1032.3,1030.6,,,16.8,18.0,Yes,0.0,No
3891,9.0,100.0,45.0,1010.9,1007.8,,,9.9,15.5,Yes,0.0,No
15623,0.0,72.0,49.0,,,1.0,0.0,11.5,16.2,No,0.0,No
7189,20.0,60.0,36.0,1028.4,1024.8,3.0,7.0,9.6,19.0,No,0.0,No
20739,26.0,68.0,55.0,1017.2,1016.2,5.0,2.0,18.3,19.2,Yes,0.0,No
3693,20.0,46.0,34.0,1009.8,1008.5,,,19.2,25.5,No,0.0,No
22852,24.0,84.0,72.0,1014.2,1010.5,7.0,3.0,19.2,22.7,Yes,6.4,Yes
6959,11.0,77.0,63.0,1015.2,1015.0,7.0,8.0,16.6,18.2,Yes,9.4,Yes
15189,6.0,81.0,85.0,,,8.0,8.0,19.5,19.9,Yes,5.0,Yes
4858,6.0,100.0,55.0,1012.5,1009.0,,,12.5,19.9,Yes,0.0,No
22917,43.0,58.0,63.0,1012.1,1011.1,2.0,2.0,17.6,18.8,Yes,0.0,No
7912,6.0,55.0,24.0,1021.7,1017.1,0.0,1.0,15.9,22.5,No,0.0,No
11255,17.0,77.0,79.0,1036.3,1034.0,8.0,8.0,18.0,19.5,No,2.6,Yes
24332,20.0,75.0,29.0,,,,,23.1,37.3,No,0.0,No
15630,,85.0,,,,0.0,,11.0,,No,0.0,No
944,22.0,84.0,50.0,1012.0,1012.3,,,7.4,16.7,Yes,0.0,No
17493,,70.0,,,,6.0,,23.8,,No,0.2,No
17683,,84.0,,,,6.0,,15.0,,Yes,0.6,No
5701,19.0,58.0,45.0,1021.7,1021.6,,,13.8,18.9,No,0.0,No
22569,24.0,59.0,54.0,1025.8,1023.8,3.0,4.0,15.6,15.8,Yes,0.6,No
12020,20.0,94.0,82.0,1013.7,1010.7,8.0,7.0,13.6,15.4,Yes,7.4,Yes
14288,9.0,49.0,23.0,1020.2,1015.7,,,23.9,32.5,No,0.0,No
16791,4.0,63.0,67.0,,,6.0,7.0,25.8,27.2,Yes,0.2,No
6861,7.0,46.0,26.0,1024.4,1020.3,2.0,7.0,14.3,20.3,No,0.0,No
13553,9.0,41.0,17.0,1011.1,1007.8,6.0,5.0,23.7,31.5,No,0.0,No
941,13.0,95.0,76.0,1011.9,1009.5,7.0,,7.6,9.7,Yes,1.2,Yes
5830,9.0,94.0,61.0,1017.5,1016.1,,,18.7,22.4,No,0.0,No
14258,11.0,49.0,19.0,1016.8,1013.1,1.0,3.0,26.3,34.6,No,0.0,No
16148,19.0,72.0,55.0,,,6.0,0.0,25.5,31.0,No,0.0,No
19993,31.0,61.0,68.0,1034.2,1029.8,,,19.5,22.1,No,0.0,No
619,19.0,86.0,68.0,1018.7,1017.8,8.0,3.0,7.0,12.0,No,0.2,No
6509,13.0,85.0,41.0,1032.8,1030.6,0.0,1.0,6.6,17.1,No,0.0,No
14506,13.0,70.0,37.0,1009.4,1007.1,,2.0,22.8,29.9,Yes,0.0,No
23273,26.0,83.0,66.0,1010.3,1008.8,6.0,2.0,17.6,18.3,Yes,3.0,Yes
17918,26.0,68.0,63.0,1027.6,1023.1,,,15.4,16.8,No,0.0,No
8078,13.0,56.0,25.0,1018.7,1015.7,1.0,3.0,25.0,33.4,No,0.0,No
13498,28.0,93.0,89.0,1014.2,1008.2,8.0,8.0,16.0,17.5,No,23.6,Yes
7703,9.0,20.0,17.0,1009.9,1007.2,3.0,6.0,30.9,37.4,No,0.0,No
18510,20.0,62.0,62.0,1016.1,1016.5,,,12.6,14.9,No,9.4,Yes
11576,28.0,44.0,38.0,1018.3,1015.6,,,13.6,16.6,No,0.0,No
12878,19.0,61.0,52.0,1017.3,1014.4,6.0,7.0,20.5,25.6,No,0.0,No
16944,4.0,99.0,65.0,,,6.0,6.0,15.1,18.5,Yes,0.2,No
24608,9.0,74.0,47.0,,,,,18.3,23.6,No,0.0,No
2851,9.0,57.0,20.0,1010.6,1007.5,,,22.4,32.8,No,0.0,No
10833,,58.0,40.0,,,,,16.6,20.2,No,0.0,No
22096,11.0,85.0,57.0,1015.3,1012.6,7.0,5.0,20.9,23.2,No,0.0,No
2043,30.0,81.0,52.0,1005.5,1006.8,4.0,5.0,16.1,20.9,No,1.0,No
17186,,69.0,,,,1.0,,22.0,,Yes,0.0,No
2069,15.0,58.0,21.0,1013.0,1010.1,,2.0,20.1,32.7,No,0.6,No
24424,15.0,86.0,98.0,,,,,14.3,13.0,Yes,6.0,Yes
21098,24.0,93.0,90.0,1018.6,1015.4,8.0,8.0,20.5,21.3,Yes,32.0,Yes
12885,24.0,34.0,19.0,1010.5,1008.5,0.0,1.0,23.1,29.5,No,0.0,No
22902,13.0,93.0,75.0,1013.1,1008.0,8.0,2.0,16.9,18.6,Yes,8.0,Yes
2953,9.0,100.0,64.0,1023.2,1020.7,8.0,8.0,10.0,19.0,No,0.0,No
4416,7.0,70.0,39.0,1024.4,1022.3,,,16.2,24.2,No,0.0,No
24961,7.0,75.0,35.0,,,,,24.0,34.3,No,0.0,No
2252,9.0,99.0,65.0,1033.3,1030.6,,1.0,3.5,13.3,No,0.0,No
9948,39.0,67.0,66.0,1017.5,1013.8,1.0,1.0,25.4,25.6,No,0.0,No
5142,9.0,68.0,31.0,1023.5,1021.3,,,14.5,24.1,No,0.0,No
24887,15.0,98.0,23.0,,,,,13.6,29.7,No,0.0,No
21048,28.0,71.0,65.0,1015.2,1014.0,5.0,3.0,22.3,23.9,No,3.6,Yes
20071,28.0,87.0,92.0,1009.9,1005.9,,,21.7,22.0,No,6.8,Yes
19357,17.0,80.0,69.0,1009.8,1005.3,,,22.2,24.0,No,0.0,No
11262,22.0,89.0,67.0,1026.7,1024.5,6.0,,19.9,23.7,Yes,0.0,No
22709,13.0,95.0,95.0,1014.0,1013.7,8.0,8.0,20.5,20.4,Yes,32.6,Yes
20244,30.0,73.0,69.0,1018.5,1015.1,,,16.1,19.1,No,4.6,Yes
24113,26.0,99.0,45.0,,,,,9.2,14.1,No,0.0,No
4153,15.0,65.0,62.0,1021.6,1022.4,,,16.2,16.6,No,0.0,No
11287,17.0,67.0,61.0,1016.5,1014.3,,,20.6,23.6,No,0.0,No
5024,15.0,62.0,33.0,1019.5,1013.4,,,21.5,30.4,No,0.0,No
20956,19.0,48.0,45.0,1019.8,1018.4,2.0,1.0,21.3,22.6,No,0.0,No
13132,9.0,94.0,84.0,1018.0,1016.1,8.0,8.0,13.5,14.2,Yes,0.2,No
15749,9.0,66.0,56.0,,,5.0,5.0,19.8,24.0,No,0.0,No
9939,28.0,46.0,62.0,1012.6,1011.8,3.0,7.0,28.7,25.6,No,0.0,No
1720,30.0,47.0,15.0,1013.9,1009.3,,,25.8,34.8,No,0.0,No
23761,7.0,95.0,78.0,,,,,13.6,15.6,Yes,0.4,No
11058,13.0,81.0,91.0,1015.4,1015.5,8.0,8.0,24.1,22.0,No,0.4,No
2530,19.0,51.0,19.0,1015.8,1014.7,,,21.5,29.9,No,0.0,No
15122,19.0,54.0,53.0,,,,5.0,26.2,31.0,No,0.0,No
19607,19.0,73.0,73.0,1020.7,1017.4,,,15.9,18.1,No,0.0,No
22486,11.0,71.0,78.0,1024.3,1021.8,2.0,7.0,19.0,17.4,No,14.8,Yes
18737,15.0,84.0,79.0,1018.4,1015.8,,,20.6,23.8,No,4.0,Yes
21094,20.0,71.0,58.0,1024.0,1021.8,6.0,7.0,19.6,21.3,No,0.4,No
6911,13.0,48.0,24.0,1022.1,1018.7,1.0,1.0,14.8,21.8,No,0.0,No
17912,15.0,56.0,58.0,1014.1,1011.7,,,15.4,17.4,No,0.0,No
1192,2.0,100.0,62.0,1017.3,1014.7,8.0,1.0,15.7,21.9,Yes,0.0,No
3500,9.0,89.0,94.0,1019.8,1017.3,,,15.1,15.1,Yes,5.2,Yes
20516,31.0,100.0,91.0,1012.1,1008.9,,,23.1,25.4,Yes,9.0,Yes
15094,2.0,76.0,58.0,,,4.0,1.0,23.5,29.5,No,2.0,Yes
20895,22.0,55.0,49.0,1016.9,1015.7,3.0,3.0,16.8,16.6,Yes,0.0,No
16581,9.0,90.0,59.0,,,6.0,5.0,16.0,21.0,Yes,8.6,Yes
9041,15.0,50.0,32.0,1007.3,1003.6,1.0,1.0,21.9,27.1,No,0.0,No
1921,28.0,80.0,86.0,1011.3,1003.0,8.0,8.0,11.9,11.9,No,8.6,Yes
24101,13.0,,54.0,,,,,,20.0,,3.2,Yes
19267,19.0,46.0,48.0,1015.5,1010.6,,,19.0,19.5,No,0.0,No
19888,24.0,96.0,96.0,1030.2,1030.7,,,14.4,14.7,Yes,7.8,Yes
3033,24.0,63.0,44.0,1009.4,1006.5,,,28.2,33.3,No,0.0,No
820,13.0,92.0,95.0,1012.3,1011.9,8.0,8.0,19.8,19.6,Yes,10.2,Yes
813,22.0,77.0,45.0,1012.9,1011.6,,,13.4,21.3,No,0.0,No
22072,31.0,62.0,62.0,1019.0,1017.1,7.0,6.0,22.1,22.7,No,1.0,No
23052,28.0,71.0,71.0,1020.9,1019.8,2.0,2.0,24.6,24.3,No,0.0,No
6932,20.0,75.0,52.0,1011.4,1011.1,6.0,7.0,21.1,24.4,Yes,0.0,No
2030,17.0,87.0,61.0,1013.5,1015.7,7.0,8.0,9.6,13.9,Yes,0.2,No
7238,19.0,49.0,33.0,1023.0,1021.0,6.0,7.0,12.2,16.0,No,0.0,No
12440,28.0,78.0,48.0,1022.5,1021.1,0.0,1.0,10.1,14.8,No,0.0,No
6688,11.0,53.0,25.0,1010.8,1008.6,2.0,5.0,26.6,35.1,No,5.0,Yes
2208,9.0,59.0,34.0,1025.8,1022.1,,,15.2,22.8,No,0.0,No
5374,13.0,70.0,70.0,1015.6,1016.7,,,20.7,19.8,No,0.0,No
15536,7.0,75.0,91.0,,,6.0,7.0,24.0,21.5,No,41.8,Yes
12913,15.0,89.0,91.0,1013.8,1013.1,7.0,7.0,20.6,19.7,Yes,2.0,Yes
24109,13.0,62.0,44.0,,,,,16.4,19.9,Yes,0.0,No
10353,17.0,88.0,80.0,1013.4,1013.4,8.0,2.0,22.4,25.6,No,0.0,No
3457,24.0,76.0,34.0,1008.3,1006.7,,,20.9,26.6,No,0.0,No
16990,9.0,78.0,52.0,,,5.0,1.0,7.0,14.5,No,0.0,No
7145,17.0,75.0,57.0,1017.2,1017.3,6.0,7.0,7.4,12.0,Yes,0.0,No
21070,28.0,77.0,62.0,1022.7,1021.0,7.0,7.0,21.7,23.5,Yes,0.2,No
14864,,90.0,,,,2.0,,18.0,,No,0.0,No
12681,19.0,56.0,27.0,1021.4,1017.2,1.0,3.0,24.1,32.8,No,0.0,No
7599,26.0,29.0,14.0,1011.0,1006.7,4.0,7.0,29.0,37.1,Yes,1.4,Yes
17294,,69.0,,,,1.0,,16.6,,No,0.0,No
17283,,84.0,,,,0.0,,18.6,,Yes,0.4,No
20917,26.0,63.0,58.0,1019.7,1018.9,3.0,7.0,18.6,17.3,No,0.0,No
2913,20.0,55.0,30.0,1018.3,1018.8,,,21.3,30.0,No,0.0,No
3760,13.0,90.0,54.0,1009.6,1007.9,,,20.5,27.8,No,0.4,No
21231,20.0,71.0,65.0,1026.0,1021.9,6.0,1.0,18.8,21.3,No,0.0,No
24996,6.0,84.0,44.0,,,,,21.3,29.0,No,0.0,No
16386,9.0,73.0,59.0,,,6.0,5.0,23.4,27.7,No,0.0,No
5993,22.0,60.0,34.0,1013.5,1011.7,3.0,4.0,25.6,32.9,Yes,0.8,No
11277,24.0,71.0,58.0,1023.6,1021.2,7.0,,19.7,23.5,Yes,0.0,No
14487,30.0,76.0,92.0,1013.5,1014.6,8.0,8.0,19.7,14.8,Yes,6.8,Yes
19212,7.0,82.0,67.0,1028.2,1025.7,,,13.8,17.2,No,1.4,Yes
17260,,,,,,,,,,No,0.0,No
16231,0.0,94.0,64.0,,,8.0,8.0,14.0,20.6,No,1.6,Yes
15743,2.0,71.0,58.0,,,1.0,3.0,21.5,25.6,No,0.0,No
10536,39.0,58.0,67.0,1021.8,1015.9,6.0,0.0,20.8,21.3,No,0.0,No
8770,13.0,35.0,18.0,1011.2,1007.8,,3.0,34.9,39.7,No,0.0,No
21037,13.0,74.0,91.0,1015.9,1015.0,7.0,7.0,23.3,22.6,No,2.2,Yes
15904,,,,,,,,,,No,28.6,Yes
15759,6.0,63.0,41.0,,,4.0,4.0,24.6,32.0,No,28.6,Yes
15274,0.0,99.0,87.0,,,8.0,6.0,14.6,17.7,Yes,2.0,Yes
11060,17.0,49.0,54.0,1020.1,1018.9,,,22.2,23.9,Yes,0.0,No
15993,15.0,74.0,53.0,,,0.0,0.0,11.5,16.2,Yes,0.0,No
20512,33.0,76.0,65.0,1010.9,1007.9,,,21.7,25.5,No,0.0,No
9994,39.0,56.0,57.0,1015.9,1011.6,1.0,1.0,24.9,26.5,No,0.6,No
7907,,,,,,2.0,3.0,11.2,17.8,No,0.6,No
8729,11.0,,,1015.4,1011.8,,,20.4,29.8,Yes,0.2,No
10112,15.0,73.0,78.0,1024.6,1021.0,4.0,6.0,20.0,20.0,Yes,0.6,No
14642,13.0,72.0,47.0,1015.1,1012.1,2.0,2.0,24.8,30.6,No,0.0,No
20007,26.0,84.0,57.0,1021.2,1021.0,,,16.6,19.4,Yes,0.2,No
18121,33.0,78.0,67.0,1019.6,1018.2,,,18.7,21.4,No,0.0,No
7755,6.0,93.0,58.0,1017.2,1014.0,8.0,7.0,18.2,24.9,Yes,0.0,No
24780,6.0,63.0,42.0,,,,,12.4,16.7,No,0.2,No
15151,7.0,79.0,25.0,,,2.0,1.0,25.7,38.0,No,0.0,No
22840,28.0,65.0,79.0,1027.0,1024.0,8.0,7.0,20.4,19.8,No,1.6,Yes
12943,9.0,58.0,34.0,1016.5,1012.6,1.0,4.0,22.4,29.0,No,0.0,No
9538,30.0,45.0,30.0,1014.7,1011.2,1.0,4.0,23.0,27.4,Yes,0.0,No
12158,19.0,39.0,12.0,1019.5,1015.1,0.0,1.0,19.0,25.7,No,0.0,No
8743,15.0,,,1013.8,1012.1,1.0,,23.5,31.1,No,0.0,No
23608,13.0,79.0,34.0,,,,,23.1,33.2,Yes,0.0,No
20529,31.0,99.0,85.0,1012.2,1007.5,,,23.2,26.2,No,0.0,No
18623,59.0,88.0,67.0,1011.3,1014.6,,,13.9,15.7,Yes,18.0,Yes
19389,35.0,84.0,81.0,1014.2,1008.2,,,22.0,23.1,No,5.4,Yes
24172,9.0,99.0,42.0,,,,,7.3,18.0,No,5.4,Yes
8058,13.0,53.0,29.0,1005.8,1002.0,3.0,6.0,27.0,34.3,No,1.8,Yes
14518,13.0,40.0,15.0,1017.3,1012.0,,,24.0,33.7,No,0.0,No
922,19.0,99.0,54.0,1021.5,1020.2,1.0,5.0,3.6,15.8,No,0.0,No
87,6.0,53.0,25.0,1016.2,1012.6,,,20.0,30.8,No,0.0,No
15011,11.0,93.0,52.0,,,8.0,6.0,14.6,22.5,Yes,6.0,Yes
4307,7.0,56.0,32.0,1032.9,1028.2,,,17.3,22.4,No,0.0,No
15606,6.0,87.0,66.0,,,6.0,4.0,16.4,18.6,Yes,0.4,No
15918,28.0,52.0,46.0,,,1.0,0.0,13.2,18.6,No,0.0,No
10429,6.0,63.0,53.0,1014.9,1012.2,1.0,6.0,16.8,18.9,No,0.0,No
20613,9.0,83.0,74.0,1025.3,1024.6,,,12.2,17.3,Yes,0.0,No
19891,15.0,70.0,63.0,1031.1,1027.1,,,15.8,18.0,No,0.2,No
503,9.0,78.0,49.0,1026.5,1023.0,,,10.4,16.9,No,0.0,No
24127,11.0,88.0,88.0,,,,,13.0,14.1,No,3.2,Yes
16374,46.0,34.0,15.0,,,0.0,0.0,23.5,33.8,No,0.0,No
3703,7.0,74.0,27.0,1013.8,1009.3,,,24.4,36.7,No,0.0,No
5089,13.0,62.0,45.0,1020.5,1016.9,,,20.2,24.4,No,0.0,No
12210,20.0,48.0,30.0,1013.4,1009.0,3.0,6.0,28.6,35.1,No,0.0,No
12023,17.0,64.0,37.0,1021.9,1019.6,3.0,2.0,17.5,23.5,No,0.0,No
12220,19.0,33.0,9.0,1012.4,1008.1,0.0,3.0,30.0,40.0,No,0.0,No
24448,4.0,92.0,40.0,,,,,4.8,16.9,No,0.0,No
124,19.0,72.0,37.0,1020.4,1016.5,,,12.9,21.2,No,0.0,No
13084,24.0,70.0,45.0,1021.2,1018.4,1.0,4.0,11.0,16.8,No,0.0,No
9123,31.0,48.0,45.0,1015.5,1015.8,2.0,5.0,14.5,17.5,No,0.0,No
12319,20.0,52.0,24.0,1021.4,1017.7,0.0,4.0,22.0,29.7,No,0.0,No
17542,,74.0,,,,6.0,,24.0,,No,10.6,Yes
20213,17.0,61.0,69.0,1017.2,1014.8,,,19.2,22.9,No,0.0,No
8599,9.0,93.0,68.0,1018.9,1015.7,1.0,,15.4,21.7,Yes,0.2,No
19181,31.0,89.0,92.0,1014.6,1010.1,,,14.6,16.2,No,7.2,Yes
5554,22.0,67.0,33.0,1017.9,1013.8,,,13.3,21.9,No,0.0,No
1613,15.0,78.0,58.0,1010.9,1011.5,8.0,8.0,10.4,14.0,Yes,0.6,No
1166,13.0,85.0,46.0,1022.4,1020.5,,,10.2,19.8,No,0.0,No
12273,,70.0,44.0,1008.9,1008.0,7.0,4.0,24.0,30.4,Yes,0.0,No
2458,15.0,39.0,17.0,1014.0,1011.2,,,24.0,33.4,No,0.0,No
14821,37.0,66.0,62.0,,,7.0,5.0,22.4,23.4,No,0.0,No
9840,28.0,62.0,56.0,1025.5,1024.0,0.0,0.0,17.5,19.7,No,0.0,No
15615,15.0,94.0,73.0,,,8.0,7.0,12.0,16.4,Yes,36.4,Yes
5236,9.0,100.0,65.0,1029.7,1024.8,,,7.0,16.8,No,0.8,No
9120,13.0,65.0,46.0,1009.6,1007.2,2.0,2.0,14.4,17.1,No,0.0,No
8944,9.0,69.0,57.0,1021.2,1020.1,6.0,7.0,20.9,21.7,Yes,0.0,No
7003,15.0,26.0,15.0,1014.0,1011.1,7.0,7.0,29.9,35.8,No,0.0,No
5589,19.0,78.0,49.0,1012.4,1007.1,,,9.5,15.8,No,0.0,No
23946,15.0,74.0,39.0,,,,,21.1,30.2,No,0.0,No
1204,22.0,94.0,89.0,1021.7,1019.5,7.0,8.0,14.2,15.8,No,1.6,Yes
8023,13.0,19.0,10.0,1016.3,1012.5,0.0,0.0,23.4,30.7,No,0.0,No
14523,15.0,56.0,13.0,1015.0,1011.6,,,23.4,33.1,No,0.0,No
11492,15.0,88.0,72.0,1024.4,1020.7,,2.0,15.8,20.0,No,46.8,Yes
22118,19.0,66.0,54.0,1021.9,1019.5,6.0,7.0,18.8,20.3,No,6.0,Yes
4580,9.0,72.0,34.0,1028.9,1026.0,,,13.8,23.0,No,0.0,No
15374,0.0,94.0,85.0,,,5.0,7.0,15.8,19.0,Yes,5.6,Yes
22245,13.0,50.0,65.0,1018.7,1016.9,1.0,7.0,16.8,16.7,Yes,0.0,No
11340,13.0,69.0,87.0,1012.9,1012.5,7.0,8.0,21.3,21.0,No,4.8,Yes
3082,11.0,91.0,66.0,1018.9,1016.0,,,19.6,25.2,No,0.0,No
12165,35.0,29.0,11.0,1008.3,1004.5,1.0,0.0,21.2,27.9,No,0.0,No
24915,19.0,79.0,32.0,,,,,17.6,26.2,No,0.0,No
3271,19.0,56.0,42.0,1015.2,1010.7,,,19.1,25.9,No,1.0,No
24488,6.0,99.0,99.0,,,,,9.7,12.3,No,11.2,Yes
17002,19.0,73.0,51.0,,,1.0,0.0,11.2,15.4,Yes,0.0,No
18280,7.0,63.0,73.0,1021.9,1020.0,,,15.5,17.1,No,0.0,No
1123,11.0,69.0,42.0,1011.7,1009.2,,8.0,16.6,25.1,No,3.2,Yes
10165,9.0,78.0,44.0,1029.0,1027.4,,0.0,11.7,16.4,No,0.0,No
24575,22.0,97.0,23.0,,,,,19.6,36.3,No,0.0,No
129,11.0,59.0,42.0,1021.5,1017.7,8.0,7.0,16.4,24.3,No,8.4,Yes
8753,11.0,,,1004.6,1002.1,5.0,7.0,27.9,36.0,Yes,0.6,No
11884,11.0,44.0,22.0,1015.1,1010.6,1.0,6.0,24.2,32.9,No,0.0,No
14122,22.0,45.0,13.0,1020.5,1016.2,1.0,4.0,20.2,27.3,No,0.0,No
5948,9.0,46.0,28.0,1008.3,1004.0,1.0,5.0,23.4,33.3,No,0.0,No
16315,19.0,70.0,27.0,,,2.0,6.0,15.2,26.0,No,0.0,No
17057,,82.0,,,,0.0,,15.2,,No,0.0,No
2503,9.0,70.0,26.0,1005.2,1000.8,,,16.0,27.1,No,7.0,Yes
21045,24.0,74.0,56.0,1012.9,1012.0,7.0,7.0,20.9,24.0,No,0.0,No
13780,11.0,59.0,32.0,1024.4,1019.5,6.0,7.0,12.5,20.8,No,0.0,No
2596,15.0,88.0,44.0,1017.8,1014.4,5.0,8.0,9.7,16.1,No,0.0,No
2934,11.0,89.0,72.0,1010.4,1011.7,4.0,1.0,11.1,16.6,Yes,0.2,No
22523,26.0,71.0,60.0,1018.8,1017.8,6.0,4.0,16.2,18.4,Yes,0.2,No
2499,11.0,48.0,33.0,1015.7,1012.3,,1.0,23.3,32.0,No,19.4,Yes
2425,24.0,95.0,33.0,1012.8,1009.9,7.0,,19.0,26.4,Yes,0.0,No
17951,43.0,,49.0,,999.7,,,,26.7,,1.6,Yes
17292,,66.0,,,,1.0,,15.2,,No,0.0,No
8941,46.0,50.0,57.0,1013.9,1010.4,0.0,1.0,25.1,27.6,No,0.0,No
19418,22.0,64.0,61.0,1019.7,1019.1,,,22.8,24.5,No,0.4,No
389,15.0,61.0,74.0,1016.3,1013.9,1.0,,22.1,22.7,No,0.0,No
23718,13.0,62.0,47.0,,,,,19.7,22.9,No,0.0,No
23254,13.0,63.0,81.0,1023.2,1019.8,8.0,8.0,18.6,18.1,No,0.4,No
16525,9.0,69.0,57.0,,,1.0,3.0,23.5,27.6,No,0.0,No
8439,9.0,25.0,12.0,1011.5,1008.4,7.0,7.0,30.3,37.3,No,0.2,No
1217,6.0,84.0,52.0,1027.0,1024.1,,,7.5,17.2,No,0.0,No
19576,22.0,52.0,30.0,1015.3,1009.0,,,18.1,22.9,No,0.0,No
14767,4.0,64.0,60.0,,,8.0,8.0,19.6,22.2,No,0.0,No
9611,22.0,94.0,80.0,1014.1,1013.2,8.0,8.0,17.9,20.2,Yes,4.4,Yes
11979,15.0,58.0,36.0,1022.9,1019.0,6.0,6.0,21.2,26.6,No,0.0,No
13605,13.0,34.0,15.0,1012.1,1008.7,5.0,1.0,25.1,34.3,No,0.0,No
5820,20.0,91.0,63.0,1024.4,1022.6,,,21.6,26.3,Yes,6.2,Yes
4109,6.0,92.0,63.0,1013.0,1008.7,,,21.6,28.3,No,39.2,Yes
2053,13.0,62.0,25.0,1015.5,1013.0,2.0,2.0,15.7,24.7,No,0.0,No
954,11.0,79.0,46.0,1037.3,1034.6,,,8.9,17.4,No,0.0,No
12351,17.0,47.0,23.0,1025.6,1020.9,1.0,4.0,21.8,28.4,No,0.0,No
10401,9.0,69.0,71.0,1015.9,1013.3,2.0,7.0,20.9,21.9,Yes,0.8,No
6482,11.0,67.0,39.0,1022.6,1019.7,0.0,0.0,6.6,11.8,No,0.0,No
7618,20.0,33.0,13.0,1016.3,1013.3,3.0,0.0,16.3,22.9,No,0.0,No
21859,11.0,48.0,48.0,1024.6,1023.0,1.0,3.0,17.6,17.8,No,0.6,No
19179,11.0,82.0,75.0,1021.7,1018.7,,,16.2,18.8,No,1.0,No
9869,15.0,64.0,57.0,1023.3,1020.5,1.0,2.0,19.3,20.7,No,6.6,Yes
5268,19.0,100.0,33.0,,,,,7.9,21.0,No,0.0,No
7084,13.0,62.0,29.0,1020.5,1018.2,1.0,0.0,15.4,22.5,No,0.0,No
12156,13.0,64.0,20.0,1016.4,1013.6,1.0,3.0,14.7,24.3,No,0.0,No
5911,19.0,49.0,35.0,1018.1,1018.6,,,13.0,16.2,No,0.6,No
2829,20.0,47.0,28.0,1013.3,1012.7,,,19.5,26.8,Yes,0.0,No
1273,22.0,95.0,97.0,1020.8,1015.6,7.0,8.0,9.1,11.2,Yes,27.2,Yes
7465,7.0,97.0,82.0,1021.4,1019.6,7.0,7.0,13.5,18.1,Yes,0.8,No
19507,11.0,74.0,54.0,1023.3,1019.0,,,18.2,22.7,No,0.0,No
1699,26.0,75.0,65.0,1015.0,1011.4,8.0,8.0,14.3,17.1,Yes,0.4,No
9001,7.0,67.0,77.0,1010.3,1008.6,3.0,7.0,23.4,21.2,No,1.4,Yes
24683,2.0,100.0,70.0,,,,,21.2,29.7,Yes,18.8,Yes
22047,28.0,69.0,67.0,1013.8,1011.7,7.0,3.0,22.5,23.9,No,0.0,No
16833,28.0,95.0,68.0,,,8.0,2.0,18.8,25.0,Yes,1.0,No
11399,20.0,82.0,71.0,1021.4,1019.7,8.0,8.0,22.6,27.4,No,1.0,No
14339,24.0,87.0,51.0,1011.4,1010.4,8.0,1.0,13.3,16.8,Yes,0.0,No
7242,20.0,62.0,25.0,1018.9,1017.2,7.0,7.0,10.7,16.4,No,0.0,No
7581,9.0,32.0,17.0,1024.0,1018.7,0.0,0.0,15.9,22.2,No,0.0,No
7293,20.0,30.0,8.0,1014.4,1013.9,0.0,1.0,22.5,31.7,No,0.0,No
15259,,,,,,,,,,No,0.0,No
11135,26.0,65.0,62.0,1028.2,1027.7,,1.0,18.2,20.4,No,14.4,Yes
13148,26.0,82.0,33.0,1024.0,1020.4,1.0,1.0,7.6,16.1,No,0.0,No
8417,26.0,26.0,22.0,1012.5,1007.7,6.0,7.0,31.0,37.2,No,8.0,Yes
12264,6.0,52.0,17.0,1013.2,1010.1,0.0,0.0,19.8,30.2,No,0.0,No
17171,,73.0,,,,8.0,,23.4,,No,52.0,Yes
24352,22.0,97.0,19.0,,,,,18.3,30.6,No,0.2,No
20658,20.0,85.0,80.0,1013.6,1012.3,3.0,5.0,24.3,25.5,Yes,0.2,No
12466,17.0,93.0,93.0,1017.5,1013.6,8.0,8.0,14.6,16.2,Yes,10.8,Yes
11907,15.0,58.0,36.0,1016.2,1013.0,1.0,3.0,25.9,31.5,No,0.0,No
16192,4.0,71.0,55.0,,,1.0,2.0,18.5,23.8,No,0.0,No
12724,28.0,91.0,69.0,1013.3,1011.5,7.0,6.0,9.3,13.7,Yes,0.0,No
8157,17.0,55.0,31.0,1017.8,1015.1,1.0,0.0,17.7,24.1,No,0.0,No
2615,7.0,91.0,64.0,1027.1,1022.9,,,9.4,16.6,No,0.0,No
20240,7.0,96.0,71.0,1038.4,1035.7,,,11.7,16.9,Yes,0.0,No
22880,17.0,73.0,63.0,1026.2,1023.8,7.0,7.0,18.0,18.9,No,0.4,No
16098,19.0,38.0,48.0,,,1.0,5.0,19.0,19.5,No,0.0,No
5819,15.0,93.0,68.0,1022.4,1021.8,,,20.2,23.0,Yes,2.0,Yes
8227,31.0,77.0,59.0,1013.1,1010.9,3.0,6.0,6.4,9.2,Yes,4.8,Yes
9277,33.0,57.0,67.0,1014.1,1015.7,1.0,6.0,27.0,24.2,No,7.2,Yes
13047,13.0,78.0,46.0,1017.6,1013.5,5.0,6.0,18.9,25.3,No,0.0,No
14616,33.0,54.0,39.0,1018.1,1015.1,1.0,8.0,23.5,28.2,No,0.0,No
16661,28.0,54.0,21.0,,,0.0,0.0,14.4,23.8,No,0.0,No
12856,20.0,68.0,60.0,1020.0,1016.6,7.0,8.0,14.6,17.3,No,5.0,Yes
3919,9.0,100.0,41.0,1026.6,1022.4,,,15.6,23.6,No,0.6,No
16697,4.0,72.0,67.0,,,7.0,5.0,13.5,15.2,Yes,8.8,Yes
14381,15.0,84.0,62.0,1020.9,1019.0,5.0,8.0,11.9,17.0,No,0.2,No
7570,26.0,10.0,4.0,1010.8,1006.7,0.0,7.0,25.7,30.7,No,0.0,No
4664,26.0,60.0,77.0,1008.1,1009.5,,,19.9,17.5,No,0.0,No
18481,13.0,55.0,51.0,1010.4,1007.1,,,13.7,14.7,No,0.0,No
1651,22.0,63.0,47.0,1004.4,1005.2,,,16.9,21.5,No,0.2,No
16555,9.0,77.0,59.0,,,7.0,5.0,18.0,21.8,Yes,0.0,No
9820,17.0,64.0,49.0,1024.1,1024.2,7.0,7.0,13.8,15.2,Yes,0.0,No
24027,28.0,95.0,51.0,,,,,23.0,29.6,No,0.0,No
23213,19.0,91.0,88.0,1014.0,1013.2,8.0,8.0,20.8,21.3,Yes,0.2,No
9067,44.0,90.0,78.0,1014.4,1011.0,8.0,7.0,17.6,19.8,Yes,19.6,Yes
23507,22.0,84.0,89.0,1012.1,1009.1,8.0,7.0,23.5,23.3,No,2.0,Yes
3565,37.0,81.0,42.0,1009.4,1003.6,,,10.6,15.5,Yes,0.0,No
17428,,66.0,,,,2.0,,19.2,,No,4.0,Yes
19669,37.0,32.0,44.0,1017.6,1017.3,,,17.3,19.9,Yes,0.2,No
4004,11.0,59.0,48.0,1021.3,1020.2,,,15.4,20.0,Yes,0.2,No
1041,19.0,54.0,36.0,1018.1,1014.3,,,17.0,22.6,No,2.6,Yes
14624,13.0,48.0,30.0,1014.4,1011.0,3.0,,20.8,28.2,No,0.0,No
7381,11.0,37.0,21.0,1018.3,1016.2,1.0,2.0,15.7,25.7,No,0.0,No
20427,20.0,79.0,64.0,1007.3,1005.6,,,25.3,26.1,Yes,0.0,No
13276,28.0,37.0,15.0,999.7,996.4,5.0,2.0,29.0,38.8,No,0.0,No
2577,9.0,61.0,34.0,1027.0,1023.6,,3.0,16.2,26.8,No,0.0,No
9355,24.0,82.0,72.0,1012.9,1012.1,7.0,7.0,23.2,26.2,Yes,0.2,No
4078,20.0,84.0,64.0,1021.3,1019.7,,,20.5,23.2,Yes,0.2,No
3115,26.0,92.0,30.0,1011.6,1007.0,,,18.1,28.1,No,0.0,No
18251,9.0,48.0,34.0,1013.4,1011.1,,,15.5,19.0,,0.0,No
19696,28.0,69.0,66.0,1019.3,1015.5,,,22.9,24.7,No,0.0,No
15384,,,,,,2.0,,14.3,,No,0.0,No
2581,15.0,68.0,39.0,1021.7,1017.9,,,17.1,25.1,No,3.8,Yes
6812,9.0,79.0,42.0,1029.0,1027.4,0.0,1.0,9.8,16.6,No,0.0,No
1683,13.0,68.0,36.0,1023.8,1020.6,,,11.9,20.3,No,0.0,No
11487,13.0,50.0,39.0,1017.8,1016.6,,,15.2,19.0,No,0.0,No
20202,9.0,67.0,53.0,1019.5,1017.3,,,18.4,22.2,No,0.0,No
9431,11.0,77.0,74.0,1019.5,1015.7,7.0,7.0,18.6,18.8,No,10.0,Yes
8215,13.0,78.0,55.0,1028.3,1025.9,6.0,5.0,9.5,15.5,No,0.0,No
11080,30.0,68.0,68.0,1025.2,1021.8,,,23.9,25.9,No,0.0,No
8346,24.0,41.0,26.0,1017.2,1014.2,2.0,2.0,18.8,27.9,No,0.0,No
6849,13.0,64.0,28.0,1021.0,1018.2,7.0,4.0,12.2,22.5,No,0.8,No
3847,7.0,90.0,48.0,1026.7,1024.6,,,8.5,17.1,No,0.0,No
9812,11.0,49.0,42.0,1014.3,1010.9,0.0,1.0,14.1,16.5,No,0.0,No
273,15.0,96.0,58.0,1023.2,1021.7,8.0,1.0,9.7,12.5,Yes,0.0,No
4372,19.0,75.0,39.0,1021.1,1018.1,,,23.3,32.6,No,0.0,No
56,17.0,48.0,25.0,1017.8,1014.1,,,25.8,36.2,No,0.0,No
24475,7.0,97.0,35.0,,,,,11.0,25.6,No,0.0,No
10917,,62.0,62.0,,,,,19.5,20.9,No,0.2,No
8277,17.0,71.0,40.0,1021.1,1017.7,0.0,0.0,9.4,15.6,No,0.0,No
9816,13.0,60.0,47.0,1017.3,1012.7,0.0,0.0,10.0,17.2,No,0.0,No
14533,17.0,74.0,47.0,1012.6,1011.4,6.0,6.0,24.5,29.6,Yes,0.2,No
11975,13.0,64.0,23.0,1017.0,1013.5,1.0,2.0,20.9,30.0,No,0.0,No
24989,17.0,96.0,66.0,,,,,19.4,22.9,Yes,4.8,Yes
1515,13.0,81.0,39.0,1030.5,1025.1,,,12.6,23.1,No,0.0,No
21204,19.0,54.0,54.0,1030.7,1028.8,1.0,2.0,16.0,16.5,No,0.0,No
4226,15.0,83.0,45.0,1019.8,1017.4,,,13.5,19.3,Yes,0.2,No
16309,19.0,50.0,33.0,,,0.0,6.0,15.5,21.9,No,0.0,No
10408,15.0,64.0,55.0,1019.1,1016.1,1.0,2.0,20.6,22.7,No,0.0,No
9068,41.0,82.0,69.0,1017.3,1016.8,8.0,8.0,18.8,20.3,Yes,3.6,Yes
9331,15.0,71.0,59.0,1020.2,1018.5,2.0,1.0,24.4,26.6,Yes,0.0,No
14801,15.0,72.0,44.0,,,0.0,0.0,25.6,33.2,No,0.0,No
640,13.0,88.0,54.0,1020.2,1019.2,,8.0,8.4,15.8,Yes,0.0,No
11033,28.0,80.0,70.0,1011.3,1009.2,,,24.4,27.2,Yes,0.0,No
6127,11.0,74.0,50.0,1025.1,1023.2,3.0,3.0,9.5,16.3,No,0.0,No
14970,0.0,94.0,38.0,,,0.0,0.0,8.0,17.8,No,0.0,No
1666,15.0,83.0,45.0,1019.9,1015.2,,,11.9,23.2,No,0.0,No
20312,24.0,100.0,100.0,1012.1,1006.5,,,14.7,14.3,Yes,13.8,Yes
12238,30.0,60.0,28.0,1011.1,1006.4,6.0,7.0,25.3,33.6,No,0.0,No
9116,31.0,77.0,74.0,1023.4,1021.0,6.0,5.0,14.1,16.4,Yes,9.0,Yes
12344,26.0,48.0,34.0,1012.9,1008.8,4.0,4.0,23.8,29.3,No,0.0,No
13201,11.0,46.0,10.0,1016.5,1011.9,0.0,0.0,18.2,26.1,No,0.0,No
7906,,,,,,0.0,1.0,11.4,17.8,No,0.4,No
15082,4.0,69.0,55.0,,,2.0,1.0,21.0,26.0,No,0.0,No
12406,22.0,78.0,40.0,1023.7,1020.7,4.0,4.0,6.8,13.9,No,0.0,No
15857,,81.0,,,,2.0,,22.5,,No,3.4,Yes
464,9.0,73.0,36.0,1025.4,1022.2,,,18.9,29.7,No,0.0,No
5040,13.0,66.0,41.0,1012.2,1009.3,,,21.1,28.9,No,0.0,No
6796,15.0,88.0,36.0,1023.4,1021.5,2.0,2.0,5.2,11.1,No,0.0,No
23489,15.0,53.0,55.0,1020.1,1017.5,,,22.2,22.4,No,0.0,No
16329,0.0,67.0,54.0,,,0.0,6.0,14.6,20.5,No,0.0,No
596,6.0,80.0,67.0,1027.8,1022.3,,8.0,5.8,12.2,No,6.2,Yes
6365,24.0,86.0,88.0,1009.8,1007.2,8.0,8.0,18.9,20.8,Yes,12.8,Yes
6473,9.0,78.0,65.0,1028.2,1027.0,7.0,7.0,13.1,16.0,No,0.0,No
19378,19.0,65.0,58.0,1021.7,1020.2,,,23.1,25.2,No,0.0,No
20023,24.0,96.0,84.0,1019.9,1019.6,,,16.0,18.3,Yes,1.6,Yes
22067,19.0,58.0,60.0,1022.2,1020.9,6.0,7.0,21.1,21.3,No,0.0,No
17174,,98.0,,,,8.0,,18.8,,Yes,25.4,Yes
7927,17.0,33.0,10.0,,,5.0,7.0,19.4,26.6,No,0.0,No
3253,20.0,57.0,53.0,1025.0,1021.3,,,13.5,19.0,No,0.0,No
921,0.0,99.0,66.0,1020.4,1017.8,,,3.4,14.0,Yes,0.2,No
16462,28.0,34.0,30.0,,,1.0,0.0,27.1,27.6,No,0.0,No
16318,15.0,37.0,36.0,,,0.0,0.0,14.0,16.7,No,0.0,No
14271,7.0,50.0,23.0,1018.6,1014.1,1.0,5.0,24.9,33.4,No,0.0,No
8188,9.0,80.0,54.0,1024.1,1022.1,7.0,2.0,5.2,11.6,No,0.0,No
7029,15.0,88.0,59.0,1001.0,999.0,7.0,7.0,23.8,31.6,Yes,4.6,Yes
4476,17.0,52.0,38.0,1015.0,1012.2,,,13.9,17.9,No,0.0,No
14794,28.0,67.0,51.0,,,0.0,1.0,24.0,30.4,No,0.0,No
13110,28.0,65.0,28.0,1014.1,1011.9,6.0,7.0,15.4,20.5,No,0.0,No
20212,11.0,64.0,69.0,1021.1,1018.0,,,18.9,21.5,No,0.0,No
2032,26.0,70.0,44.0,1019.5,1018.3,,2.0,10.0,17.9,No,0.0,No
5072,15.0,51.0,20.0,1007.8,1005.2,,,23.4,34.1,No,0.0,No
18483,7.0,65.0,47.0,1012.5,1008.7,,,15.0,20.1,No,0.0,No
10791,,72.0,58.0,,,,,20.3,23.4,No,0.0,No
1457,13.0,56.0,32.0,1018.5,1015.5,5.0,,24.2,33.5,No,0.0,No
10528,20.0,41.0,38.0,1017.3,1014.5,3.0,3.0,14.9,16.9,No,0.0,No
17134,,62.0,,,,8.0,,20.0,,No,0.0,No
13700,17.0,51.0,31.0,1020.4,1016.3,7.0,7.0,22.6,28.4,No,0.0,No
23000,24.0,52.0,47.0,1029.9,1027.6,7.0,,16.5,17.9,No,0.0,No
16198,9.0,75.0,52.0,,,4.0,5.0,20.2,23.2,Yes,0.0,No
14415,,90.0,56.0,1022.1,1020.3,6.0,,13.5,15.8,Yes,0.0,No
17284,,78.0,,,,1.0,,19.5,,No,0.1,No
10837,,69.0,40.0,,,,,11.9,18.4,No,0.0,No
10890,,59.0,55.0,,,,,18.2,21.5,No,0.0,No
21500,31.0,73.0,71.0,1015.2,1011.7,2.0,2.0,17.1,18.1,Yes,3.6,Yes
12204,19.0,39.0,15.0,1010.6,1006.3,0.0,1.0,31.1,40.3,No,0.0,No
23293,17.0,54.0,52.0,1021.5,1019.2,8.0,1.0,17.6,18.1,No,0.0,No
13433,4.0,76.0,42.0,1028.7,1025.2,0.0,3.0,12.8,21.0,No,0.0,No
15004,0.0,35.0,18.0,,,0.0,1.0,17.4,25.4,No,0.2,No
13634,20.0,44.0,29.0,1016.4,1012.5,3.0,7.0,25.2,32.2,No,0.0,No
13093,30.0,78.0,65.0,1007.7,1006.4,7.0,7.0,8.6,11.6,No,0.2,No
8540,19.0,46.0,27.0,1021.3,1020.5,7.0,,16.1,18.4,No,0.0,No
17870,13.0,55.0,41.0,1008.2,1006.4,,,15.2,17.8,No,0.0,No
6828,24.0,52.0,41.0,1023.4,1019.8,8.0,7.0,10.1,13.5,No,0.0,No
8415,9.0,38.0,19.0,1016.8,1014.0,7.0,5.0,24.5,32.2,No,0.0,No
8934,20.0,70.0,71.0,1009.4,1008.8,7.0,8.0,25.8,26.4,No,7.8,Yes
1570,20.0,73.0,56.0,1011.7,1014.0,8.0,1.0,9.0,11.5,No,1.6,Yes
17709,37.0,77.0,71.0,1012.3,1008.3,,,24.5,25.6,No,2.0,Yes
787,4.0,97.0,95.0,1008.6,1007.3,5.0,8.0,22.5,22.5,Yes,51.0,Yes
3880,2.0,71.0,56.0,1027.2,1026.8,,,10.0,15.2,No,0.2,No
15370,7.0,76.0,59.0,,,3.0,1.0,11.7,17.0,No,0.0,No
8661,24.0,96.0,84.0,1010.5,1010.0,8.0,8.0,14.8,14.9,Yes,1.4,Yes
13243,13.0,50.0,27.0,1015.5,1013.0,6.0,7.0,20.6,27.2,No,0.0,No
9492,28.0,57.0,54.0,1023.3,1021.6,7.0,6.0,12.5,15.9,No,0.0,No
12743,19.0,92.0,70.0,1018.0,1014.4,7.0,7.0,11.8,16.1,No,21.6,Yes
8514,9.0,50.0,33.0,1023.7,1019.6,2.0,7.0,20.4,26.6,No,0.0,No
8263,17.0,55.0,31.0,1022.6,1018.3,6.0,5.0,13.4,18.1,No,0.0,No
19567,20.0,86.0,74.0,1024.2,1022.0,,,12.5,15.7,No,0.0,No
5928,2.0,100.0,62.0,1028.1,1024.5,,,11.2,18.8,No,0.0,No
11857,28.0,67.0,59.0,1027.9,1025.4,3.0,2.0,17.5,19.5,No,0.0,No
7355,11.0,43.0,18.0,1010.8,1007.2,1.0,6.0,29.5,37.0,No,0.0,No
13829,15.0,22.0,12.0,1022.6,1018.5,,,17.7,23.4,No,0.0,No
14918,0.0,97.0,77.0,,,8.0,7.0,15.8,19.4,Yes,0.0,No
10970,,88.0,73.0,,,,,21.4,23.4,No,5.8,Yes
17619,,99.0,,,,4.0,,16.0,,No,0.0,No
23920,13.0,80.0,44.0,,,,,20.4,25.1,Yes,1.0,No
16590,4.0,70.0,65.0,,,1.0,3.0,18.0,21.8,No,0.1,No
10433,11.0,45.0,35.0,1017.4,1014.8,0.0,,15.9,18.4,No,0.0,No
5196,7.0,76.0,63.0,1018.8,1016.8,,,15.8,18.2,No,1.6,Yes
24123,11.0,97.0,44.0,,,,,7.2,18.6,No,0.2,No
23427,19.0,74.0,69.0,1015.7,1013.8,8.0,8.0,23.0,23.2,Yes,0.0,No
10159,13.0,62.0,40.0,1022.3,1019.9,1.0,1.0,14.7,18.2,No,0.0,No
13404,19.0,79.0,56.0,1013.4,1011.2,6.0,7.0,11.6,14.5,No,0.0,No
13965,33.0,25.0,10.0,1009.1,1007.4,1.0,1.0,28.2,33.0,No,0.0,No
8057,7.0,43.0,27.0,1007.3,1003.9,3.0,7.0,29.4,34.1,No,0.0,No
8369,33.0,11.0,17.0,1008.0,1007.9,7.0,7.0,30.7,34.7,No,0.0,No
7514,15.0,62.0,41.0,1022.8,1019.3,6.0,7.0,13.8,20.9,No,3.4,Yes
9688,37.0,68.0,70.0,1015.8,1013.9,1.0,1.0,28.9,29.4,No,0.0,No
8642,22.0,97.0,97.0,1004.4,995.8,8.0,8.0,13.7,16.3,Yes,19.8,Yes
11781,6.0,75.0,90.0,1019.0,1018.1,7.0,8.0,25.9,24.2,Yes,12.8,Yes
20206,19.0,59.0,42.0,1007.9,1005.3,,,20.2,22.6,No,0.2,No
2952,15.0,79.0,58.0,1025.3,1022.6,,2.0,8.3,16.7,No,0.0,No
20640,30.0,76.0,72.0,1020.8,1018.5,7.0,7.0,22.7,23.3,No,0.0,No
18255,7.0,62.0,36.0,1013.0,1008.4,,,14.4,19.2,Yes,0.0,No
18361,20.0,76.0,78.0,1008.5,1004.1,,,21.7,21.1,,0.0,No
17648,,79.0,,,,7.0,,16.5,,Yes,0.0,No
13638,6.0,53.0,29.0,1018.3,1014.1,0.0,1.0,24.4,34.6,No,0.0,No
19187,11.0,65.0,57.0,1013.2,1012.0,,,12.0,15.8,No,18.8,Yes
19484,28.0,79.0,78.0,1018.1,1013.7,,,18.9,21.8,No,4.4,Yes
4065,7.0,97.0,100.0,1015.5,1014.2,,,15.9,18.1,Yes,8.8,Yes
12542,17.0,84.0,42.0,1018.3,1015.5,3.0,2.0,17.4,24.2,Yes,0.0,No
2286,6.0,100.0,68.0,1035.0,1032.2,7.0,5.0,6.1,11.3,No,0.2,No
12396,4.0,100.0,65.0,1019.1,1016.2,7.0,7.0,11.1,18.4,Yes,0.4,No
317,19.0,77.0,56.0,1016.0,1016.2,,4.0,8.8,14.9,Yes,0.0,No
21210,26.0,69.0,74.0,1016.5,1014.3,2.0,3.0,17.5,19.3,No,3.8,Yes
18527,22.0,62.0,66.0,1027.7,1027.1,,,13.0,17.0,No,0.0,No
21375,24.0,99.0,89.0,1006.1,1006.8,8.0,6.0,21.6,23.1,Yes,0.4,No
22863,24.0,55.0,53.0,1024.7,1023.9,2.0,2.0,18.7,19.4,No,0.0,No
24255,9.0,78.0,49.0,,,,,20.9,26.9,Yes,0.2,No
14597,13.0,50.0,21.0,1016.5,1011.6,,1.0,27.7,36.6,No,0.0,No
8768,19.0,36.0,12.0,1013.3,1010.9,,,22.8,33.7,No,0.0,No
14160,22.0,56.0,31.0,1012.8,1010.1,,3.0,24.3,30.8,No,0.0,No
14829,0.0,78.0,57.0,,,1.0,4.0,17.4,22.6,No,0.0,No
21550,37.0,85.0,87.0,1026.5,1026.2,8.0,8.0,16.5,16.3,Yes,51.8,Yes
5060,6.0,73.0,49.0,1015.8,1011.6,,,25.3,28.9,No,14.2,Yes
17318,,62.0,,,,6.0,,13.2,,Yes,0.0,No
13949,13.0,52.0,29.0,1020.4,1016.4,1.0,4.0,24.8,31.7,No,0.0,No
17966,7.0,85.0,70.0,1024.9,1020.0,,,15.8,16.6,Yes,0.8,No
15510,7.0,62.0,38.0,,,1.0,1.0,24.6,28.8,No,0.0,No
20116,26.0,74.0,63.0,1016.5,1013.3,,,23.7,27.3,No,0.0,No
11922,11.0,53.0,22.0,1010.5,1007.6,1.0,7.0,23.0,32.1,No,0.0,No
21249,20.0,54.0,45.0,1024.5,1022.2,7.0,2.0,16.3,17.8,No,0.0,No
24627,20.0,63.0,52.0,,,,,22.1,27.9,No,2.2,Yes
2879,15.0,62.0,29.0,1016.4,1010.8,,,26.8,38.2,No,0.0,No
15803,9.0,73.0,61.0,,,7.0,6.0,20.5,24.0,No,0.0,No
5258,6.0,100.0,78.0,,,,,7.8,15.0,No,1.4,Yes
18577,22.0,86.0,94.0,1018.0,1014.3,,,16.2,14.8,No,8.6,Yes
18877,13.0,76.0,88.0,1020.1,1018.6,,,16.7,16.0,Yes,1.6,Yes
11664,31.0,60.0,65.0,1018.7,1015.7,,,24.0,24.9,No,0.0,No
4287,13.0,76.0,41.0,1023.3,1014.9,,,14.6,24.2,No,0.0,No
16902,0.0,91.0,90.0,,,8.0,8.0,19.4,20.5,No,31.4,Yes
5333,13.0,50.0,14.0,,,,,21.3,36.9,No,0.0,No
11097,22.0,82.0,71.0,1012.2,1010.8,8.0,,20.2,23.4,Yes,0.2,No
7339,20.0,32.0,17.0,1017.0,1012.8,0.0,0.0,30.4,38.6,No,0.0,No
10388,22.0,80.0,55.0,1018.3,1017.4,2.0,6.0,21.0,25.3,No,15.8,Yes
9917,15.0,60.0,48.0,1031.2,1028.6,3.0,2.0,18.5,20.9,No,0.0,No
5664,7.0,89.0,46.0,1030.2,1025.7,,,14.2,22.8,No,0.0,No
21847,39.0,95.0,97.0,998.8,998.9,7.0,8.0,17.5,16.8,Yes,27.4,Yes
15501,11.0,67.0,57.0,,,2.0,4.0,25.6,28.5,No,0.0,No
20247,20.0,85.0,64.0,999.6,995.8,,,16.0,16.3,Yes,0.6,No
9986,41.0,73.0,62.0,1005.3,1004.6,5.0,3.0,24.1,25.7,No,1.0,No
8585,11.0,84.0,73.0,1020.4,1018.8,7.0,4.0,9.8,13.2,No,0.0,No
5286,9.0,75.0,49.0,,,,,10.6,17.0,No,0.0,No
22040,28.0,73.0,69.0,1018.3,1017.4,5.0,6.0,23.7,24.4,No,0.0,No
17352,,94.0,,,,2.0,,10.9,,No,0.0,No
24854,6.0,79.0,36.0,,,,,8.9,18.5,No,0.0,No
4671,9.0,68.0,37.0,1022.6,1018.7,,,18.7,24.9,No,0.0,No
8130,24.0,93.0,37.0,1007.3,1002.2,7.0,6.0,16.5,25.7,Yes,0.0,No
22191,15.0,63.0,61.0,1024.4,1021.9,7.0,7.0,16.5,18.0,No,0.0,No
21990,22.0,63.0,49.0,1020.7,1019.8,7.0,5.0,17.8,18.6,No,0.0,No
4180,9.0,50.0,50.0,1014.6,1013.1,,,12.3,14.9,No,0.0,No
18130,11.0,69.0,43.0,1009.0,1006.1,,,23.8,27.4,No,0.0,No
4220,15.0,63.0,57.0,1031.8,1030.7,,,11.0,14.8,No,1.2,Yes
13607,20.0,56.0,31.0,1019.4,1016.6,7.0,7.0,22.1,29.4,No,0.0,No
7936,17.0,52.0,93.0,1018.4,1014.9,7.0,7.0,20.1,16.5,No,13.6,Yes
15400,15.0,70.0,23.0,,,2.0,2.0,21.2,27.0,No,0.0,No
13726,11.0,58.0,30.0,1024.2,1020.9,0.0,2.0,17.5,25.4,No,0.0,No
2156,20.0,66.0,27.0,1014.1,1012.4,,8.0,25.2,32.6,No,0.0,No
12358,22.0,60.0,27.0,1019.3,1013.9,4.0,4.0,23.7,29.6,No,0.0,No
1846,9.0,78.0,48.0,1023.2,1018.8,,5.0,16.6,23.7,No,5.0,Yes
10428,9.0,81.0,72.0,1013.4,1010.3,7.0,7.0,18.1,20.5,No,0.4,No
21504,35.0,70.0,70.0,1013.0,1010.5,1.0,2.0,18.5,19.8,No,1.0,No
14275,7.0,58.0,23.0,1020.0,1016.2,1.0,2.0,22.2,31.2,No,0.0,No
8639,20.0,59.0,50.0,1022.0,1018.5,4.0,8.0,14.4,20.6,No,23.6,Yes
3047,26.0,65.0,36.0,1011.2,1006.8,,,26.6,37.1,No,0.8,No
10329,17.0,66.0,60.0,1020.3,1019.7,6.0,2.0,25.7,26.8,No,1.2,Yes
5151,9.0,84.0,87.0,1008.1,1006.1,,,17.9,18.3,No,3.2,Yes
1302,15.0,87.0,54.0,1022.9,1016.5,1.0,,6.1,15.9,No,11.2,Yes
16461,15.0,79.0,53.0,,,7.0,3.0,23.8,30.5,No,0.0,No
21278,20.0,68.0,66.0,1023.5,1021.5,7.0,8.0,17.6,17.7,No,4.6,Yes
16615,28.0,70.0,64.0,,,2.0,7.0,12.4,16.0,No,0.0,No
14114,9.0,57.0,27.0,1021.2,1016.8,1.0,6.0,18.5,24.7,No,0.0,No
15656,6.0,91.0,96.0,,,7.0,8.0,13.4,12.5,Yes,33.9,Yes
6168,11.0,36.0,24.0,1029.4,1025.8,0.0,0.0,13.4,18.4,No,0.0,No
11503,13.0,91.0,72.0,1035.6,1032.3,8.0,,14.5,19.4,Yes,0.1,No
12318,7.0,46.0,26.0,1023.9,1019.0,6.0,6.0,22.9,29.2,No,0.0,No
18012,22.0,75.0,68.0,1015.3,1012.5,,,19.7,22.4,No,0.2,No
20714,6.0,68.0,63.0,1018.2,1016.3,5.0,6.0,22.3,22.4,No,0.2,No
14865,,,74.0,,,,8.0,,23.0,No,0.0,No
601,19.0,85.0,56.0,1019.5,1018.7,4.0,8.0,7.8,13.7,Yes,0.0,No
23984,33.0,35.0,21.0,,,,,21.9,24.1,No,0.0,No
14157,39.0,74.0,55.0,1013.9,1010.9,7.0,8.0,24.2,28.1,No,39.8,Yes
4578,22.0,65.0,27.0,1014.9,1011.4,,,17.9,27.0,No,0.0,No
21890,13.0,66.0,69.0,1017.3,1015.2,7.0,7.0,16.3,15.9,No,0.0,No
1499,11.0,90.0,79.0,1010.7,1010.3,8.0,8.0,11.7,14.2,Yes,1.6,Yes
12826,11.0,,,1029.0,1024.8,3.0,2.0,16.1,21.5,No,0.0,No
4108,7.0,89.0,60.0,1017.4,1013.9,,,21.0,27.4,No,0.0,No
23906,15.0,56.0,34.0,,,,,19.6,26.9,No,0.0,No
10803,,67.0,67.0,,,,,16.6,19.1,No,3.2,Yes
21746,28.0,56.0,52.0,1017.0,1015.2,4.0,4.0,22.4,22.8,No,0.8,No
12096,15.0,56.0,26.0,1022.2,1019.9,1.0,1.0,11.9,19.9,No,0.0,No
7984,22.0,21.0,3.0,1016.9,1013.2,1.0,0.0,21.2,31.3,No,0.0,No
23276,15.0,68.0,59.0,1022.7,1021.3,1.0,1.0,17.5,18.7,Yes,0.0,No
1680,22.0,62.0,37.0,1017.6,1019.2,6.0,8.0,10.1,14.2,No,0.0,No
7461,6.0,63.0,60.0,1021.9,1020.5,8.0,8.0,13.7,16.7,No,1.2,Yes
20723,33.0,65.0,78.0,1014.6,1011.1,8.0,8.0,21.9,22.0,No,5.8,Yes
19182,13.0,79.0,60.0,1007.6,1005.0,,,16.4,18.0,Yes,0.0,No
17753,19.0,68.0,57.0,1013.2,1011.5,,,18.3,23.1,No,0.0,No
23520,15.0,61.0,53.0,1018.1,1016.5,8.0,1.0,21.5,22.0,No,0.0,No
4024,9.0,81.0,63.0,1018.5,1016.2,,,18.8,22.7,No,0.6,No
5522,11.0,80.0,73.0,1022.5,1020.3,,,19.2,20.4,No,0.0,No
24528,2.0,91.0,98.0,,,,,13.3,14.9,,8.8,Yes
8306,15.0,23.0,11.0,1019.6,1015.8,0.0,3.0,21.4,26.3,No,0.0,No
6378,13.0,50.0,21.0,1023.4,1021.5,1.0,1.0,21.6,30.0,No,0.0,No
3005,2.0,100.0,66.0,1030.6,1027.2,8.0,,3.4,14.0,No,0.4,No
14815,7.0,86.0,70.0,,,7.0,2.0,23.0,28.0,Yes,0.0,No
9284,41.0,65.0,68.0,1012.6,1010.0,7.0,6.0,25.8,27.2,No,0.0,No
3152,15.0,72.0,85.0,1023.9,1021.2,,,17.0,17.2,Yes,15.8,Yes
1281,19.0,84.0,69.0,1020.7,1017.8,2.0,8.0,10.8,11.9,No,0.6,No
5826,17.0,100.0,100.0,1010.6,1009.8,,,20.5,23.4,Yes,2.2,Yes
19863,31.0,93.0,89.0,1034.4,1032.8,,,16.5,17.2,Yes,0.8,No
15559,6.0,90.0,68.0,,,6.0,1.0,21.6,27.5,No,0.0,No
8845,20.0,52.0,29.0,1023.5,1018.4,,1.0,18.7,25.1,No,2.6,Yes
15877,28.0,66.0,63.0,,,3.0,5.0,22.0,23.0,No,50.4,Yes
20919,24.0,71.0,69.0,1020.5,1018.8,7.0,3.0,17.0,18.4,No,0.2,No
19544,13.0,47.0,45.0,1005.7,1006.5,,,12.4,14.4,No,0.0,No
13141,15.0,65.0,41.0,1026.2,1022.5,1.0,2.0,12.5,17.6,No,0.0,No
24367,20.0,77.0,65.0,,,,,20.9,23.7,No,0.0,No
9237,11.0,95.0,96.0,1028.2,1027.0,8.0,8.0,18.6,19.1,Yes,58.0,Yes
17133,,48.0,,,,4.0,,30.0,,No,0.0,No
20601,39.0,87.0,88.0,1026.6,1025.4,,,14.8,17.3,Yes,26.6,Yes
4173,11.0,100.0,34.0,1023.3,1020.4,,,10.5,20.7,No,0.0,No
8041,19.0,40.0,24.0,1015.5,1012.7,1.0,6.0,28.7,34.3,No,0.2,No
14164,11.0,55.0,30.0,1016.1,1013.9,2.0,6.0,23.9,31.3,No,0.0,No
20700,19.0,63.0,63.0,1016.4,1015.0,7.0,7.0,21.5,22.1,No,2.4,Yes
5658,13.0,90.0,52.0,1018.5,1013.5,,,14.6,21.4,No,0.0,No
13363,26.0,58.0,10.0,1022.8,1018.2,2.0,2.0,18.6,26.8,No,0.0,No
5741,13.0,56.0,22.0,1014.6,1010.6,,,26.2,34.2,No,0.0,No
4308,7.0,61.0,22.0,1026.2,1019.8,,,17.7,28.7,No,0.0,No
6316,19.0,36.0,22.0,1014.2,1011.7,4.0,1.0,22.5,32.8,No,0.0,No
1392,13.0,95.0,93.0,1011.2,1008.9,8.0,8.0,19.4,19.4,Yes,24.6,Yes
7310,28.0,37.0,38.0,1012.4,1011.1,7.0,8.0,25.3,28.9,Yes,10.6,Yes
15695,9.0,78.0,62.0,,,6.0,4.0,16.6,18.5,No,0.0,No
16586,4.0,85.0,44.0,,,4.0,1.0,13.7,22.5,No,0.0,No
12824,6.0,64.0,38.0,1025.0,1022.1,1.0,6.0,16.6,23.1,No,0.0,No
7240,17.0,43.0,14.0,1024.1,1018.4,2.0,1.0,13.5,21.1,No,0.0,No
20174,11.0,90.0,87.0,1023.2,1020.8,,,19.0,20.5,No,1.0,No
11918,7.0,63.0,25.0,1012.4,1008.4,0.0,0.0,24.0,34.0,No,0.0,No
8920,9.0,70.0,28.0,1030.7,1027.6,,,11.0,19.9,No,0.0,No
15277,0.0,93.0,73.0,,,7.0,4.0,12.6,18.2,No,7.0,Yes
15711,65.0,72.0,32.0,,,5.0,4.0,19.4,27.6,No,0.0,No
14252,11.0,50.0,18.0,1019.9,1015.5,0.0,1.0,24.2,33.4,No,0.0,No
22670,28.0,66.0,55.0,1014.4,1015.4,4.0,2.0,19.2,18.7,No,0.0,No
10084,24.0,62.0,62.0,1015.9,1014.1,1.0,5.0,23.6,25.1,No,0.0,No
15952,0.0,87.0,66.0,,,7.0,6.0,14.0,17.4,Yes,4.2,Yes
24248,13.0,77.0,69.0,,,,,15.2,17.4,No,17.4,Yes
24620,19.0,64.0,47.0,,,,,21.8,25.4,No,0.0,No
13986,13.0,50.0,31.0,1020.3,1016.6,,8.0,21.2,27.1,No,0.0,No
8746,9.0,,,1012.3,1009.4,2.0,2.0,27.3,34.5,No,1.8,Yes
4439,6.0,82.0,36.0,1023.6,1021.1,,,17.4,26.5,No,0.0,No
15987,0.0,73.0,38.0,,,0.0,2.0,8.5,15.2,No,0.0,No
23822,15.0,81.0,39.0,,,,,9.2,19.8,No,0.0,No
10086,17.0,66.0,56.0,1020.6,1018.4,2.0,2.0,23.2,24.6,No,0.0,No
4246,11.0,65.0,46.0,1026.5,1023.2,,,10.3,13.4,No,0.0,No
175,6.0,97.0,74.0,1021.4,1019.2,8.0,3.0,13.6,17.4,Yes,0.8,No
3611,20.0,44.0,52.0,1017.3,1017.6,,,15.3,14.6,No,0.8,No
3827,0.0,98.0,69.0,1015.5,1013.9,,,10.0,17.1,No,0.0,No
22947,9.0,57.0,66.0,1019.5,1018.4,1.0,4.0,15.4,15.1,No,0.2,No
24994,11.0,89.0,44.0,,,,,20.6,28.4,No,0.0,No
12857,22.0,95.0,94.0,1015.1,1011.4,8.0,8.0,14.4,15.2,Yes,1.8,Yes
5893,4.0,80.0,45.0,1025.1,1022.9,,,13.1,20.4,No,0.0,No
9797,20.0,58.0,43.0,1013.1,1005.5,1.0,1.0,15.3,20.1,No,0.0,No
6053,24.0,64.0,36.0,1010.3,1006.0,1.0,5.0,17.1,21.9,No,1.0,No
8141,28.0,51.0,17.0,1021.5,1015.0,8.0,,20.9,31.8,No,0.0,No
9024,7.0,89.0,74.0,1024.4,1022.0,7.0,5.0,18.1,21.0,Yes,2.0,Yes
13068,13.0,47.0,18.0,1023.0,1019.7,0.0,0.0,16.9,26.7,No,0.0,No
23358,26.0,70.0,57.0,1015.0,1013.7,2.0,1.0,20.4,20.7,No,0.0,No
20504,44.0,98.0,97.0,1013.4,1011.2,,,22.1,23.0,Yes,3.6,Yes
17613,,54.0,,,,0.0,,14.9,,Yes,0.2,No
2368,24.0,77.0,45.0,1021.2,1020.5,,,10.9,17.5,No,0.0,No
22784,13.0,83.0,70.0,1010.4,1009.7,2.0,1.0,23.7,24.8,Yes,0.0,No
10797,,64.0,53.0,,,,,19.8,21.8,No,0.0,No
18260,17.0,66.0,64.0,1028.8,1026.1,,,13.6,16.6,No,0.0,No
15658,4.0,83.0,55.0,,,4.0,5.0,11.4,16.0,Yes,0.7,No
6101,7.0,73.0,50.0,1025.4,1021.3,3.0,7.0,6.9,12.1,No,0.0,No
5046,13.0,66.0,43.0,1018.7,1014.5,,,20.8,29.7,No,0.0,No
3789,15.0,82.0,70.0,1027.4,1026.0,,,17.5,21.4,Yes,0.0,No
19265,20.0,34.0,33.0,1007.2,1001.4,,,25.1,28.4,No,0.0,No
19097,19.0,78.0,60.0,1025.2,1022.5,,,20.2,24.3,No,0.0,No
15248,9.0,54.0,34.0,,,1.0,0.0,18.8,24.4,No,0.0,No
3822,17.0,99.0,96.0,1022.0,1019.1,,,12.5,13.4,Yes,34.8,Yes
8257,13.0,46.0,25.0,1016.5,1013.0,1.0,1.0,12.3,18.3,No,0.0,No
5721,13.0,47.0,24.0,1014.9,1012.0,,,18.6,26.6,No,0.0,No
1985,15.0,63.0,39.0,1026.2,1024.1,4.0,3.0,14.7,19.8,No,0.0,No
16123,4.0,70.0,59.0,,,3.0,7.0,19.7,24.0,No,0.0,No
13253,9.0,51.0,18.0,1021.2,1016.7,1.0,1.0,20.9,31.1,No,0.0,No
23132,9.0,92.0,89.0,1008.4,1007.9,8.0,7.0,23.5,24.3,Yes,4.2,Yes
5672,6.0,100.0,70.0,1013.7,1008.2,,,15.2,22.2,Yes,0.0,No
8695,17.0,,,1018.8,1015.3,,,17.9,27.6,No,0.0,No
18475,33.0,74.0,69.0,1016.0,1015.2,,,16.6,19.3,No,5.0,Yes
420,15.0,45.0,14.0,1011.4,1007.9,,,24.2,35.3,No,0.0,No
2243,6.0,100.0,53.0,1034.4,1031.9,8.0,,6.0,17.0,No,0.0,No
8864,15.0,60.0,36.0,1020.4,1015.2,8.0,8.0,21.1,26.5,No,4.0,Yes
16172,9.0,77.0,57.0,,,3.0,2.0,21.4,27.4,No,0.0,No
3428,17.0,66.0,50.0,1036.2,1034.9,,,19.2,23.9,No,0.0,No
9668,19.0,74.0,63.0,1015.2,1013.6,6.0,2.0,24.8,26.4,Yes,1.2,Yes
21700,26.0,83.0,80.0,1017.2,1015.2,7.0,6.0,22.7,23.4,No,0.0,No
16710,19.0,46.0,39.0,,,0.0,2.0,16.6,17.6,No,0.0,No
21839,31.0,71.0,71.0,1002.4,1002.1,6.0,5.0,19.5,18.3,Yes,8.4,Yes
14585,24.0,62.0,36.0,1015.3,1012.2,6.0,1.0,27.6,33.8,No,0.0,No
4115,0.0,82.0,78.0,1010.0,1008.1,,,16.7,18.5,No,3.6,Yes
7537,13.0,45.0,34.0,1021.5,1017.1,1.0,2.0,10.2,14.5,No,0.0,No
9198,31.0,49.0,61.0,1019.2,1015.0,0.0,0.0,21.9,21.9,No,0.0,No
13015,7.0,70.0,65.0,1013.8,1012.0,8.0,7.0,22.1,24.8,No,0.4,No
20221,9.0,57.0,46.0,1017.9,1013.5,,,14.3,17.0,No,1.8,Yes
20237,9.0,67.0,54.0,1017.6,1017.1,,,16.7,20.2,No,0.0,No
4172,7.0,100.0,44.0,1025.3,1021.1,,,10.3,20.4,No,0.2,No
24872,22.0,41.0,34.0,,,,,15.6,19.8,No,0.0,No
11203,13.0,57.0,54.0,1018.4,1014.1,,,17.9,20.0,No,0.0,No
1632,11.0,79.0,51.0,1027.8,1024.5,,2.0,17.0,21.7,No,0.0,No
23701,24.0,98.0,89.0,,,,,19.4,21.4,Yes,27.8,Yes
5233,6.0,100.0,52.0,1032.8,1029.0,,,7.0,17.9,No,0.2,No
11945,9.0,54.0,19.0,1013.5,1010.6,1.0,1.0,17.9,29.7,No,0.0,No
12090,17.0,68.0,38.0,1026.3,1022.6,0.0,2.0,9.5,17.1,No,0.0,No
11729,9.0,75.0,90.0,1013.7,1012.7,8.0,8.0,26.2,24.3,No,13.0,Yes
9320,22.0,70.0,68.0,1014.8,1014.4,5.0,3.0,26.0,27.7,No,10.8,Yes
851,17.0,69.0,43.0,1019.3,1015.3,,,7.4,14.6,No,3.6,Yes
20588,19.0,82.0,71.0,1021.7,1017.7,,,15.7,18.6,No,0.2,No
14294,9.0,74.0,19.0,1019.6,1016.0,1.0,1.0,20.4,28.5,No,0.0,No
18615,22.0,77.0,77.0,1020.8,1017.0,,,17.8,18.1,No,42.2,Yes
21016,37.0,85.0,76.0,1012.0,1012.1,6.0,7.0,23.6,24.3,Yes,7.0,Yes
9439,17.0,90.0,63.0,1012.2,1005.0,7.0,7.0,16.7,20.9,Yes,2.4,Yes
20734,15.0,60.0,58.0,1019.3,1017.4,1.0,1.0,20.9,22.1,No,0.0,No
1151,13.0,77.0,39.0,1014.3,1013.9,,,15.5,24.8,No,0.0,No
55,7.0,48.0,12.0,1017.7,1014.6,,,23.4,36.5,No,0.0,No
22487,13.0,66.0,75.0,1023.1,1021.5,3.0,7.0,18.3,18.1,Yes,2.0,Yes
22089,31.0,85.0,76.0,1019.1,1018.0,7.0,7.0,19.7,20.0,Yes,0.0,No
15602,0.0,97.0,79.0,,,7.0,6.0,13.5,16.2,Yes,0.0,No
18144,2.0,91.0,75.0,1014.1,1013.3,,,16.1,20.3,Yes,3.4,Yes
7785,17.0,33.0,84.0,1015.5,1015.6,7.0,8.0,21.2,17.0,No,4.8,Yes
9191,35.0,29.0,20.0,1001.9,1001.6,8.0,7.0,23.2,23.0,Yes,0.0,No
11504,17.0,91.0,64.0,1032.0,1028.9,,1.0,13.6,19.4,No,0.0,No
20172,31.0,79.0,82.0,1016.2,1012.4,,,24.4,23.4,No,0.0,No
18960,9.0,53.0,54.0,1022.9,1019.8,,,17.9,19.6,No,0.0,No
12028,19.0,100.0,47.0,1021.3,1019.0,8.0,1.0,10.7,19.6,Yes,0.0,No
19977,50.0,80.0,76.0,1024.7,1023.9,,,10.5,13.9,Yes,16.0,Yes
24269,13.0,72.0,31.0,,,,,22.4,32.4,No,0.0,No
24346,9.0,79.0,33.0,,,,,19.0,29.2,No,0.0,No
22686,20.0,53.0,50.0,1017.5,1016.3,3.0,7.0,19.5,20.0,No,0.0,No
16250,4.0,97.0,64.0,,,7.0,6.0,14.4,17.5,No,0.4,No
6241,4.0,46.0,24.0,1021.7,1018.6,2.0,3.0,25.3,32.2,No,0.0,No
17278,,88.0,,,,7.0,,15.5,,No,0.2,No
1589,6.0,100.0,56.0,1030.7,1028.9,7.0,,3.6,14.0,No,0.0,No
24200,19.0,61.0,38.0,,,,,13.5,16.6,No,0.0,No
12166,39.0,23.0,13.0,1008.3,1007.4,1.0,2.0,20.5,24.0,No,0.0,No
20753,26.0,72.0,70.0,1018.2,1015.0,4.0,5.0,19.7,20.0,No,3.6,Yes
11663,31.0,65.0,66.0,1020.4,1018.0,,,24.8,25.2,No,0.0,No
21217,17.0,56.0,57.0,1020.8,1019.2,3.0,4.0,16.2,17.1,Yes,0.0,No
18457,2.0,89.0,88.0,1018.9,1017.2,,,22.5,22.9,No,0.6,No
10233,13.0,48.0,40.0,1018.3,1014.6,6.0,1.0,15.6,16.9,No,0.0,No
19911,22.0,60.0,68.0,1025.5,1024.3,,,10.5,14.3,No,0.0,No
1517,22.0,96.0,65.0,1015.3,1013.6,8.0,8.0,14.0,15.0,Yes,4.6,Yes
8214,6.0,88.0,47.0,1031.8,1028.8,1.0,1.0,6.1,15.8,No,0.0,No
15284,0.0,94.0,97.0,,,8.0,8.0,16.5,16.5,Yes,25.8,Yes
3641,19.0,81.0,53.0,1015.9,1011.3,,,17.6,28.5,No,0.0,No
11039,26.0,62.0,54.0,1010.8,1004.9,,,22.2,28.0,No,0.0,No
17959,31.0,64.0,60.0,1018.2,1012.6,,,19.7,20.6,No,0.0,No
19040,11.0,74.0,74.0,1018.5,1015.1,,,22.0,23.6,No,0.0,No
19383,35.0,79.0,74.0,1013.1,1009.7,,,21.6,23.5,No,0.0,No
2178,19.0,58.0,19.0,1017.4,1013.3,,,15.0,30.6,No,0.0,No
21852,22.0,60.0,55.0,1015.1,1014.4,1.0,1.0,17.7,18.7,No,0.0,No
3802,13.0,54.0,37.0,1016.3,1013.2,,,12.8,17.5,No,0.0,No
13862,30.0,65.0,24.0,1011.1,1005.0,1.0,,23.8,34.6,,3.8,Yes
24802,4.0,99.0,64.0,,,,,10.5,19.5,No,0.2,No
10351,31.0,96.0,96.0,1006.8,1004.2,8.0,8.0,21.5,21.3,Yes,172.2,Yes
16640,28.0,61.0,48.0,,,1.0,2.0,11.0,14.5,No,0.0,No
8243,11.0,67.0,46.0,1036.6,1033.3,0.0,2.0,6.9,12.7,No,0.0,No
13083,17.0,80.0,41.0,1021.9,1018.5,2.0,3.0,9.1,14.7,No,0.0,No
24231,4.0,56.0,35.0,,,,,15.1,23.5,No,0.0,No
527,4.0,88.0,44.0,1023.8,1020.4,,,6.8,16.1,No,0.0,No
3817,20.0,58.0,52.0,1011.9,1011.7,,,13.3,15.5,Yes,0.0,No
13752,19.0,70.0,26.0,1019.2,1014.5,4.0,7.0,11.6,20.9,No,0.0,No
1810,9.0,68.0,33.0,1024.0,1021.1,,,19.8,29.7,No,0.0,No
1658,30.0,87.0,56.0,1002.9,1008.0,8.0,8.0,16.3,15.7,Yes,4.0,Yes
2980,9.0,93.0,73.0,1024.0,1021.3,,8.0,11.7,15.3,No,0.0,No
24857,50.0,43.0,37.0,,,,,23.5,24.4,No,4.8,Yes
13718,20.0,55.0,20.0,1028.6,1023.7,0.0,1.0,17.3,24.7,No,0.0,No
7286,20.0,46.0,25.0,1024.2,1021.4,0.0,1.0,12.5,19.3,No,0.0,No
11252,15.0,45.0,27.0,1025.5,1023.4,,,25.1,29.6,No,0.0,No
13346,15.0,61.0,23.0,1014.8,1011.1,1.0,6.0,20.8,27.8,No,0.0,No
17463,,75.0,,,,6.0,,21.2,,No,0.0,No
10560,35.0,62.0,60.0,1015.8,1010.4,1.0,1.0,21.5,23.7,No,0.0,No
8626,7.0,51.0,29.0,1026.3,1022.6,,,15.6,21.8,No,0.0,No
12138,24.0,46.0,20.0,1020.7,1016.3,1.0,1.0,22.4,30.0,No,0.0,No
16585,4.0,89.0,43.0,,,0.0,1.0,14.0,22.7,No,0.1,No
3163,0.0,91.0,75.0,1030.2,1027.3,,,13.6,17.2,No,8.6,Yes
13997,31.0,52.0,24.0,1010.5,1007.5,,,19.0,25.4,No,0.0,No
259,6.0,85.0,58.0,1029.8,1027.2,,2.0,6.0,14.4,No,0.0,No
21506,19.0,57.0,50.0,1019.0,1016.5,1.0,3.0,16.2,17.5,No,0.2,No
19843,20.0,64.0,64.0,1008.7,1005.0,,,20.5,22.6,No,22.4,Yes
11043,20.0,75.0,69.0,1015.4,1014.9,1.0,,25.3,28.4,No,0.0,No
17016,4.0,63.0,43.0,,,1.0,1.0,8.8,16.2,No,0.0,No
5569,7.0,82.0,72.0,1025.8,1021.7,,,13.5,17.5,No,9.8,Yes
6258,20.0,16.0,9.0,1006.8,1004.6,1.0,1.0,28.8,36.8,No,0.0,No
23643,13.0,71.0,36.0,,,,,25.4,34.1,No,0.2,No
22482,22.0,67.0,59.0,1017.5,1015.9,8.0,8.0,18.4,18.5,Yes,0.0,No
24501,13.0,74.0,62.0,,,,,15.1,17.8,No,0.0,No
21310,26.0,57.0,64.0,1024.5,1022.8,7.0,2.0,17.7,19.7,No,0.0,No
20380,33.0,53.0,44.0,1010.2,1010.9,,,18.1,19.2,Yes,0.0,No
18054,22.0,40.0,56.0,1010.6,1008.3,,,23.4,24.8,No,0.0,No
16317,28.0,65.0,23.0,,,6.0,2.0,12.0,22.7,No,0.0,No
19963,9.0,87.0,61.0,1019.9,1016.2,,,15.9,18.6,,2.8,Yes
22539,13.0,69.0,53.0,1022.1,1018.7,7.0,6.0,15.6,17.7,No,0.0,No
20302,19.0,61.0,63.0,1027.4,1027.0,,,14.0,17.5,No,0.0,No
14200,17.0,46.0,25.0,1017.3,1012.8,3.0,1.0,24.6,33.3,No,0.0,No
9908,20.0,64.0,42.0,1010.6,1007.6,6.0,3.0,18.5,20.6,No,0.0,No
8989,31.0,68.0,80.0,1012.0,1007.7,3.0,7.0,26.5,26.6,No,10.2,Yes
2676,7.0,100.0,96.0,1020.1,1015.6,8.0,8.0,10.0,13.8,No,6.8,Yes
24570,6.0,98.0,37.0,,,,,21.6,34.1,Yes,0.2,No
6670,22.0,46.0,26.0,1009.1,1006.5,3.0,2.0,29.2,34.7,No,0.0,No
14341,17.0,59.0,46.0,1020.6,1019.5,,,12.8,16.2,No,0.0,No
13938,20.0,45.0,13.0,1006.7,1004.5,,,23.1,31.2,No,0.0,No
4236,15.0,72.0,48.0,1030.2,1028.6,,,12.6,16.1,No,0.0,No
14360,24.0,73.0,52.0,1021.0,1017.0,,5.0,15.8,21.0,No,2.9,Yes
12958,20.0,58.0,41.0,1017.4,1013.8,,5.0,22.0,30.2,,0.2,No
16299,0.0,80.0,62.0,,,0.0,2.0,10.0,18.0,No,0.0,No
22560,15.0,66.0,56.0,1030.1,1027.0,2.0,4.0,15.6,16.6,No,0.0,No
8266,15.0,48.0,23.0,1026.6,1022.7,1.0,0.0,12.8,20.9,No,0.0,No
22349,17.0,73.0,85.0,1012.0,1009.7,7.0,7.0,22.6,21.7,No,9.8,Yes
19599,20.0,97.0,83.0,1030.7,1028.4,,,13.5,16.4,Yes,5.2,Yes
11673,30.0,63.0,80.0,1009.5,1007.9,6.0,8.0,23.6,23.6,No,2.6,Yes
7411,15.0,36.0,22.0,1016.6,1013.4,4.0,6.0,16.8,21.8,No,0.0,No
6009,20.0,54.0,35.0,1016.2,1013.2,6.0,5.0,23.9,31.2,No,9.2,Yes
4967,19.0,26.0,21.0,1017.7,1017.7,,,16.2,20.0,No,0.0,No
22279,24.0,63.0,53.0,1026.7,1025.0,7.0,1.0,18.5,19.6,No,0.0,No
9914,13.0,73.0,62.0,1013.1,1014.0,0.0,1.0,21.2,23.5,No,9.8,Yes
15505,,73.0,,,,0.0,,23.8,,No,0.2,No
17471,,51.0,,,,0.0,,20.0,,No,0.0,No
13883,22.0,46.0,45.0,1014.1,1013.5,7.0,7.0,27.7,29.7,No,0.0,No
10106,13.0,49.0,47.0,1017.2,1016.4,,,18.7,22.3,,0.0,No
11903,11.0,79.0,47.0,1010.1,1007.4,5.0,7.0,27.0,34.2,No,0.0,No
20815,24.0,73.0,64.0,1008.6,1004.6,7.0,2.0,17.4,17.9,Yes,1.4,Yes
5738,15.0,65.0,58.0,1017.8,1017.5,,,22.9,24.7,No,0.0,No
2845,13.0,60.0,26.0,1016.1,1012.9,,,24.4,34.2,No,0.0,No
13550,22.0,48.0,17.0,1018.4,1013.6,0.0,1.0,21.8,30.5,No,0.0,No
3396,,79.0,,1016.9,,,,23.9,,No,0.6,No
6716,13.0,63.0,35.0,1011.0,1007.8,2.0,7.0,27.1,33.6,No,0.0,No
6834,19.0,97.0,95.0,1026.4,1022.9,8.0,8.0,8.7,10.6,Yes,2.6,Yes
18984,17.0,65.0,27.0,1006.1,1006.4,,,21.8,23.7,No,0.0,No
22760,31.0,66.0,62.0,1019.9,1018.2,3.0,3.0,22.7,24.3,No,0.8,No
889,15.0,92.0,68.0,1010.6,1010.1,8.0,,7.5,11.5,No,0.2,No
10268,26.0,41.0,26.0,1019.0,1014.5,0.0,1.0,26.5,28.9,No,0.0,No
13271,17.0,57.0,32.0,1014.4,1010.8,,,24.4,33.5,No,0.0,No
24000,22.0,99.0,89.0,,,,,21.0,23.2,Yes,44.8,Yes
21000,20.0,61.0,70.0,1012.5,1011.1,6.0,6.0,23.0,23.5,No,0.0,No
13169,6.0,53.0,29.0,1023.6,1018.7,3.0,1.0,10.9,18.0,No,0.0,No
10586,22.0,66.0,67.0,1026.8,1024.2,7.0,5.0,19.0,21.1,Yes,2.4,Yes
1115,20.0,69.0,39.0,1006.9,1003.3,,,20.6,27.4,No,0.0,No
24564,6.0,98.0,83.0,,,,,14.3,16.1,Yes,3.8,Yes
10034,9.0,90.0,76.0,1016.5,1014.6,5.0,6.0,22.6,24.9,Yes,0.2,No
19248,17.0,42.0,31.0,1010.9,1006.7,,,18.0,20.4,No,0.0,No
20765,13.0,68.0,59.0,1019.8,1018.1,4.0,2.0,18.5,18.8,No,0.0,No
4424,13.0,92.0,53.0,1018.9,1014.9,,,21.6,30.2,No,0.0,No
18743,33.0,95.0,70.0,1003.5,1000.1,,,21.3,27.3,Yes,0.2,No
19264,20.0,81.0,88.0,1021.1,1014.5,,,20.1,19.6,No,0.0,No
11517,31.0,48.0,44.0,1018.5,1019.7,2.0,,14.2,18.9,No,0.0,No
14000,11.0,54.0,19.0,1023.8,1020.3,0.0,1.0,14.0,21.5,No,0.0,No
18511,30.0,93.0,85.0,1023.6,1023.7,,,11.9,15.3,Yes,69.2,Yes
9562,28.0,48.0,52.0,1013.2,1013.6,0.0,7.0,21.0,19.4,Yes,0.2,No
24710,7.0,98.0,45.0,,,,,18.8,27.3,No,2.4,Yes
7888,11.0,49.0,22.0,1031.8,1028.8,0.0,0.0,11.4,17.7,No,0.0,No
6605,19.0,87.0,68.0,1011.4,1010.0,8.0,8.0,18.7,22.8,Yes,8.6,Yes
19931,7.0,93.0,74.0,1025.4,1023.2,,,12.8,16.5,No,0.8,No
5894,2.0,80.0,62.0,1027.4,1024.5,,,13.7,18.6,No,0.0,No
6434,13.0,54.0,28.0,1023.6,1022.2,,0.0,9.3,15.2,No,0.0,No
4569,28.0,47.0,32.0,1014.0,1012.7,,,10.7,13.9,No,0.0,No
23131,19.0,88.0,83.0,1005.0,1004.1,7.0,7.0,25.0,25.6,Yes,7.0,Yes
22046,33.0,71.0,58.0,1013.6,1013.2,7.0,5.0,23.2,24.6,No,0.0,No
16342,9.0,78.0,64.0,,,6.0,6.0,19.8,22.0,No,0.0,No
12700,17.0,59.0,24.0,1017.4,1013.0,,,18.6,26.2,No,0.0,No
2406,6.0,67.0,20.0,1020.1,1015.4,,,17.7,29.7,No,0.0,No
16768,,61.0,68.0,,,4.0,7.0,22.5,22.3,No,0.0,No
3845,19.0,64.0,42.0,1011.0,1011.0,,,10.4,14.6,No,0.0,No
21136,17.0,83.0,70.0,1021.0,1019.0,7.0,3.0,18.8,20.1,No,0.0,No
20903,19.0,62.0,59.0,1018.4,1016.2,2.0,1.0,17.5,18.4,No,0.0,No
2346,9.0,65.0,60.0,1025.5,1022.2,8.0,8.0,11.7,14.8,Yes,10.6,Yes
3584,11.0,92.0,77.0,1016.8,1014.5,,,15.6,17.4,No,4.0,Yes
22676,22.0,63.0,60.0,1019.7,1018.7,4.0,2.0,19.9,21.2,No,0.0,No
14501,35.0,31.0,14.0,1010.7,1008.2,,,23.7,31.3,No,0.0,No
17378,,76.0,,,,7.0,,11.5,,Yes,1.2,Yes
24822,13.0,85.0,58.0,,,,,9.4,14.1,No,0.2,No
10378,17.0,82.0,83.0,1015.8,1013.2,1.0,8.0,24.5,22.0,Yes,1.7,Yes
17154,,73.0,,,,5.0,,23.5,,No,0.0,No
19772,19.0,69.0,64.0,1023.7,1022.7,,,24.7,27.1,No,0.0,No
5347,6.0,76.0,33.0,,,,,21.9,31.6,No,5.4,Yes
13719,7.0,50.0,29.0,1027.1,1023.0,0.0,1.0,18.5,24.0,No,0.0,No
3363,9.0,59.0,70.0,1010.7,1010.7,,,26.5,24.8,No,10.4,Yes
21955,26.0,52.0,52.0,1020.7,1017.8,7.0,6.0,16.7,18.3,No,1.2,Yes
6477,15.0,73.0,47.0,1028.0,1023.5,1.0,3.0,12.3,19.8,No,0.0,No
16119,15.0,65.0,53.0,,,8.0,7.0,18.0,20.8,No,0.0,No
8617,7.0,77.0,28.0,1025.0,1021.7,,,11.5,18.8,No,0.0,No
11227,28.0,62.0,63.0,1029.3,1028.3,8.0,7.0,17.2,18.6,No,0.3,No
11219,31.0,60.0,64.0,1019.4,1014.4,8.0,3.0,15.3,19.1,No,1.4,Yes
4353,17.0,75.0,51.0,1016.7,1014.0,,,16.3,21.8,Yes,0.0,No
17189,,62.0,,,,7.0,,26.9,,No,8.8,Yes
11345,24.0,53.0,60.0,1019.5,1018.5,,,23.6,24.6,No,0.0,No
16634,9.0,58.0,36.0,,,0.0,0.0,10.6,19.2,No,0.1,No
5540,9.0,69.0,39.0,1020.8,1016.5,,,16.0,23.6,No,0.0,No
12260,15.0,58.0,40.0,1012.6,1008.0,3.0,4.0,24.9,32.9,No,0.0,No
14530,15.0,44.0,14.0,1013.7,1008.7,,,28.7,39.7,No,0.0,No
2730,19.0,79.0,55.0,1020.6,1016.1,8.0,1.0,12.6,19.0,No,8.6,Yes
7022,22.0,62.0,30.0,1016.3,1012.9,7.0,7.0,21.1,30.1,No,1.6,Yes
21957,24.0,49.0,69.0,1022.4,1021.1,2.0,5.0,16.9,15.2,Yes,1.4,Yes
23853,9.0,53.0,29.0,,,,,13.7,21.9,No,0.0,No
21159,20.0,52.0,52.0,1022.0,1020.0,4.0,4.0,17.4,18.1,No,0.0,No
24543,9.0,76.0,53.0,,,,,16.1,21.3,No,0.0,No
711,9.0,70.0,29.0,1022.1,1019.1,5.0,,20.0,29.5,No,0.0,No
14667,20.0,50.0,29.0,1027.9,1023.1,,2.0,20.5,27.1,No,0.0,No
16219,19.0,90.0,42.0,,,4.0,4.0,18.8,27.5,No,0.0,No
4320,7.0,78.0,27.0,1024.9,1019.8,,,14.1,27.5,No,0.0,No
6950,19.0,26.0,13.0,1018.0,1013.9,7.0,7.0,24.4,30.9,No,0.0,No
8288,9.0,47.0,22.0,1029.9,1025.9,,,16.6,23.8,No,0.0,No
6516,28.0,73.0,61.0,1026.5,1023.7,1.0,6.0,6.8,10.6,No,0.0,No
18498,17.0,73.0,91.0,1023.3,1022.2,,,11.9,14.0,Yes,31.4,Yes
4993,22.0,37.0,21.0,1012.4,1008.7,,,20.3,26.9,No,0.0,No
8832,17.0,67.0,29.0,1013.0,1010.8,,2.0,25.5,35.8,No,0.0,No
9874,31.0,55.0,55.0,1024.6,1019.5,1.0,1.0,19.4,20.3,No,0.0,No
3386,11.0,44.0,22.0,1009.8,1006.6,,,18.1,27.4,No,0.0,No
17204,,74.0,,,,6.0,,21.5,,Yes,12.5,Yes
3635,19.0,90.0,92.0,1022.3,1021.6,,,11.8,13.6,Yes,7.0,Yes
501,28.0,95.0,86.0,1013.4,1008.7,8.0,8.0,17.1,18.6,Yes,17.0,Yes
17403,,94.0,,,,7.0,,13.0,,No,0.0,No
14023,13.0,76.0,33.0,1023.5,1020.7,0.0,1.0,8.3,15.7,No,0.0,No
21855,13.0,62.0,63.0,1023.8,1022.7,1.0,1.0,18.0,18.0,No,0.0,No
