id,battery_power,blue,clock_speed,dual_sim,fc,four_g,int_memory,m_dep,mobile_wt
1438,915,0,2.0,0,8,1,31,0.3,91
754,1092,0,2.7,1,8,0,45,0.8,185
835,1224,1,1.6,0,9,0,33,1.0,157
444,1631,0,0.9,1,2,1,3,0.1,198
1751,508,1,1.3,0,1,0,50,0.7,82
676,1027,0,0.5,0,2,1,64,0.9,103
965,1379,0,0.5,1,1,0,19,0.3,134
150,843,1,0.5,0,1,1,56,0.1,147
1945,1007,1,2.9,1,5,1,21,0.8,185
1206,1816,1,1.6,1,0,0,50,0.1,186
1243,1180,1,1.2,0,5,1,50,1.0,144
1779,1807,1,2.9,0,0,0,16,0.2,125
575,1197,1,0.5,1,9,0,20,0.1,129
620,972,1,2.7,1,1,0,5,1.0,126
1576,1110,0,1.5,0,2,1,12,0.3,153
751,1331,1,1.6,0,0,0,16,0.5,165
1019,1986,0,2.7,1,3,1,64,0.2,162
1148,727,1,1.5,0,0,1,32,1.0,131
587,1663,1,0.5,0,0,0,40,0.6,147
1502,1186,1,0.5,1,2,0,21,0.4,160
1184,1314,1,2.2,0,0,1,40,0.8,116
993,686,1,0.5,0,11,0,3,0.3,91
987,1688,0,2.5,0,0,1,21,0.2,170
1762,808,1,0.5,1,3,0,46,0.5,105
769,891,0,0.5,1,9,1,25,0.3,196
1205,1093,0,1.9,1,2,1,22,0.3,196
1821,680,1,2.4,0,13,1,34,0.4,157
493,1902,0,2.8,1,6,0,50,0.8,124
396,788,0,2.5,1,4,1,57,0.9,91
1932,718,1,1.6,1,1,1,30,0.4,93
1236,1794,1,0.5,1,5,1,55,0.5,86
1597,848,1,2.8,0,1,0,8,0.1,103
832,1860,0,0.5,1,2,1,55,0.7,83
960,1596,0,2.9,1,7,0,7,0.7,149
492,857,1,2.0,1,3,0,17,0.2,195
419,914,1,0.9,0,2,0,4,0.8,100
563,1290,0,0.5,0,0,0,3,0.1,143
1498,881,0,1.0,0,1,0,64,0.5,160
1538,1070,1,3.0,0,9,0,19,0.8,160
1147,1851,1,1.9,1,3,1,12,0.9,198
337,668,0,2.3,0,2,1,48,0.3,114
100,1883,1,0.5,0,3,1,10,0.3,146
316,1648,0,0.7,0,6,1,64,0.8,170
729,1135,1,2.8,1,9,0,43,0.4,158
1109,1542,0,2.3,0,1,0,43,0.8,182
1861,1189,1,1.9,0,5,0,7,0.5,164
831,1808,1,0.5,1,1,0,31,0.5,92
40,1347,0,2.9,0,5,0,44,0.6,132
1255,1039,0,0.6,0,5,1,6,0.1,136
425,1876,0,2.8,1,3,1,56,0.4,182
702,535,0,1.5,0,1,1,48,0.7,113
234,528,0,1.7,0,12,1,6,0.8,142
368,1864,0,1.4,0,8,1,46,0.7,178
412,1478,1,0.8,1,12,0,48,0.7,99
627,1227,1,1.1,1,0,0,34,0.2,130
1824,1762,0,0.6,0,3,1,26,0.1,83
526,535,1,0.5,1,8,1,54,0.5,145
1557,1211,1,1.2,0,0,0,28,0.3,130
1469,726,0,2.2,0,0,1,40,0.8,94
1628,999,0,2.6,1,11,1,56,1.0,165
1340,1469,0,0.5,0,3,1,58,0.5,150
1866,907,1,2.6,1,7,0,44,0.2,160
675,600,0,2.5,1,8,1,22,0.1,145
1814,713,0,1.6,0,4,1,63,0.7,89
1699,1002,1,1.8,0,1,0,45,0.7,180
1159,504,0,2.8,1,0,0,40,0.5,178
1598,1851,0,2.9,0,0,0,53,0.7,112
1231,717,1,0.5,1,4,0,10,0.6,198
524,825,0,0.5,1,0,1,23,0.1,86
704,1358,0,2.5,1,0,0,20,0.6,135
31,1568,1,0.5,0,16,0,33,1.0,150
1418,908,0,2.1,0,1,0,44,0.6,95
1605,513,0,1.9,0,8,0,27,0.4,174
258,564,0,1.8,1,0,1,51,0.5,168
929,1689,1,2.4,1,0,1,13,0.9,168
230,1488,0,0.5,0,1,0,39,0.8,112
1532,970,1,1.3,1,5,0,59,0.2,84
459,513,1,0.5,0,6,1,44,0.1,186
1518,844,0,2.2,1,1,1,22,0.9,197
1419,820,0,0.5,1,2,0,58,0.3,160
764,1849,1,2.3,0,7,1,15,0.4,144
212,1049,1,2.2,0,9,0,63,0.5,135
1678,854,0,1.0,0,5,1,17,0.9,101
908,1254,0,1.7,0,0,1,45,0.4,146
1199,894,0,0.7,0,2,1,58,0.1,123
1643,1713,1,2.0,0,9,1,5,0.7,199
382,1809,1,1.7,0,3,1,59,0.1,174
887,1059,0,0.5,1,0,0,50,0.7,182
701,1717,1,1.3,0,1,0,62,0.7,130
817,918,0,0.9,1,1,0,8,0.1,123
516,1039,0,1.3,0,0,1,12,0.8,200
261,728,0,2.7,1,0,0,25,0.2,88
707,1591,1,2.2,0,3,1,49,0.4,154
1972,1191,0,0.8,0,6,1,46,0.8,89
552,726,0,2.9,0,0,0,43,0.1,101
696,1348,0,1.3,0,0,0,43,0.4,116
1914,759,0,2.5,0,3,1,39,0.3,162
1278,875,0,0.7,0,2,0,23,0.1,110
197,1308,0,1.9,0,0,1,61,0.7,106
249,1617,1,1.3,1,3,1,30,0.7,105
639,924,0,0.5,1,0,1,47,0.3,167
1839,1660,0,0.6,0,2,1,24,0.8,169
1306,1426,1,0.8,0,2,1,42,0.6,84
1445,659,0,0.5,1,7,1,5,0.3,169
1655,1670,1,3.0,0,14,0,62,0.5,114
585,739,1,2.3,1,2,1,58,0.1,88
523,1413,0,0.5,1,5,0,51,0.3,117
1544,1330,1,1.8,1,1,0,40,0.5,177
594,621,1,2.7,1,0,0,54,0.1,151
1325,912,0,0.7,0,3,0,47,0.9,182
1639,1768,1,2.0,0,0,1,2,0.8,88
522,1748,0,1.7,1,6,1,14,0.5,146
386,1138,0,1.4,0,12,1,44,0.2,187
839,1184,0,1.5,1,1,1,48,0.6,191
849,1286,1,2.3,0,10,1,16,0.1,98
1218,1820,1,1.4,0,5,0,51,0.9,163
1422,1109,0,2.1,0,1,0,34,0.1,173
1141,1923,0,1.3,0,3,0,24,1.0,86
1275,1733,1,1.5,1,4,1,6,0.9,170
621,1944,1,0.5,0,5,1,36,0.1,197
1152,1009,1,1.0,1,2,0,2,0.6,102
1456,1404,0,2.1,0,16,0,44,0.9,151
625,501,0,2.3,0,12,1,54,0.3,131
415,755,1,2.8,0,5,1,51,0.3,186
1684,1035,0,0.5,1,14,1,49,0.3,178
123,1379,0,1.1,0,5,1,36,0.8,200
407,652,1,2.4,1,9,1,17,0.7,173
1485,742,1,2.3,0,0,0,21,0.7,104
338,1391,0,1.4,0,2,1,36,0.8,182
1960,1063,0,2.0,0,0,0,27,0.2,86
772,576,0,0.8,0,0,1,27,0.1,121
1068,1095,1,0.5,0,4,0,45,0.5,197
232,1715,0,1.0,1,4,1,31,0.5,83
180,703,1,2.7,0,12,1,30,0.3,113
501,1773,1,2.5,0,16,1,32,0.6,170
1101,1672,1,0.5,1,13,1,32,0.7,174
1700,742,1,0.5,0,0,1,36,0.7,139
1614,1001,0,2.8,1,1,0,40,0.2,117
1550,1280,1,1.3,0,0,1,39,1.0,108
294,832,0,1.6,1,1,1,34,0.3,108
1304,1077,1,1.7,1,1,0,58,0.8,86
1555,1110,0,0.6,0,1,0,42,0.9,192
1495,1472,0,3.0,0,4,1,20,0.3,169
1492,1130,1,0.5,1,1,1,29,0.7,130
1589,1765,0,1.1,0,3,0,11,0.7,87
1358,1210,1,1.6,1,9,0,57,0.5,111
794,967,1,1.6,0,4,0,25,0.6,92
122,825,1,0.5,1,7,0,52,0.9,130
1372,561,1,2.8,1,2,1,40,0.1,99
1115,501,1,0.5,1,14,0,22,0.5,174
1452,1450,0,2.1,0,1,0,31,0.6,114
1321,1965,1,0.5,0,4,1,29,0.5,149
381,1482,0,0.5,0,2,0,48,0.2,142
672,1979,1,1.6,1,0,0,32,0.2,165
1505,852,0,1.8,1,5,1,8,0.8,160
693,986,1,1.5,0,1,1,23,0.8,183
1350,1398,0,1.6,1,8,1,26,0.8,150
1424,1352,0,2.4,0,5,1,6,0.9,92
1519,1335,1,3.0,0,3,0,60,0.8,180
811,807,0,0.5,0,9,0,8,0.3,158
1658,1812,1,1.3,1,4,1,42,1.0,162
1298,1089,0,1.4,1,10,0,2,0.1,153
1343,835,0,0.8,1,2,1,42,0.8,128
364,916,1,2.6,0,0,0,36,0.3,195
1863,1920,0,0.6,1,3,1,19,0.5,131
1724,1010,1,2.0,1,2,1,8,0.9,139
1719,833,1,0.6,1,0,1,27,0.3,145
631,1063,1,1.1,0,0,1,26,0.8,101
243,1918,0,1.9,0,2,0,10,0.6,110
534,1656,1,1.6,1,0,0,16,1.0,117
329,972,1,0.5,1,5,0,13,0.4,193
1692,1958,0,0.5,0,6,1,52,0.4,153
481,1697,1,0.7,0,1,1,34,0.1,95
1704,1934,1,2.7,0,8,1,2,0.1,118
441,1654,0,1.8,0,1,0,11,0.3,146
664,914,1,0.5,0,0,1,26,0.7,147
1720,1248,0,2.4,0,6,1,9,0.4,89
1989,586,0,2.8,0,2,0,15,0.2,83
1527,1837,0,1.0,1,5,1,12,0.9,103
902,1698,0,2.5,0,10,1,26,0.4,105
617,1109,1,2.7,1,1,0,39,0.4,98
456,1172,1,2.1,1,4,0,41,0.1,95
1331,1407,0,1.8,1,5,1,16,0.2,170
1031,1983,1,0.5,1,3,0,43,1.0,87
1120,1018,0,2.2,0,8,0,16,0.6,153
855,1068,0,1.3,0,6,1,52,0.1,97
858,1878,1,0.5,0,9,0,29,0.6,85
1408,1791,1,0.5,1,1,1,33,0.5,110
716,863,0,1.6,1,5,1,6,0.7,133
1281,1370,0,1.4,0,5,1,6,0.2,158
1011,772,0,2.6,1,7,0,6,0.1,100
1401,950,0,0.5,0,6,1,55,0.1,124
443,1448,0,1.4,1,13,0,26,1.0,156
1796,793,1,2.8,1,1,1,64,0.4,179
56,823,1,2.7,1,13,0,60,0.5,148
1071,1540,0,0.7,1,1,0,60,0.8,197
320,728,0,1.7,1,0,1,5,0.6,101
558,723,1,1.9,0,4,0,30,0.3,102
691,1486,0,2.6,0,7,0,52,0.1,85
1882,591,0,2.1,1,18,1,16,0.5,196
1987,618,1,1.0,0,9,1,13,0.1,80
124,1166,0,2.0,0,3,1,25,0.8,198
1014,1633,0,1.7,1,3,1,33,0.9,111
1923,1056,1,2.1,1,8,1,37,0.7,101
1862,1043,0,2.7,0,3,0,29,0.2,83
472,1077,0,2.5,1,0,1,45,1.0,174
934,553,0,0.5,1,2,1,23,0.5,119
1127,618,0,0.6,0,8,0,16,0.2,143
1733,1163,1,2.1,1,0,1,19,0.9,132
1865,1748,1,0.5,1,11,1,53,0.5,114
132,645,0,0.5,0,1,0,41,1.0,197
376,1899,1,0.6,0,0,0,26,0.1,151
1792,1777,0,2.2,1,0,0,15,0.2,100
1118,618,1,2.2,1,0,1,63,0.9,138
1009,1881,0,2.2,0,4,0,51,0.3,158
1474,1617,1,2.6,0,14,0,29,0.9,113
1952,797,1,1.5,1,4,0,18,0.6,81
1661,1902,0,0.5,0,10,0,13,0.2,155
1690,1606,1,0.5,1,0,1,33,0.9,200
1023,1576,0,2.6,0,7,0,58,0.2,90
607,922,0,1.5,1,1,1,35,0.9,188
1453,1342,0,2.8,0,1,0,50,0.1,173
357,880,0,2.0,1,1,1,50,0.5,194
1580,1897,1,1.9,0,2,1,54,0.3,154
1681,807,1,0.5,1,0,0,37,0.2,127
1740,1855,0,0.5,0,5,0,32,0.6,187
1040,1154,0,0.5,0,12,1,14,0.7,156
833,1368,1,1.6,1,4,0,9,0.1,115
1651,1509,0,0.6,1,5,0,50,0.3,81
744,1782,1,2.8,1,6,1,58,0.8,157
1668,962,0,1.0,1,14,0,2,0.9,125
366,508,0,1.6,1,0,0,9,0.4,162
579,1853,1,1.0,0,2,0,23,0.4,92
738,1936,1,1.9,1,13,1,34,0.2,182
453,1289,0,0.9,0,10,1,25,1.0,178
106,1661,0,1.9,1,5,0,23,1.0,172
1970,1913,1,1.8,0,0,0,29,0.6,111
387,560,0,0.5,0,14,0,23,1.0,146
1496,1868,1,0.5,0,2,1,40,0.9,179
1129,1562,1,1.2,1,0,1,52,0.1,105
1224,1515,0,2.6,0,0,1,56,0.9,184
1003,1402,1,0.6,1,3,0,46,0.3,87
111,617,1,2.3,0,0,0,32,0.5,199
669,723,0,0.5,0,0,1,3,0.2,168
127,1564,0,2.3,0,4,1,25,0.5,189
1217,1451,1,0.5,0,5,1,57,0.6,181
301,977,1,1.1,1,2,0,57,0.6,181
1695,1470,0,2.2,1,4,1,33,0.4,138
1232,1348,1,2.0,1,5,0,36,0.3,145
225,1634,1,1.4,0,1,1,17,0.2,200
1212,864,0,2.5,0,10,1,24,0.7,148
1999,510,1,2.0,1,5,1,45,0.9,168
462,1986,0,0.5,1,3,1,51,0.1,165
1399,672,0,0.5,0,7,1,35,0.1,99
275,1220,0,2.9,0,3,0,62,0.5,125
511,1062,1,2.5,1,6,0,10,0.9,160
1829,1065,0,1.7,1,4,1,48,0.3,162
1736,1779,1,2.6,1,2,0,5,0.8,90
918,979,0,0.5,1,0,1,5,0.5,164
1176,1590,0,1.5,1,12,1,14,0.5,187
1087,1331,0,0.5,0,8,0,55,0.9,146
910,1205,0,0.5,1,3,0,12,0.6,175
1701,1306,1,2.1,1,2,1,33,0.4,174
119,1778,0,0.5,0,0,0,15,0.5,102
949,1584,1,1.3,0,6,0,41,0.6,135
1299,871,0,0.6,0,2,0,52,0.1,178
1357,1339,1,2.3,1,0,0,40,0.1,123
570,1572,1,0.8,1,7,1,8,0.8,169
879,906,0,2.1,1,7,0,18,0.1,136
141,1218,0,1.8,1,1,1,14,0.5,147
370,1108,1,2.9,0,10,0,52,0.1,183
1789,583,1,0.9,1,1,0,51,0.9,88
469,1845,1,0.5,1,10,0,61,0.3,96
1744,731,1,0.5,1,0,1,28,0.5,130
1444,1237,1,2.5,0,7,0,13,0.8,98
1607,744,0,1.7,1,0,1,33,0.5,105
6,1821,0,1.7,0,4,1,10,0.8,139
785,915,0,1.1,0,6,0,56,0.6,187
392,1860,1,2.3,0,15,0,23,0.6,162
873,603,1,0.7,1,0,1,64,0.2,156
1143,904,1,1.2,1,10,1,31,0.8,112
1872,1745,0,2.9,0,0,1,3,0.9,105
1250,913,0,1.7,1,1,1,41,0.3,103
1844,504,1,1.0,0,8,0,14,0.5,189
1601,1254,1,1.2,0,2,1,27,0.2,134
644,1715,0,1.9,0,4,1,3,0.1,171
1191,921,1,2.2,1,12,1,10,0.1,170
989,559,1,0.5,0,10,0,11,0.4,82
1599,1166,1,0.5,0,7,0,59,0.5,80
736,503,0,2.5,0,3,0,57,0.6,185
1471,714,1,2.1,1,5,1,11,0.1,197
1616,1986,1,0.5,1,7,1,39,0.1,89
655,1994,0,1.5,1,2,1,7,0.5,146
1133,1528,1,1.8,1,3,1,55,0.8,129
1991,1882,0,2.0,0,11,1,44,0.8,113
755,1018,1,0.7,1,7,0,63,0.1,155
1090,1245,1,0.6,0,2,0,30,0.7,105
1388,1924,0,0.5,0,3,1,63,0.3,111
1947,1788,0,0.5,0,0,1,6,0.2,141
559,1191,0,2.4,1,2,0,13,0.9,169
1383,1763,0,0.5,1,12,0,10,0.2,184
1567,940,0,2.9,0,0,0,16,0.7,115
310,1414,1,1.5,1,5,0,44,0.5,180
1570,1546,1,1.6,1,2,1,27,0.7,124
335,803,0,0.8,1,0,0,18,0.3,106
1065,1043,1,0.5,0,7,0,42,0.1,111
1510,827,1,0.6,1,9,1,35,0.2,87
358,1394,1,0.9,1,10,1,62,0.3,175
215,1987,1,0.5,0,3,1,53,1.0,181
726,614,0,1.7,1,0,1,58,0.2,128
694,1310,0,1.4,0,0,0,33,0.4,105
863,1425,0,1.2,0,9,1,35,0.7,127
1765,765,1,2.5,0,3,0,44,0.3,88
1450,1249,1,0.5,0,3,1,55,0.8,140
565,1271,1,0.5,0,12,0,32,0.1,113
460,1742,0,2.3,1,9,1,43,0.4,170
1171,815,0,2.0,1,4,0,51,0.3,85
1809,683,1,2.1,0,7,0,30,0.1,197
434,728,0,2.3,1,4,0,23,0.8,111
904,1062,0,1.5,0,3,0,45,0.2,151
1852,648,1,1.8,0,1,1,60,0.1,195
5,1859,0,0.5,1,3,0,22,0.7,164
1638,667,0,2.6,1,3,0,8,0.8,185
246,862,1,0.8,1,3,0,23,0.4,165
719,1068,0,2.0,1,1,1,37,0.9,184
968,1923,0,0.5,1,7,0,46,0.5,191
542,569,0,0.6,1,2,0,39,0.1,184
788,1501,0,1.1,0,12,1,2,0.2,187
1215,1898,0,1.8,1,3,1,56,0.2,185
13,803,1,2.1,0,7,0,17,1.0,198
1540,1994,1,0.7,0,5,0,5,0.4,189
593,1395,1,2.8,0,0,1,55,0.6,118
465,1583,1,1.6,0,5,1,42,0.8,118
1379,771,0,2.9,0,2,0,62,0.7,106
375,775,1,2.6,0,0,0,30,0.4,189
1921,569,1,2.5,1,0,0,41,0.3,124
260,754,0,0.5,1,7,1,59,0.7,178
1645,1940,1,1.0,1,0,1,5,0.2,194
630,1645,1,1.8,0,1,0,21,0.7,123
30,1579,1,0.5,1,0,0,5,0.2,88
35,725,0,1.3,1,16,0,60,0.4,160
37,1725,1,1.6,1,6,1,6,0.5,119
144,1678,0,2.1,0,3,1,64,0.9,134
708,977,1,2.8,1,2,0,35,0.6,165
427,1755,1,1.3,0,0,1,24,0.1,134
2,563,1,0.5,1,2,1,41,0.9,145
57,987,0,1.3,1,0,1,61,0.4,107
393,1375,1,1.1,0,3,1,9,0.9,145
775,1160,0,1.1,0,1,1,63,0.7,166
1414,1550,1,2.7,0,2,0,32,0.1,126
326,1144,1,1.5,1,0,0,21,0.4,189
1833,1110,0,1.5,0,4,1,41,0.1,152
1016,551,1,2.8,0,0,1,54,0.1,172
84,1127,1,2.9,1,5,1,57,0.8,163
1871,1961,1,1.5,0,10,0,55,0.5,100
1674,1945,0,1.2,0,3,0,26,0.7,112
668,1677,0,1.8,1,4,0,11,0.7,124
96,1355,0,2.3,0,10,1,23,0.2,132
1163,1930,1,2.0,0,11,0,16,0.8,186
1731,1066,0,3.0,1,6,1,5,0.5,167
596,1175,0,0.6,0,10,0,25,0.1,145
932,1485,0,2.8,0,3,1,44,0.1,138
970,904,0,1.6,1,5,1,14,0.2,102
436,685,0,0.5,1,8,1,13,0.8,82
1150,877,0,1.3,1,9,1,46,0.8,135
763,1741,1,1.8,0,0,0,14,0.7,143
1006,919,0,0.5,1,11,0,13,0.3,159
1835,1680,1,1.2,1,6,1,37,0.7,168
1138,1413,1,1.7,0,2,0,10,0.2,200
1121,1545,0,1.3,1,15,1,35,0.1,173
626,1620,1,2.2,1,0,1,30,0.2,185
727,1590,0,0.6,1,0,0,7,0.3,122
1302,1928,0,2.6,0,5,0,5,0.8,162
750,1276,1,2.9,1,2,0,53,0.3,130
1193,1130,0,1.8,1,0,0,27,0.9,101
429,1048,1,0.9,0,10,1,28,0.8,194
692,781,0,1.1,0,2,0,38,0.4,198
852,814,1,1.1,1,2,0,41,0.8,177
145,1814,0,1.4,1,1,1,9,0.4,141
875,1413,0,0.6,0,0,1,13,0.1,128
1300,664,0,1.5,0,5,1,6,0.9,164
865,642,0,2.8,0,3,0,34,0.8,197
1524,1162,0,1.0,0,0,0,50,0.5,104
543,1590,0,1.9,1,3,1,21,1.0,160
193,1523,1,2.4,0,5,1,57,0.2,117
1635,1843,0,2.8,0,1,1,62,0.8,104
936,805,0,0.8,0,1,0,34,0.6,88
1838,720,1,0.9,1,12,1,14,0.8,165
813,721,1,1.3,1,10,0,16,0.9,125
951,633,1,1.4,0,0,1,46,0.7,102
878,1366,1,1.7,1,5,1,53,0.2,161
1426,1454,0,1.4,1,8,0,37,0.8,80
1355,1321,1,1.3,0,0,1,63,0.4,109
827,1628,0,0.5,0,5,1,33,0.9,101
848,825,1,1.5,0,11,0,38,0.4,94
1881,1802,1,1.2,1,8,0,27,0.5,116
1353,1436,0,2.5,1,0,1,42,0.9,124
597,561,1,1.0,0,0,0,11,0.1,163
842,966,0,2.0,0,8,1,34,0.5,118
714,1188,1,1.4,1,0,1,9,0.6,114
1908,689,0,1.4,0,2,0,45,0.5,103
681,1694,1,0.6,0,0,1,34,0.3,102
1142,1193,1,3.0,0,10,0,56,0.4,196
142,1537,1,2.5,0,4,1,43,0.3,137
1546,1776,0,2.2,0,2,0,20,0.9,82
787,1848,1,1.4,1,2,1,42,0.7,179
1117,1970,0,1.6,1,11,1,58,0.3,80
1093,1403,1,2.5,1,3,0,62,0.9,90
1294,589,1,0.5,0,1,1,59,0.7,146
1319,987,1,2.3,0,9,0,17,0.8,124
1277,1528,0,2.4,0,2,0,37,0.2,156
129,1571,0,1.4,0,0,1,19,0.1,100
877,1444,0,0.6,0,2,0,48,0.5,82
898,1372,1,2.7,0,7,0,34,0.4,193
959,1569,0,0.5,1,3,0,33,0.2,147
1053,623,1,0.9,0,1,1,3,0.1,102
1468,1425,1,0.6,0,0,1,33,0.5,89
1845,1546,1,0.5,1,3,1,6,0.2,101
497,1337,0,0.5,0,13,0,31,0.8,186
510,687,1,1.3,0,9,1,50,0.6,151
966,1910,1,1.7,0,0,0,34,0.6,115
885,730,1,1.3,1,6,0,6,0.9,167
1415,1759,1,1.4,0,10,1,15,0.4,101
820,1387,0,0.5,0,0,1,61,0.5,98
756,545,0,0.5,0,0,1,11,0.3,131
1853,1702,1,0.5,1,8,0,2,0.6,185
66,1358,1,0.5,0,11,1,36,0.3,155
789,1614,0,1.9,0,8,1,55,0.3,188
117,1084,1,2.6,0,3,1,40,0.9,107
1951,1327,0,2.8,0,10,0,23,0.5,89
1423,1333,0,1.4,0,3,1,59,0.7,183
686,1527,0,2.7,0,10,1,60,0.1,154
782,1592,0,2.1,0,6,1,50,0.1,181
1200,530,0,2.4,0,1,0,32,0.3,88
1793,1299,1,2.8,1,0,0,64,0.5,83
1808,1207,0,0.5,0,0,0,58,0.3,112
1757,1944,1,0.5,0,1,1,26,0.5,92
1076,516,0,1.1,1,0,1,39,0.4,91
1564,1273,1,0.7,0,1,0,23,0.6,178
169,1569,0,2.8,1,17,0,44,0.3,110
1577,999,0,1.7,0,6,0,49,0.6,132
220,850,1,1.6,1,6,1,29,0.5,133
1288,1541,1,2.8,1,10,1,28,0.2,165
975,892,1,0.5,0,0,1,47,0.4,94
1965,659,0,1.4,1,2,1,3,0.1,85
1880,1720,0,1.6,0,18,1,2,0.8,188
1705,1290,1,1.4,1,19,1,35,0.3,110
1968,1667,0,1.0,1,0,1,21,0.9,138
1440,1134,1,0.9,0,2,1,13,0.4,92
371,1011,0,1.1,0,4,1,36,0.2,131
1051,864,0,1.7,0,3,1,35,0.3,103
599,1835,1,2.3,0,4,1,11,0.1,193
1316,1924,0,2.6,0,0,1,59,0.9,136
998,1373,1,1.9,1,1,1,29,0.9,141
1181,1271,0,1.5,1,0,0,2,0.9,161
79,1103,0,1.0,1,6,0,29,0.7,111
289,615,1,0.5,1,0,0,42,0.6,163
1851,1077,1,2.5,0,13,1,49,0.6,131
1258,1872,1,0.5,1,14,0,49,0.2,139
1687,535,0,1.9,0,5,0,24,0.2,190
608,1975,1,1.5,0,6,1,16,0.9,128
943,1428,1,1.6,0,0,0,7,0.1,153
1094,688,1,1.5,0,0,0,2,1.0,89
1648,645,0,2.5,0,10,1,63,1.0,174
1950,1561,1,1.6,1,1,1,27,0.8,174
1770,1946,0,2.7,1,8,0,8,0.3,123
1285,1724,1,1.8,0,0,1,9,0.8,100
351,1557,0,2.8,1,16,0,2,0.1,123
1356,1021,0,1.3,0,7,0,9,0.7,192
361,899,0,0.5,1,13,1,57,0.9,172
345,654,1,1.3,0,0,1,52,0.7,196
857,1550,1,2.5,0,6,0,21,0.8,133
711,1744,1,1.0,0,1,1,20,0.5,112
838,854,0,0.5,0,2,0,30,0.5,125
1420,904,0,2.7,1,4,0,19,0.6,147
1497,1375,0,2.9,0,2,0,20,0.4,147
422,1503,1,0.7,0,10,1,43,0.2,166
303,1464,1,0.5,1,11,0,12,0.9,117
1983,1262,0,1.8,1,12,0,34,0.1,149
14,1866,0,0.5,0,13,1,52,0.7,185
1056,812,0,0.5,1,1,0,64,1.0,106
1454,832,1,0.5,0,5,1,22,0.6,198
183,959,1,2.6,1,15,0,20,1.0,84
1397,717,0,1.1,1,2,1,14,0.1,99
703,1413,0,0.5,1,4,1,39,0.1,185
1671,1146,0,3.0,0,5,1,57,0.4,111
162,1296,0,0.9,1,0,1,14,0.5,124
1000,594,0,0.8,0,2,1,28,0.1,132
1713,1083,1,1.4,1,2,1,49,0.8,156
532,777,1,2.6,0,3,0,30,0.9,148
741,1972,0,1.2,1,0,0,37,0.7,102
1270,1053,0,2.9,0,7,0,42,0.9,126
177,1949,0,1.3,1,0,0,23,0.1,101
1265,503,1,1.8,1,1,1,13,0.7,131
1112,586,0,0.5,1,1,0,57,0.3,188
397,880,1,1.7,1,0,0,33,0.7,173
841,510,0,1.7,1,3,0,35,0.8,120
211,1539,1,2.6,0,0,0,41,0.1,159
87,1083,1,2.9,1,1,1,64,0.8,178
667,600,0,0.5,0,1,0,48,0.8,191
661,1897,0,3.0,0,1,1,21,0.5,192
1010,683,0,0.7,0,5,0,19,0.9,173
414,707,0,2.1,1,2,0,25,0.8,131
791,1520,0,0.5,0,1,1,24,0.7,199
1800,1358,0,1.7,0,0,0,60,0.6,147
1017,1221,0,0.5,0,1,1,28,0.5,139
71,1407,1,2.4,0,1,1,22,0.7,104
1466,1045,1,1.2,1,3,1,40,0.1,175
52,1654,1,1.5,1,0,1,43,0.3,109
1245,1670,1,1.6,1,0,0,47,0.8,139
487,1663,1,2.5,1,13,1,27,0.3,169
229,1689,0,1.8,0,17,0,24,0.3,127
292,1995,1,1.9,0,6,0,9,0.8,139
1897,1075,0,0.5,1,2,0,11,0.2,122
907,1800,1,3.0,0,5,0,53,0.3,87
1487,761,1,0.5,0,9,0,3,0.8,196
1312,1142,1,1.1,0,0,1,6,0.5,198
1730,1607,0,1.1,1,6,1,20,1.0,192
1165,1268,1,2.9,0,9,1,42,0.9,182
602,1719,1,2.0,0,0,0,12,0.3,122
1151,696,1,2.4,0,11,1,35,0.2,103
1269,1512,0,0.6,1,1,1,54,0.4,134
803,880,0,1.7,0,2,0,6,0.6,198
464,1067,1,2.4,1,3,1,40,0.6,122
1389,1801,0,0.5,1,6,0,52,0.9,120
1561,1076,0,2.3,1,0,1,14,0.7,191
1336,1811,1,2.5,0,4,1,5,0.6,98
1568,729,1,2.0,0,0,0,14,0.6,135
946,1625,1,0.5,1,2,1,50,0.1,107
1739,1044,0,1.8,0,4,1,12,0.7,104
475,1122,0,1.2,0,9,0,2,0.6,120
1136,564,0,3.0,1,1,0,8,0.7,130
451,972,1,1.7,0,0,1,54,0.7,107
1915,936,0,1.0,0,1,0,18,0.2,153
624,1919,0,1.5,0,5,1,48,0.8,150
1963,1906,1,1.9,1,3,0,55,0.2,113
948,1631,0,0.5,0,2,1,13,0.5,166
61,799,1,2.3,0,1,1,63,0.8,144
1849,1786,0,1.2,0,11,0,61,0.1,123
418,1483,0,2.1,0,1,1,54,0.2,176
1130,1975,1,1.9,1,2,0,31,0.9,151
1249,504,1,2.8,1,2,0,54,0.4,163
391,1036,1,2.4,0,0,0,39,0.2,119
1314,1901,1,0.5,0,5,1,41,0.6,131
178,947,0,0.8,1,0,1,22,0.1,197
1807,713,0,1.4,1,4,0,53,0.8,98
307,1751,0,0.5,1,6,0,8,0.6,178
814,1188,1,1.5,1,0,0,54,0.3,198
159,1840,0,0.5,1,12,0,34,0.7,142
1723,1002,0,2.6,1,7,0,27,0.1,146
1911,1259,0,1.2,1,0,0,13,0.5,97
1632,1362,1,2.9,0,0,0,47,0.5,186
0,842,0,2.2,0,1,0,7,0.6,188
1437,1933,0,2.8,1,1,0,16,0.5,154
120,1701,1,1.6,1,3,0,10,0.3,194
7,1954,0,0.5,1,0,0,24,0.8,187
967,1807,0,2.0,1,0,1,13,0.5,155
160,1481,1,0.7,1,4,1,37,0.6,96
1240,1994,1,0.8,1,2,1,7,0.6,88
862,1065,1,0.5,0,0,1,14,0.7,89
1406,1731,1,2.3,1,18,0,60,0.5,171
288,1191,0,1.3,1,16,1,26,0.8,84
717,1397,0,2.4,1,5,1,3,0.2,121
514,1074,0,2.4,1,2,1,9,0.9,103
1411,714,1,0.5,0,1,0,30,0.3,145
1998,1512,0,0.9,0,4,1,46,0.1,145
1024,950,1,0.5,0,9,0,55,0.1,156
1351,1885,0,2.4,1,12,1,14,0.6,92
1848,1792,1,1.0,0,3,1,62,0.3,170
108,1135,1,2.0,1,0,0,46,0.3,83
1342,1974,0,0.5,1,9,0,10,0.8,145
606,1871,1,2.0,0,7,1,20,0.1,81
766,1872,1,0.9,1,0,0,16,0.5,80
1083,1330,0,1.1,0,11,0,37,0.7,126
1522,826,1,2.4,1,14,1,57,0.6,117
85,1412,1,2.4,0,5,0,25,0.8,96
1317,1825,0,1.1,1,13,1,17,0.1,157
829,833,1,2.2,0,4,0,27,0.9,124
137,866,0,0.5,1,5,1,46,0.5,179
589,1219,0,1.0,1,0,0,17,0.7,196
1521,1128,1,0.5,1,6,0,33,0.6,147
312,894,0,0.5,1,1,1,50,0.5,199
432,1421,0,2.8,0,0,1,57,0.4,165
1563,911,1,2.2,1,1,1,28,0.5,182
454,932,0,1.3,0,1,0,64,0.7,154
1734,1285,0,0.8,1,4,1,11,0.8,199
1504,1731,1,1.4,1,4,1,4,0.5,163
1182,709,0,1.9,0,11,1,13,0.1,81
1054,1793,0,0.7,1,11,0,27,0.4,154
1394,1004,0,1.6,1,0,1,30,1.0,160
1403,1328,1,0.5,0,5,1,27,0.3,144
1225,721,0,0.5,1,6,1,6,0.4,194
1448,1392,0,2.5,0,0,1,44,0.7,113
1400,1325,1,0.5,0,0,1,13,1.0,133
76,1114,0,2.8,0,4,1,9,0.4,197
1943,719,0,2.9,0,7,0,6,0.7,102
853,1195,1,1.1,1,2,1,8,0.9,80
1995,794,1,0.5,1,0,1,2,0.8,106
1512,1695,0,2.3,1,1,0,34,0.4,84
1105,1510,1,2.5,1,11,0,47,0.7,138
1956,555,1,0.5,1,2,0,17,0.2,163
191,1562,1,1.3,1,1,1,7,0.2,190
255,973,1,1.5,0,5,1,57,0.2,190
158,1356,0,2.8,0,0,0,29,0.5,198
819,1236,0,0.9,1,2,1,57,0.1,188
219,1551,0,1.1,0,4,0,51,0.1,88
1315,1510,0,0.6,1,1,0,32,0.7,135
513,1417,1,0.5,0,10,1,45,0.9,166
484,1579,1,1.5,0,0,0,27,0.2,142
1573,793,1,1.9,1,0,1,43,0.3,124
1346,1446,1,2.8,1,0,1,18,0.3,178
799,1567,0,2.1,1,3,0,22,0.8,153
1273,627,1,1.6,1,3,1,12,0.2,131
202,1087,0,1.3,0,0,1,16,0.3,166
762,829,0,0.5,0,0,0,56,0.6,129
356,1828,1,2.1,1,0,0,17,0.9,199
468,765,0,2.9,0,0,1,18,0.1,153
823,1593,1,1.0,0,0,1,52,0.7,130
577,934,0,1.1,0,7,0,24,0.8,112
1329,1384,1,2.8,1,15,0,60,0.1,82
1081,530,1,2.6,0,1,0,40,0.9,118
1260,1097,0,1.4,0,0,0,60,0.8,181
1326,769,1,1.2,0,2,0,17,0.1,95
325,920,0,2.1,1,5,0,25,0.4,115
1618,502,0,0.8,0,7,0,52,1.0,82
1458,1368,0,0.5,0,10,1,42,0.2,91
1467,1497,1,0.9,1,4,1,10,0.1,153
176,685,0,0.5,0,2,0,29,0.8,93
1324,1507,1,0.9,1,0,1,42,0.4,123
1834,616,1,2.2,0,3,1,21,0.8,150
367,825,0,2.9,1,0,0,34,0.8,99
1815,1766,1,0.5,1,1,0,16,0.6,141
1542,1908,0,0.5,0,9,1,30,1.0,111
101,1732,1,1.1,0,4,1,12,0.8,119
1220,580,1,2.1,1,0,0,24,0.4,135
362,1976,1,0.7,1,4,0,32,0.8,171
995,1456,0,1.6,1,5,0,49,0.2,193
107,1657,1,2.4,0,3,0,42,0.1,198
1895,1349,1,2.1,1,3,0,46,0.9,134
618,843,0,1.8,1,0,0,16,0.1,166
442,902,1,0.7,0,3,0,3,0.3,134
640,600,0,0.5,0,0,0,14,0.8,112
490,685,0,2.7,0,7,0,17,0.3,174
728,1945,0,1.6,0,4,0,21,0.7,113
1207,627,0,1.8,0,2,0,20,0.8,142
1114,781,1,1.3,1,1,0,64,0.2,88
323,1379,1,2.1,1,14,1,63,1.0,83
1934,1405,0,1.7,0,0,0,8,0.3,107
673,710,1,0.5,0,6,0,32,0.8,151
1146,1923,0,1.0,1,5,1,14,0.9,154
38,790,0,2.0,1,16,1,11,0.3,87
564,574,0,2.8,1,16,0,38,0.1,90
1685,1521,1,1.6,0,5,1,62,0.3,143
1864,1220,1,2.8,0,1,0,54,0.7,109
1170,1100,1,1.6,0,12,0,15,0.1,112
385,1880,1,1.8,0,4,1,18,0.7,138
768,1149,1,2.2,0,4,0,30,0.2,106
1048,1960,1,2.1,0,1,0,7,0.2,165
231,1313,1,1.8,1,4,0,9,0.4,105
506,1260,1,2.0,1,2,1,23,0.2,123
1920,591,1,0.5,1,1,1,16,0.9,90
1615,1086,0,2.7,0,0,1,24,0.1,135
251,1210,0,0.5,0,0,0,63,0.1,93
1393,1444,1,2.1,1,0,0,6,0.9,103
1390,1726,1,1.9,0,1,1,42,0.6,106
1363,796,0,0.5,0,2,0,12,0.5,114
479,1589,1,2.2,1,2,0,58,0.1,128
1586,546,1,2.6,1,5,0,26,1.0,159
1729,1982,0,1.1,0,12,0,24,0.1,129
824,1722,1,1.0,0,7,0,25,0.8,88
1049,673,1,1.7,1,3,1,22,0.1,88
1742,657,1,1.9,1,2,0,21,0.1,110
1548,1410,1,0.5,1,0,1,15,0.3,92
1669,1487,0,1.5,0,5,1,42,0.8,120
1755,1322,0,2.3,1,1,1,35,0.1,157
447,1349,0,2.0,1,15,0,62,0.3,114
1334,1039,0,0.5,1,8,0,47,0.2,130
881,1187,0,2.3,0,0,1,21,0.2,122
1057,980,1,0.5,0,0,1,33,0.9,160
1030,1681,1,2.5,1,6,0,18,0.3,167
957,1754,1,2.1,1,1,1,52,1.0,101
1887,1719,1,2.1,1,0,0,52,0.1,187
1990,1617,1,2.4,0,8,1,36,0.8,85
1069,1414,0,2.6,0,1,0,27,0.6,137
1919,1318,1,2.4,0,1,1,45,0.1,136
1715,1969,0,0.8,1,5,1,7,0.2,85
1868,1766,1,0.5,1,1,1,22,0.8,122
44,1195,1,2.8,0,1,1,20,0.8,110
154,1547,0,2.9,1,6,0,45,0.7,166
1748,936,1,2.3,0,5,1,57,0.2,129
1888,1544,0,2.4,0,18,1,12,0.1,186
411,1582,0,2.8,0,2,1,44,0.5,112
428,1197,0,1.3,0,3,1,20,0.5,149
1349,1576,1,0.9,1,0,1,14,0.4,173
98,657,0,2.5,0,0,0,37,0.7,141
50,1547,1,3.0,1,2,1,14,0.7,198
1196,1735,0,1.8,1,16,0,34,0.1,140
143,786,0,2.2,1,0,0,33,0.5,141
240,633,1,2.2,0,0,1,49,0.1,139
859,623,0,2.0,0,2,0,6,0.1,127
319,1097,0,2.1,1,6,0,64,0.2,161
1637,1695,1,0.5,1,2,1,47,0.5,189
911,1284,1,2.8,1,0,0,10,0.9,155
1912,695,0,1.2,0,1,1,41,0.4,169
590,612,1,0.7,0,6,0,35,0.6,181
1301,1874,1,0.6,0,1,0,19,0.8,192
398,1323,1,2.5,1,10,1,28,0.2,131
331,1867,0,2.3,0,0,1,9,0.1,191
659,966,1,0.6,0,9,1,50,0.2,117
1735,753,1,0.5,0,11,1,48,0.1,121
537,737,1,2.4,1,7,0,49,0.6,193
49,596,0,2.1,1,9,0,64,0.8,111
705,1519,0,2.9,0,2,0,30,0.7,112
971,1239,0,1.2,1,5,1,52,0.9,122
1708,1849,1,0.5,0,1,0,29,0.5,181
388,1117,0,0.5,0,1,0,12,0.6,144
1558,769,0,0.5,1,12,1,54,0.2,112
1286,584,1,1.8,0,0,1,19,0.3,168
979,1866,1,2.5,1,3,1,47,0.8,89
95,1137,1,1.0,0,18,0,7,1.0,196
1239,1240,0,1.6,0,0,0,39,0.1,146
983,1175,1,1.3,0,2,0,19,0.3,164
1515,595,0,2.6,0,0,1,20,0.4,122
190,596,0,1.4,0,8,0,46,0.6,165
268,1283,1,1.6,1,4,0,47,0.9,93
837,787,1,0.5,0,15,0,11,0.6,93
1446,1142,1,1.4,1,6,0,6,0.7,190
250,893,0,2.5,1,0,0,55,0.6,183
508,581,0,2.2,0,0,0,59,0.7,185
115,1900,1,2.3,0,1,1,18,0.2,89
328,1430,0,0.5,1,1,0,27,0.5,183
445,1608,0,1.8,1,7,0,28,0.4,183
265,1992,1,1.6,0,5,1,57,1.0,100
1289,615,1,0.5,1,7,0,58,0.5,130
825,1954,0,0.6,1,8,0,7,0.9,126
1901,965,1,1.4,0,1,0,13,0.9,197
778,774,1,0.6,1,2,1,8,0.4,136
1244,718,0,2.8,0,10,0,59,0.8,113
1759,1020,1,0.7,1,3,1,27,0.7,128
1434,1811,1,0.5,1,0,0,32,1.0,115
1276,586,0,1.4,1,10,1,8,0.5,142
1530,571,1,2.0,1,5,1,58,0.6,101
638,955,0,0.5,1,4,0,43,0.9,143
652,1462,1,1.7,1,1,0,25,0.2,182
700,561,1,2.1,1,7,1,2,0.1,193
628,1359,1,0.5,1,1,1,58,0.5,107
252,708,1,2.7,1,0,1,63,1.0,195
1211,713,1,1.6,0,7,1,2,0.4,181
156,637,0,2.3,0,3,1,60,0.8,97
850,840,0,0.6,0,0,1,63,0.8,137
1913,1969,0,1.2,1,9,0,63,0.2,132
536,577,0,2.4,0,8,1,37,0.9,161
1155,1414,1,2.2,1,0,1,49,0.5,101
1027,502,0,1.5,1,7,0,37,0.2,199
1924,1982,1,1.6,0,2,1,12,0.2,80
553,1544,0,2.3,0,12,1,45,0.1,113
1096,1154,0,2.0,0,6,1,35,0.8,159
889,1829,0,1.7,0,0,0,36,0.8,112
856,994,1,2.8,1,0,0,56,0.5,173
1805,534,0,0.5,1,4,0,2,0.2,85
279,823,1,0.5,0,0,0,39,0.4,187
1180,1479,1,1.8,1,0,1,24,0.1,146
171,1854,0,3.0,0,2,1,8,0.1,101
1928,1283,1,2.4,1,8,1,33,1.0,93
1566,1317,0,1.5,0,6,0,12,0.1,154
1776,1072,1,2.2,1,6,0,19,0.4,114
140,1753,0,0.5,1,0,1,31,0.1,134
296,1595,1,2.6,0,7,0,12,0.3,121
956,862,0,2.3,0,9,1,6,0.1,107
21,1709,1,2.1,0,1,0,13,1.0,156
181,1165,1,2.4,0,11,0,41,0.2,178
583,1813,1,0.6,1,0,1,5,0.2,198
321,1980,0,0.5,1,2,1,29,0.8,177
1203,1487,0,0.5,0,6,1,57,0.7,84
485,1277,0,3.0,0,0,1,41,0.3,200
408,1504,0,1.5,0,12,1,34,0.7,142
874,1332,0,0.8,1,2,0,11,0.5,187
1686,1314,1,2.8,1,13,1,5,1.0,87
274,793,0,1.0,1,5,1,30,0.9,133
1630,1194,0,2.3,0,6,1,34,0.2,165
1933,897,1,2.0,0,3,1,2,0.6,154
603,1770,0,2.3,1,0,0,7,0.8,128
1161,1910,0,1.4,0,0,0,29,0.6,146
1097,1375,0,0.5,1,2,1,35,0.1,194
473,932,1,0.5,0,1,1,60,0.7,104
1435,688,1,2.5,0,9,0,40,0.2,109
1837,983,0,0.6,1,0,1,45,0.1,130
222,1225,1,2.1,1,8,0,13,0.5,116
1322,808,0,1.9,0,7,0,20,0.8,185
1977,1379,0,1.1,1,1,1,18,0.2,129
83,1008,0,0.8,0,11,0,61,1.0,114
990,1483,1,2.6,1,13,0,19,0.6,146
1825,842,1,1.8,1,4,0,57,1.0,124
647,1762,1,2.7,1,13,1,25,0.9,189
1060,1408,1,2.5,0,3,0,32,0.1,151
167,1126,1,2.4,0,2,1,10,0.4,160
562,1758,1,0.5,0,11,1,13,0.6,190
1806,628,1,1.8,0,5,0,60,0.2,87
1657,1208,0,2.9,0,5,1,16,1.0,175
1123,1729,1,2.1,1,1,0,12,0.9,186
1074,518,1,2.4,0,0,1,62,0.6,128
1732,681,0,0.5,1,12,1,17,0.9,194
235,1523,1,1.8,0,6,1,11,0.1,129
783,1067,0,1.8,1,11,0,14,0.2,146
25,961,1,1.4,1,0,1,57,0.6,114
136,1272,1,2.5,1,0,0,22,0.9,133
1162,865,0,1.2,1,8,0,59,0.1,159
188,1905,1,0.5,0,3,1,6,0.5,151
1197,1129,1,2.8,1,0,0,49,0.5,185
318,508,0,0.8,0,7,1,42,0.3,94
1128,1671,0,0.5,1,13,0,5,0.9,179
1654,1727,1,2.1,1,10,0,57,0.3,158
1543,790,0,0.5,1,7,1,44,0.1,89
1612,1604,0,1.2,0,1,0,6,0.5,191
530,1076,1,2.6,0,3,1,38,0.7,119
192,1490,1,0.5,1,4,1,64,0.3,150
1812,1565,1,0.5,0,0,0,38,0.1,121
1227,1426,1,2.5,0,2,1,55,0.4,109
870,1673,0,2.8,1,7,0,9,0.1,187
1840,1564,0,1.5,1,1,0,42,0.7,108
461,1512,1,1.7,0,12,0,6,0.7,162
854,767,0,0.8,0,7,1,10,0.5,107
1187,1300,1,0.5,0,5,0,62,0.1,156
1341,1423,0,0.6,0,12,0,44,0.8,131
871,712,1,1.6,0,6,1,9,0.8,172
65,616,0,1.9,1,13,1,44,0.8,81
1284,991,0,2.0,0,2,1,12,0.3,158
1737,987,1,1.9,0,4,1,52,0.5,83
1066,1809,0,0.5,0,6,0,23,0.7,123
285,1172,0,1.9,0,0,1,27,0.7,164
844,1986,0,0.5,0,7,0,51,0.4,95
921,1624,1,2.6,1,0,0,58,1.0,200
759,1030,0,1.6,1,3,1,58,0.2,138
1214,582,0,0.5,0,8,0,32,0.7,107
894,1497,1,0.7,0,5,0,32,0.7,92
584,946,1,2.6,1,17,0,5,0.1,166
941,743,0,0.5,1,0,1,33,0.3,95
400,1266,0,1.9,1,0,1,7,0.2,184
218,1886,0,0.5,0,0,1,24,0.4,112
1099,1697,0,0.5,0,0,1,60,0.1,90
613,557,1,1.6,0,0,0,24,0.5,125
938,894,0,0.9,0,5,1,54,0.2,130
1257,1449,1,0.5,1,0,0,52,0.6,105
1153,1526,0,1.1,1,2,1,38,0.3,116
417,651,1,0.8,1,2,1,63,0.2,176
1305,1023,1,2.3,1,5,1,30,0.2,80
1953,727,1,2.5,1,0,1,64,0.2,193
1238,1597,1,0.9,0,4,1,4,0.5,85
1499,1742,1,0.5,1,5,1,43,0.9,176
1104,989,1,1.8,1,4,1,55,0.7,124
271,730,0,2.1,1,0,1,4,0.1,89
1166,999,1,1.8,1,0,1,27,0.1,167
1931,1854,0,0.9,1,0,1,33,0.4,195
1233,1164,1,2.6,1,0,0,61,0.3,88
935,1231,0,0.7,1,2,0,7,0.9,113
1348,1498,1,1.2,1,0,1,14,0.1,191
1124,680,1,2.1,1,9,1,9,0.1,131
1803,1445,0,2.2,1,2,0,37,0.4,82
1509,1972,1,1.6,0,0,0,48,0.5,92
1997,1911,0,0.9,1,1,1,36,0.7,108
1545,1660,0,0.5,0,2,1,15,0.7,100
1936,1035,1,2.7,0,1,0,40,0.2,157
360,809,0,0.8,0,10,0,21,0.9,91
20,772,0,1.1,1,12,0,39,0.8,81
746,1884,0,2.1,1,7,1,43,0.8,185
1345,947,1,0.5,0,1,1,51,0.1,144
1904,1494,0,1.6,0,3,1,45,0.8,158
1507,1575,0,2.5,1,0,1,11,0.2,185
1085,1741,1,0.5,0,1,1,55,0.1,140
283,659,0,2.7,0,6,1,6,0.5,110
1368,541,1,2.3,0,4,0,51,0.4,200
306,1956,0,2.2,0,0,1,37,0.5,87
1246,534,1,2.5,0,1,1,21,0.3,164
1190,1092,1,0.5,1,10,0,11,0.5,167
1429,1581,1,1.0,0,9,0,41,0.4,172
149,506,0,1.6,0,6,1,41,0.8,159
999,1777,1,3.0,0,3,0,20,0.6,188
1600,1776,1,2.1,1,10,0,35,0.1,172
1072,1342,0,1.0,0,0,1,31,0.6,86
952,1444,1,2.1,0,9,0,38,0.4,104
1409,851,0,2.3,1,7,1,54,1.0,101
322,1504,0,2.3,1,1,0,64,0.9,182
36,589,1,2.3,1,1,0,61,0.6,160
976,1778,0,0.5,0,0,1,23,0.5,101
958,1008,0,2.5,0,3,0,36,1.0,109
805,1642,1,1.6,1,0,0,5,0.4,102
1256,1747,0,0.5,0,4,0,13,0.7,185
383,864,1,3.0,1,0,1,54,0.7,187
179,801,1,2.2,1,2,0,63,0.4,165
27,956,0,0.5,0,1,1,41,1.0,143
342,1989,1,2.9,1,8,0,17,0.1,193
233,1442,0,1.0,1,0,0,27,0.1,192
1646,855,1,0.5,0,2,1,59,0.5,159
496,1554,1,0.5,1,11,0,5,1.0,124
1636,1561,0,0.5,1,10,1,4,0.5,134
452,1406,0,0.5,1,2,1,34,0.8,98
1620,623,0,1.4,1,0,1,15,0.2,189
130,1414,0,2.0,1,2,0,54,0.8,99
992,1090,0,1.3,1,5,0,27,0.1,91
324,1698,0,2.1,0,5,1,18,0.9,160
666,890,1,2.2,1,4,0,44,0.5,198
182,1082,0,0.8,0,0,0,38,0.1,198
867,1498,1,0.7,0,3,1,8,0.1,170
1465,510,0,2.6,0,0,0,33,0.1,110
12,1815,0,2.8,0,2,0,33,0.6,159
1361,1549,1,1.5,1,0,1,27,0.4,113
1111,1735,1,1.9,1,0,1,59,0.7,148
1894,1549,1,1.8,1,0,0,62,0.7,91
866,1664,1,2.9,1,9,1,15,0.5,177
642,1063,1,2.5,0,0,1,31,0.9,95
595,652,0,0.5,1,1,0,58,0.6,142
1508,1554,0,2.8,1,7,0,23,0.1,105
1447,1002,0,2.7,1,16,1,11,0.4,185
991,860,1,1.6,1,13,0,48,0.5,187
940,1456,0,1.6,1,9,1,39,0.1,80
1794,1494,0,1.9,0,2,1,47,0.4,129
1867,1193,1,2.3,0,7,0,20,1.0,158
297,1329,1,1.0,0,1,0,52,0.9,181
1531,1770,1,2.3,0,0,0,9,0.6,183
491,1889,0,2.8,0,5,1,31,1.0,132
1313,730,1,0.5,1,3,1,27,0.1,112
1760,1936,0,1.3,0,2,0,44,0.1,139
1337,1159,0,1.5,0,3,0,36,0.4,104
1122,1871,0,2.1,0,4,1,41,0.4,144
1503,1762,0,0.7,0,7,0,60,0.1,157
1338,1848,0,1.3,1,7,0,12,0.1,178
394,1945,0,1.6,1,0,1,57,0.3,195
1428,1823,0,2.8,1,11,0,10,0.6,81
1455,867,1,1.5,0,0,1,57,0.1,159
1656,1150,1,0.5,1,4,1,27,1.0,134
1303,888,0,2.6,1,2,1,33,0.4,198
1461,1201,1,0.5,0,1,1,10,0.4,198
528,1671,0,0.6,1,7,1,61,0.1,129
1843,1356,1,0.5,1,0,0,35,0.8,131
906,1983,1,1.2,1,6,1,27,0.6,125
1116,1224,1,1.8,1,2,1,44,0.2,139
3,615,1,2.5,0,0,0,10,0.8,131
1596,832,1,0.5,1,1,1,5,0.1,165
1766,993,1,2.3,1,0,0,16,0.4,106
1717,1337,1,2.7,1,0,0,5,0.7,200
923,1027,1,2.2,0,0,0,63,0.8,102
126,826,1,2.4,1,0,1,58,0.3,88
615,880,0,0.5,1,1,0,44,0.5,172
1290,912,1,2.8,1,6,1,46,0.4,84
1552,1562,1,0.7,0,0,0,55,0.1,140
10,769,1,2.9,1,0,0,9,0.1,182
962,1660,0,2.8,1,4,0,7,0.8,184
311,1707,0,1.4,0,0,0,41,0.8,80
1062,587,1,2.5,0,16,1,51,0.6,111
272,1053,1,0.8,1,7,1,45,0.3,103
1981,1454,0,2.6,0,8,0,6,0.4,199
1827,1692,0,2.1,0,4,1,2,0.9,106
421,1178,0,2.2,1,6,0,57,0.3,84
913,1763,0,2.9,1,1,1,53,0.2,101
1002,511,1,0.6,1,12,0,50,0.1,175
259,1559,1,1.6,1,6,1,6,0.5,162
619,598,0,2.3,1,7,0,21,0.7,196
1222,1237,0,0.5,0,2,0,27,0.1,87
706,1254,0,1.2,1,2,0,50,0.7,108
1005,1270,1,2.3,0,0,0,58,0.5,104
1961,672,1,0.6,1,13,0,61,0.1,194
1489,772,1,1.2,1,7,1,8,0.6,134
402,1479,0,0.5,0,8,0,19,0.6,156
1131,831,1,0.7,0,2,1,62,0.7,134
47,1054,1,1.8,1,3,1,40,0.8,196
1404,1447,0,0.5,0,3,0,40,0.7,184
699,1979,1,2.9,1,0,1,19,1.0,176
1811,537,1,2.0,0,1,1,55,0.3,103
1110,745,1,0.6,1,5,0,35,0.8,102
1641,1109,1,2.8,1,6,0,57,0.9,151
299,1656,1,0.5,1,8,1,38,0.1,105
26,519,1,1.6,1,7,1,51,0.3,132
1059,1925,0,3.0,1,0,1,16,0.8,175
950,1382,1,0.5,0,7,1,13,0.3,199
1680,1826,1,0.5,1,5,1,49,0.6,172
264,1722,0,2.6,0,8,0,18,0.8,177
927,959,1,1.7,0,15,0,13,0.4,155
519,1928,1,1.8,0,9,1,19,1.0,187
690,1403,0,2.7,0,2,1,26,0.1,164
1033,1632,1,1.4,0,0,0,41,0.1,132
555,1230,1,2.2,1,6,0,26,0.8,123
1666,1715,1,0.5,1,1,1,18,0.1,96
1082,1044,1,2.8,1,7,0,33,0.6,129
380,1874,1,2.7,1,10,0,8,0.9,166
806,1511,0,2.5,1,3,0,21,0.2,114
109,1775,1,1.5,0,3,0,41,0.1,163
1891,1367,0,2.9,0,4,0,56,0.8,176
114,1804,0,0.5,0,9,1,22,0.6,153
1763,994,0,1.2,1,4,0,40,0.9,164
1930,732,1,1.3,0,5,1,32,0.4,163
1179,1880,0,0.5,0,0,1,7,0.6,104
1949,757,1,0.9,1,4,0,64,0.5,157
781,1368,0,3.0,1,10,0,50,0.2,97
1622,1057,1,2.7,0,3,1,41,0.1,97
81,999,0,2.9,1,11,1,64,0.2,199
1139,831,0,2.4,0,10,0,55,0.5,86
912,626,0,0.7,1,2,1,23,0.5,187
1529,1831,1,2.2,1,4,0,55,1.0,189
1052,547,0,1.9,1,1,0,37,0.4,154
373,1067,1,1.7,1,0,0,58,0.5,135
478,1615,0,0.5,0,14,0,15,0.1,132
1480,603,0,1.5,0,8,0,12,0.7,114
914,694,1,1.8,1,15,0,36,0.4,193
74,797,1,2.9,1,4,0,38,0.5,90
1640,1269,1,2.8,1,16,0,41,1.0,180
1080,1076,0,2.5,0,3,0,14,0.2,105
1271,1944,1,1.8,1,0,1,31,0.8,87
1318,1275,1,0.5,1,3,1,5,0.2,152
1722,1831,1,2.3,0,3,1,44,0.2,148
605,1878,0,1.5,1,5,1,56,0.3,139
571,1627,0,0.9,1,9,1,32,0.1,180
674,1034,0,2.6,1,2,1,45,0.3,190
104,553,0,2.4,1,1,1,8,0.5,121
175,946,0,1.7,1,8,1,25,0.8,143
1575,625,0,2.7,1,2,0,42,0.8,138
1028,957,1,0.7,0,0,1,4,0.1,160
556,1552,0,1.2,0,10,1,53,0.3,180
80,1589,1,0.6,1,0,1,58,0.9,85
1873,1442,0,0.6,1,1,0,27,0.4,127
1689,1219,0,1.6,1,5,0,4,0.3,169
1433,659,0,2.2,0,0,1,24,0.7,151
622,1225,0,0.7,1,0,1,2,0.6,138
582,1232,0,2.9,1,1,1,24,0.3,169
1810,594,1,2.6,0,1,0,27,0.1,196
1370,1414,0,0.5,0,0,1,15,0.8,168
1098,1827,1,0.8,0,4,0,61,0.9,130
723,1271,0,0.5,1,2,0,54,0.1,159
1479,1806,1,2.0,1,2,1,54,0.1,117
1883,1205,1,2.7,0,5,0,10,0.1,163
611,1958,1,1.9,1,0,0,4,0.2,190
994,818,0,1.3,0,14,0,43,0.9,177
930,1558,1,2.4,0,0,1,27,0.1,146
1743,1673,1,1.6,0,2,0,42,0.5,182
89,1309,0,1.1,1,0,0,33,0.5,100
470,752,0,0.5,1,1,0,48,0.7,87
1813,1052,0,0.9,0,1,0,6,0.8,195
901,783,1,1.7,1,9,1,27,0.3,150
909,868,0,1.7,0,0,0,30,0.8,83
340,821,0,1.8,1,5,0,54,0.1,109
1819,935,1,0.5,1,3,1,58,0.1,155
779,819,1,2.5,1,0,1,11,0.2,83
354,848,1,2.1,1,10,1,19,0.8,148
1330,1766,1,1.3,0,1,0,29,0.5,194
290,1893,1,2.1,1,8,0,63,0.2,134
1693,695,0,0.5,0,18,1,12,0.6,196
341,811,1,2.4,1,5,1,2,0.3,106
502,1661,1,0.8,1,1,1,6,1.0,109
1857,914,1,0.7,0,1,1,60,0.9,198
1659,770,1,1.5,1,6,0,61,0.2,196
1506,848,1,1.5,1,4,1,36,0.3,151
515,1832,0,0.7,0,2,0,2,0.6,90
63,1720,0,2.0,0,15,1,55,0.5,168
1470,1576,1,2.0,0,0,1,20,0.6,148
1967,1783,0,2.9,1,2,0,42,0.7,104
128,1957,0,0.9,1,11,0,31,0.6,181
1451,531,1,0.5,1,0,1,12,0.5,121
1714,1698,0,2.8,0,10,1,7,0.8,131
1457,840,0,0.9,1,6,0,33,0.7,150
882,1156,1,2.7,1,1,1,30,0.9,173
379,1187,1,2.2,0,0,1,46,0.4,145
205,765,0,0.5,1,0,1,47,0.3,115
1973,816,0,3.0,1,2,0,9,0.1,117
1464,776,1,1.7,0,0,1,20,1.0,146
931,582,0,0.5,1,3,0,27,0.2,168
1769,733,1,0.6,1,0,0,63,0.3,105
276,1662,0,0.5,0,0,1,61,0.8,126
1712,1783,1,0.5,0,8,0,14,0.6,183
438,853,1,2.0,0,10,1,3,0.6,200
1460,1714,0,0.5,1,7,0,31,0.4,120
1926,1122,0,0.5,0,0,1,40,0.3,156
798,1800,1,0.7,0,2,1,8,0.4,100
416,912,1,2.0,0,1,0,54,0.3,161
688,1314,0,2.9,1,8,1,41,0.1,155
69,1166,0,1.5,1,0,1,43,0.8,80
42,1253,1,0.5,1,5,1,5,0.2,152
1140,802,0,0.5,1,3,0,43,0.6,153
653,571,0,1.6,1,8,0,35,0.2,186
273,1611,1,0.5,1,11,0,3,0.6,98
1283,840,0,1.2,1,5,1,15,0.3,178
1818,837,0,2.4,1,1,0,51,0.2,104
300,1937,1,1.7,0,17,0,58,0.6,189
1195,1009,1,2.8,1,7,1,2,0.6,115
545,767,0,1.9,0,16,1,19,0.2,185
1562,1325,0,1.9,0,2,0,50,0.1,146
1992,674,1,2.9,1,1,0,21,0.2,198
554,1454,1,1.6,0,6,1,21,0.2,160
1235,1971,1,0.5,1,0,0,40,0.3,186
410,1029,1,1.9,1,5,1,5,0.2,171
403,1476,1,1.2,1,0,1,55,0.1,171
70,1448,1,0.5,1,6,1,45,0.8,138
1885,713,0,0.9,1,0,0,42,0.1,94
1694,1441,0,0.6,1,0,1,53,0.5,106
46,1723,1,1.1,1,1,0,42,1.0,164
1308,1496,1,1.3,1,0,1,6,0.5,85
291,1563,0,1.7,1,10,0,16,0.1,151
826,1788,1,0.5,1,15,1,2,0.3,150
1063,1959,0,0.5,1,5,0,18,0.7,191
286,612,1,1.9,1,6,0,16,0.3,102
1259,1796,0,1.6,1,5,0,7,0.1,101
544,707,0,0.5,0,0,1,16,0.1,194
1917,1802,0,2.7,1,0,1,10,0.6,101
16,838,0,0.5,0,1,1,13,0.1,196
1828,1576,1,2.2,0,8,0,5,0.7,139
413,1178,1,1.3,0,0,0,49,0.6,101
1702,1424,1,2.9,1,0,0,20,0.6,180
845,1907,0,2.0,0,13,0,55,0.9,105
770,1911,1,2.0,0,7,1,64,0.6,163
1955,1515,1,2.1,1,4,1,24,0.9,176
1774,579,1,2.5,0,3,0,7,1.0,89
760,1432,1,1.7,1,6,1,39,0.3,164
248,957,1,2.5,0,4,0,7,0.8,107
1959,1884,0,1.0,1,3,0,24,0.5,149
1716,869,0,1.9,0,0,0,2,0.6,197
1282,609,1,0.5,0,4,1,10,0.1,81
93,879,1,2.5,0,11,1,14,0.7,83
812,1113,0,0.6,1,0,0,25,0.3,145
637,1993,1,0.5,0,10,1,27,0.3,147
598,1137,0,2.2,0,6,1,3,0.9,173
1291,1278,1,1.2,0,10,1,60,0.6,172
961,1807,1,0.5,1,2,1,61,0.1,134
1226,603,1,2.5,1,3,0,35,0.7,126
830,571,0,0.6,0,1,1,43,0.5,141
1653,1190,0,2.0,1,0,0,40,0.2,93
588,1966,1,1.4,1,2,0,40,0.9,185
1412,951,0,0.5,0,6,1,15,0.6,81
1032,1753,0,1.2,0,8,1,12,0.9,113
610,1430,1,0.9,0,3,0,56,0.1,179
1855,856,1,1.1,1,14,1,19,0.7,125
68,1242,0,1.1,1,0,0,10,0.6,165
353,1182,0,0.5,0,7,1,8,0.5,138
1333,1972,0,2.9,0,9,0,14,0.4,196
121,772,1,2.4,1,1,1,10,0.5,80
1362,1991,0,2.2,1,1,1,42,0.7,82
201,1445,1,2.4,1,7,1,20,0.4,173
903,899,1,2.7,0,3,1,53,0.3,192
198,609,0,0.5,0,3,0,26,0.3,93
1189,511,0,0.7,1,1,1,52,0.7,180
1380,1811,0,2.9,0,0,0,33,0.2,132
1160,1159,0,2.7,0,13,1,28,0.2,80
1075,1449,0,0.8,1,3,1,10,0.2,144
886,878,1,1.3,0,13,1,31,0.5,153
146,1101,0,1.8,0,0,0,31,0.2,148
1539,875,1,0.7,1,1,0,30,0.7,146
113,1310,1,1.1,1,13,0,7,1.0,194
1633,1469,0,1.7,1,11,1,44,0.5,169
792,1647,0,1.4,1,3,1,38,0.3,102
1652,626,1,2.8,1,3,1,11,0.8,109
1100,741,0,1.5,0,1,0,14,0.3,178
1365,1318,0,1.9,1,0,1,11,0.8,188
1382,1420,0,2.8,1,1,0,50,0.1,100
62,1156,1,1.2,1,0,1,50,0.8,159
424,715,0,2.3,1,4,0,48,0.1,160
1263,740,0,1.8,0,1,0,12,0.2,123
1982,1784,0,1.6,0,4,0,41,0.4,164
350,609,1,3.0,0,15,1,44,0.3,117
1860,1646,0,2.5,0,3,1,25,0.6,200
476,1588,0,0.5,0,0,1,61,0.8,159
1079,1893,1,0.5,1,1,0,23,0.1,179
893,1181,0,2.3,0,12,1,61,0.6,116
482,1330,1,1.3,1,14,0,3,0.3,83
64,702,0,2.6,1,2,1,9,0.7,141
680,658,1,2.7,0,0,1,12,0.9,103
199,1905,0,0.6,1,9,1,36,0.4,119
1221,1263,1,2.0,0,0,0,5,0.4,146
1528,1028,1,2.8,0,1,1,30,0.1,193
54,1073,1,0.5,1,0,0,51,0.5,145
1209,1895,0,0.5,0,2,1,5,0.7,134
740,1004,1,2.9,1,0,0,35,0.2,141
753,1996,0,2.5,0,5,1,51,0.4,122
1664,1288,0,0.5,1,3,1,61,0.2,115
254,1450,1,2.7,1,9,0,19,0.6,131
1889,1090,1,2.3,0,1,1,8,0.6,128
651,1762,1,2.5,0,10,1,15,0.3,107
1962,635,1,0.5,0,9,0,16,1.0,110
1650,1948,0,2.9,1,4,0,5,0.2,136
745,894,0,2.1,1,16,0,16,0.7,168
1514,834,0,0.5,0,2,1,27,0.2,123
742,1822,0,1.2,0,0,0,8,0.2,195
369,1725,0,0.5,1,8,1,52,1.0,185
942,1061,1,2.1,0,3,1,52,0.1,109
1173,553,1,2.2,1,0,1,18,0.7,136
226,1708,1,2.4,1,18,1,49,0.1,109
282,1839,1,1.2,0,9,1,54,0.5,200
1842,969,0,1.8,1,2,1,44,0.6,158
1431,1283,1,0.7,1,0,1,27,0.2,80
1696,1890,0,1.1,0,4,1,48,0.5,127
1662,1751,0,2.5,0,1,0,4,0.6,146
980,1597,0,2.3,0,11,0,34,0.4,89
1268,1824,1,0.8,0,4,1,19,0.9,143
1850,1944,0,0.6,1,9,1,59,0.2,132
1352,798,1,0.5,1,7,0,2,0.8,148
59,1063,0,1.4,1,2,1,48,1.0,128
1483,565,0,0.6,1,1,0,50,0.1,158
1611,1310,0,2.3,1,3,0,15,0.2,150
1371,601,1,1.7,1,3,1,6,0.8,169
1582,1171,1,1.7,1,2,0,19,0.3,167
722,1156,0,0.5,0,6,0,61,0.1,89
317,1170,1,0.9,0,6,1,14,0.4,199
715,817,0,1.3,0,0,0,11,0.5,144
1234,578,1,0.5,0,9,1,62,0.3,170
872,569,1,0.5,1,10,1,4,0.8,170
1511,1063,0,1.5,0,7,0,3,0.9,155
1847,1685,0,0.6,0,14,0,16,0.6,137
804,1929,1,0.5,1,0,1,19,1.0,163
1786,930,1,0.5,1,3,1,34,0.5,190
917,904,0,1.8,0,3,1,35,0.4,168
348,869,1,1.0,0,7,1,57,0.6,118
1974,915,1,0.5,1,9,1,33,0.3,199
330,662,0,0.5,0,5,0,20,0.8,138
349,635,1,0.5,1,2,0,42,0.4,149
1137,921,0,0.6,1,1,0,60,0.1,83
1287,860,1,1.3,1,1,1,49,0.7,141
643,920,1,0.5,0,2,0,46,0.8,149
1042,1674,0,2.8,1,0,1,52,0.2,89
1976,1201,1,0.5,0,2,0,10,1.0,99
1907,709,0,2.4,1,1,0,11,0.1,130
284,1953,1,2.1,1,7,0,56,0.1,158
527,1780,1,0.5,0,6,0,27,0.1,190
1272,1174,0,0.7,1,1,1,25,0.8,91
500,1278,1,0.5,1,1,0,54,0.1,104
709,1640,1,0.7,0,10,1,21,0.8,169
657,1778,0,1.4,1,3,1,45,1.0,132
1501,1970,1,0.5,1,0,1,15,1.0,132
1064,1872,0,0.5,1,3,0,17,0.7,89
1194,1299,0,2.8,1,2,0,60,0.8,187
1791,1203,1,0.5,1,0,1,11,0.9,109
347,667,1,0.6,0,6,1,3,0.7,185
1520,1883,0,1.6,0,9,0,24,0.1,87
860,1829,1,0.5,0,0,1,15,0.4,160
1772,1577,0,1.0,1,0,1,64,0.1,105
1264,676,0,2.2,0,1,1,39,0.2,84
1367,598,1,0.8,1,8,1,62,0.1,117
713,1108,1,1.3,1,14,1,2,0.3,169
78,1199,1,2.5,1,15,1,16,0.2,116
1223,514,1,1.6,0,7,1,37,0.1,172
210,1395,0,1.8,1,0,0,23,0.1,111
632,946,0,2.1,0,0,1,19,0.2,154
1377,1071,0,2.6,0,0,0,49,0.3,199
616,1369,1,1.8,1,6,0,34,0.5,162
896,1742,1,1.6,0,3,0,49,0.8,100
1856,1786,0,2.6,0,6,0,14,1.0,115
1247,1566,1,0.5,1,0,0,20,0.5,126
474,1968,0,0.9,0,0,0,22,0.8,115
1587,1093,0,0.5,0,1,1,31,0.6,171
1631,612,1,0.5,1,1,1,20,0.8,179
1402,948,0,1.5,1,6,0,18,0.3,119
1038,1122,0,2.8,0,0,0,28,0.6,184
1781,1876,0,1.3,1,9,1,64,1.0,98
538,704,0,2.2,1,4,0,53,0.2,186
712,1624,0,1.6,1,8,0,28,0.4,150
1392,1686,1,0.5,1,4,0,28,0.8,182
1830,958,1,1.6,0,9,1,60,0.4,200
1957,1589,0,0.6,0,0,0,5,0.8,112
1877,1142,1,1.2,0,0,0,2,0.6,114
725,1981,1,1.9,1,13,0,45,0.3,175
346,576,1,2.8,0,2,1,10,0.2,184
187,1934,1,2.6,1,0,1,46,0.1,103
662,1695,0,0.5,1,6,1,46,0.7,200
1525,1517,0,2.5,0,2,1,8,0.8,169
1898,684,1,0.9,1,3,1,63,1.0,157
1366,1708,0,0.8,0,8,1,14,0.9,197
718,1108,0,1.0,0,3,0,49,0.7,140
1204,1524,0,2.5,1,11,1,41,1.0,96
437,1472,0,2.8,1,1,0,36,0.5,130
1746,1261,0,0.5,0,3,1,52,0.3,86
926,1496,1,1.9,1,13,0,38,0.1,126
731,1807,1,2.1,0,2,0,49,0.8,125
147,1461,0,2.4,1,3,1,40,0.5,141
1442,973,0,0.5,1,5,0,53,0.5,196
567,1269,1,1.3,0,14,0,52,0.8,118
1697,1152,1,2.1,1,0,1,26,0.3,82
23,1602,1,2.8,1,4,1,38,0.7,114
90,1724,0,2.0,1,2,1,57,0.5,177
494,1225,1,2.4,0,0,0,15,0.1,155
1610,1793,0,2.7,0,12,1,44,0.7,175
1994,858,0,2.2,0,1,0,50,0.1,84
1089,605,0,1.5,0,9,1,18,0.9,162
1707,1699,1,0.5,0,16,0,21,0.1,156
939,1589,0,2.6,0,9,0,46,0.4,84
1784,636,0,0.5,0,8,1,28,0.9,152
1113,1341,1,2.1,1,0,0,36,0.4,107
1381,1842,1,2.2,1,7,0,56,0.4,179
634,1397,0,2.9,1,13,0,9,0.5,87
1939,1588,1,2.5,0,12,1,4,0.3,148
1706,930,0,2.1,1,0,0,54,0.9,80
1896,1799,0,1.0,0,1,1,30,0.6,123
1551,1712,1,0.9,1,2,0,23,1.0,155
737,675,0,2.4,0,1,0,42,0.6,187
600,1170,0,2.9,1,2,0,40,0.4,169
395,1896,0,0.5,1,8,1,7,0.4,141
1579,1715,0,2.6,1,9,1,15,0.6,120
245,1373,1,1.0,1,2,0,50,0.2,127
1035,1696,0,1.7,0,1,0,13,0.9,97
604,1312,0,0.5,1,0,1,28,0.8,163
1986,1139,1,0.9,1,6,1,58,0.5,161
1677,614,1,0.7,0,4,1,51,0.1,178
1609,1148,0,2.3,1,0,1,58,0.3,170
118,1308,0,1.3,1,8,0,46,0.9,199
1364,1012,0,0.5,1,4,0,39,0.1,161
1846,689,0,2.9,1,3,1,7,0.8,147
450,712,1,0.5,1,3,1,35,0.2,84
636,570,1,0.5,1,2,0,9,0.3,111
888,1578,0,2.9,0,8,0,3,0.9,200
665,1721,1,0.5,1,4,1,33,0.5,128
1711,916,1,0.5,0,0,1,47,0.2,82
1996,1965,1,2.6,1,0,0,39,0.2,187
512,1678,1,2.3,1,11,0,7,0.5,192
505,1846,1,0.6,0,1,0,19,0.7,159
1787,1830,1,1.0,0,7,1,47,0.3,117
1906,1807,0,0.8,1,0,1,38,0.2,97
843,1438,1,1.8,0,3,0,16,0.6,169
924,1966,0,0.8,1,15,1,48,0.2,144
185,1380,1,2.1,1,1,1,4,0.8,92
1584,1973,1,2.4,1,6,0,46,0.1,193
685,1362,0,0.5,0,3,0,25,0.8,131
24,503,0,1.2,1,5,1,8,0.4,111
196,1989,0,2.5,1,0,1,41,0.8,94
1841,592,0,0.8,1,1,0,52,0.9,103
1535,600,1,1.8,0,9,1,6,0.8,199
1107,1396,0,2.4,1,0,0,46,0.1,138
189,1831,0,1.4,1,2,0,43,0.9,150
1219,984,0,0.5,1,3,1,9,0.8,140
355,1610,1,2.9,0,7,1,64,0.9,181
1008,1977,0,1.3,1,2,0,31,0.4,173
1676,1125,1,2.7,0,10,0,23,0.4,117
1948,748,0,1.4,0,0,0,25,1.0,110
1378,826,0,0.5,1,0,1,57,0.5,135
1055,1720,1,0.7,1,0,0,19,0.1,137
1462,1796,1,2.3,0,4,0,44,0.9,184
1486,1143,0,1.2,1,1,1,22,1.0,125
315,1126,0,0.7,0,3,0,49,0.9,165
241,724,0,2.7,1,0,0,44,0.5,187
1768,719,1,0.5,1,0,1,23,0.4,113
1553,891,0,1.9,1,1,1,18,0.1,153
1067,1703,1,0.5,0,5,1,23,0.2,92
646,543,1,0.5,1,4,1,60,0.7,132
1481,1834,0,2.1,0,7,1,40,0.1,99
1425,1600,0,2.5,1,1,0,19,0.6,88
1890,1991,0,2.8,0,3,1,15,0.1,181
333,1723,1,1.0,0,1,1,7,0.6,126
828,1965,0,0.5,0,6,1,4,1.0,84
298,928,1,0.5,1,11,0,56,0.7,80
216,1154,0,1.2,1,0,1,49,0.2,181
267,1054,0,1.1,1,10,1,38,0.4,136
1604,1179,1,0.8,0,1,0,5,0.9,154
1571,1253,0,0.7,0,0,1,34,0.9,113
1777,843,0,1.3,1,1,0,16,0.9,119
1581,1202,1,2.4,1,0,0,19,0.1,122
663,1623,1,1.2,0,6,1,61,0.9,120
1783,1251,0,0.5,1,10,1,29,0.7,133
1916,1176,1,2.1,0,2,1,62,0.5,168
433,1464,0,0.5,1,0,1,17,0.7,153
1407,1617,0,1.5,0,1,1,63,0.7,111
569,1366,1,0.7,1,0,1,34,0.1,150
1188,732,1,2.3,1,7,1,39,0.6,188
1798,722,0,1.1,0,12,0,12,1.0,93
984,1261,1,0.5,1,0,1,11,0.2,90
1533,642,1,0.5,0,0,1,38,0.8,86
269,1281,1,2.3,1,0,0,28,0.3,148
206,1642,0,0.5,1,16,1,8,0.3,171
1590,1640,0,0.5,1,1,1,36,0.9,87
800,1439,0,0.9,0,12,1,20,0.8,147
1925,1830,1,0.5,0,5,0,14,0.8,160
228,1578,0,1.9,1,2,1,37,0.1,138
336,580,1,1.2,1,0,0,47,0.9,91
1804,1702,1,2.3,1,12,1,47,0.6,107
1,1021,1,0.5,1,0,1,53,0.7,136
455,1747,1,0.9,0,6,1,48,0.7,94
1899,1837,0,0.5,0,9,0,36,0.9,162
834,1161,0,1.3,1,0,1,21,0.6,126
1727,1564,0,1.4,0,5,1,26,0.1,129
1490,1015,1,0.8,0,5,0,12,0.5,102
495,1066,0,1.6,0,5,0,39,0.6,131
1750,1339,1,0.5,1,10,1,21,0.5,80
1213,1177,0,0.9,0,1,0,11,1.0,181
1874,1083,1,2.9,1,1,1,39,1.0,173
17,595,0,0.9,1,7,1,23,0.1,121
748,798,0,2.4,0,5,0,4,0.2,96
581,1512,1,0.5,0,8,1,18,0.1,88
1360,882,0,0.7,1,9,1,28,0.2,151
612,1836,1,2.1,1,0,1,30,0.2,184
1753,995,0,1.3,1,1,0,10,0.1,104
22,1949,0,2.6,1,4,0,47,0.3,199
97,1665,1,0.5,0,3,1,60,0.2,194
633,1231,0,1.2,1,5,0,54,0.8,185
1459,1927,0,0.9,1,3,0,11,0.4,190
1001,1524,0,2.6,1,5,0,57,0.5,124
840,1973,0,1.6,1,5,1,39,0.8,152
986,1713,0,3.0,1,5,1,20,0.9,104
237,1718,1,2.5,1,14,1,6,0.1,183
1491,1824,1,1.9,1,9,1,2,0.7,103
884,841,1,0.5,1,8,0,39,0.1,199
404,1552,1,2.2,0,6,1,13,0.2,123
471,1948,0,2.8,1,8,0,16,0.1,100
1698,1619,1,0.9,0,3,0,20,0.9,117
1626,841,0,0.5,0,6,1,11,0.3,81
1135,1344,0,1.5,0,1,0,14,0.5,190
1647,771,1,0.5,1,0,1,33,0.1,157
1354,1998,1,1.2,0,8,0,31,0.6,196
732,984,1,0.5,0,13,1,42,0.8,98
