id,n_cores,pc,px_height,px_width,ram,sc_h,sc_w,talk_time,three_g,touch_screen,wifi,y
1438,3,20,875,1316,378,11,6,9,1,1,0,0
754,1,10,1404,1424,1303,12,3,20,0,1,1,1
835,1,18,522,563,3796,10,5,13,1,1,0,3
444,7,12,177,1905,301,13,5,13,1,0,0,0
1751,5,9,102,1195,2175,14,4,14,0,0,1,1
676,2,7,1698,1747,3786,17,12,12,1,0,0,3
965,8,17,387,671,3912,11,2,19,0,1,1,3
150,5,17,140,800,2341,10,1,20,1,1,1,1
1945,8,12,479,831,1301,8,6,12,1,1,0,0
1206,5,2,800,1089,3637,11,7,16,0,0,1,3
1243,4,20,925,1252,1464,7,3,20,1,1,1,1
1779,3,0,1221,1415,2921,8,5,17,0,1,0,3
575,5,10,214,1710,2885,19,7,14,1,1,1,2
620,4,2,687,816,3035,12,7,19,1,0,1,2
1576,8,5,961,1950,624,9,7,15,1,0,0,0
751,2,7,1109,1226,1026,13,5,20,1,0,1,1
1019,4,20,236,1520,1377,5,3,15,1,1,1,1
1148,7,1,813,1377,1891,19,13,7,1,0,1,1
587,4,15,951,1545,1336,8,5,15,1,0,0,1
1502,8,4,68,584,2361,17,8,7,1,0,0,1
1184,7,1,328,1858,3033,9,8,17,1,1,1,3
993,6,15,1109,1392,570,7,6,19,0,1,0,0
987,7,0,650,864,3984,17,14,8,1,1,1,3
1762,8,15,119,529,1082,15,5,10,1,0,1,0
769,2,19,375,1724,2073,7,1,10,1,0,1,1
1205,8,14,238,807,1869,8,5,4,1,1,1,1
1821,2,17,686,1418,3845,15,1,4,1,1,1,3
493,8,9,1142,1393,343,11,8,18,0,1,0,0
396,8,12,42,1161,3969,12,8,6,1,1,1,3
1932,3,12,662,997,1601,10,9,12,1,1,1,1
1236,7,7,43,627,402,14,7,14,1,0,1,0
1597,7,3,7,1294,436,10,6,15,1,1,1,0
832,6,3,195,799,676,15,0,4,1,0,1,0
960,2,9,169,1190,2493,14,12,13,1,1,1,2
492,7,9,157,948,3100,17,5,13,1,1,0,2
419,2,12,191,1495,808,11,7,5,1,1,0,0
563,6,4,600,1109,1214,9,8,15,0,1,1,1
1498,3,6,115,636,2110,18,9,6,1,1,1,1
1538,7,16,90,1614,2647,14,13,20,0,1,0,2
1147,6,11,293,1967,735,7,6,14,1,0,1,0
337,1,19,195,1292,1201,14,12,4,1,1,0,0
100,6,13,836,1739,2600,16,8,20,1,0,0,3
316,4,9,1153,1876,610,8,1,6,1,1,0,1
729,1,11,690,1589,3204,18,13,6,1,0,0,3
1109,2,11,346,966,3601,14,4,16,0,0,0,3
1861,2,20,79,615,841,13,10,11,0,1,0,0
831,2,16,714,1208,2736,9,1,8,0,0,1,3
40,1,14,434,967,2484,18,2,11,1,0,1,2
1255,6,8,62,544,3212,15,7,7,1,0,1,2
425,3,4,235,585,3021,12,2,18,1,0,0,2
702,1,4,290,811,740,11,10,18,1,1,0,0
234,2,15,574,637,3256,9,8,6,1,1,0,2
368,1,12,168,981,2686,11,7,18,1,1,1,2
412,5,17,694,882,1141,5,2,6,0,0,1,1
627,3,3,935,1781,1324,7,3,12,0,1,1,1
1824,6,14,525,704,2661,9,7,4,1,1,0,2
526,8,15,710,939,2674,14,8,10,1,0,0,2
1557,2,3,58,963,2750,6,1,14,0,1,0,2
1469,4,20,323,978,1342,16,11,4,1,1,1,0
1628,4,13,342,1641,3083,8,4,11,1,1,1,2
1340,7,8,1699,1850,1571,17,16,2,1,0,0,2
1866,3,12,144,896,3911,13,6,8,0,0,0,3
675,1,11,207,1162,3441,19,1,5,1,0,0,2
1814,2,8,103,1760,2082,15,10,12,1,0,0,1
1699,7,7,948,1007,1234,19,13,18,1,1,0,0
1159,3,0,626,1195,470,6,0,16,1,0,0,0
1598,6,2,174,1175,2678,6,0,8,1,0,0,2
1231,1,5,217,1106,688,10,7,15,0,1,0,0
524,2,0,206,1917,3278,8,6,2,1,0,1,3
704,7,0,1485,1655,3406,5,1,11,0,0,1,3
31,8,20,413,654,508,5,1,6,1,1,1,0
1418,5,2,154,941,3518,16,12,7,1,1,1,3
1605,8,13,282,710,3400,16,6,13,0,1,1,2
258,3,1,912,1980,1074,14,8,15,1,1,0,0
929,2,9,521,674,1172,12,11,17,1,1,1,0
230,5,6,1528,1647,3054,14,10,19,0,0,0,3
1532,7,19,1765,1786,3675,12,0,12,0,0,0,3
459,4,12,619,867,1343,5,1,9,1,1,0,0
1518,7,2,777,1995,3154,14,11,7,1,0,0,3
1419,4,4,468,694,1284,17,7,17,0,0,1,0
764,5,19,606,1123,3447,14,11,19,1,0,1,3
212,5,17,199,1077,1022,11,3,13,0,0,0,0
1678,4,9,730,1148,3115,7,0,2,1,0,0,2
908,3,3,1571,1956,606,7,2,2,1,1,1,1
1199,2,3,158,747,3305,12,7,2,1,0,0,2
1643,6,16,108,1963,1513,15,6,2,1,0,1,1
382,3,4,639,721,2324,10,6,16,1,0,1,2
887,8,1,519,1545,619,5,3,18,0,1,1,0
701,1,3,609,810,3226,6,4,5,0,1,0,3
817,7,5,653,671,1652,17,4,14,1,1,0,1
516,8,0,1428,1827,1619,7,1,10,1,1,1,1
261,4,1,526,1529,2039,5,1,12,1,1,1,1
707,6,7,1384,1883,3703,17,6,20,1,1,0,3
1972,6,9,42,807,824,19,18,7,1,0,0,0
552,8,0,666,760,1446,17,2,8,1,1,0,0
696,5,6,204,501,3914,10,3,8,1,0,1,3
1914,2,8,110,1317,968,6,2,2,1,0,0,0
1278,7,7,300,1316,756,14,5,6,0,0,0,0
197,3,7,59,1215,3355,15,2,4,1,0,1,3
249,2,4,246,1038,829,9,0,10,1,0,0,0
639,8,6,108,1813,1620,17,15,12,1,0,0,1
1839,2,3,223,1777,2402,12,10,14,1,1,1,2
1306,3,10,715,1163,1356,15,9,16,1,0,1,1
1445,8,10,659,730,2190,16,10,16,1,1,0,1
1655,8,20,1117,1330,3024,6,0,20,0,0,1,3
585,3,4,1052,1536,475,7,6,6,1,0,1,0
523,5,11,187,517,3383,16,5,2,0,0,0,3
1544,1,5,194,892,2678,9,4,14,1,1,1,2
594,4,20,434,910,2801,6,1,5,1,1,1,2
1325,3,6,724,794,1321,7,2,6,0,1,1,0
1639,7,2,1303,1814,3256,9,6,5,1,1,0,3
522,3,7,859,1234,3968,16,12,3,1,0,1,3
386,8,17,111,1138,3475,19,3,3,1,0,0,3
839,1,6,519,1577,3315,17,7,14,1,1,1,3
849,2,18,18,662,424,10,5,4,1,1,0,0
1218,7,10,202,1884,2481,11,9,11,0,0,0,2
1422,1,4,165,1103,2821,13,5,17,1,0,1,2
1141,4,4,874,1264,2479,9,2,15,1,1,0,2
1275,1,15,590,997,3488,6,4,10,1,1,1,3
621,6,18,1060,1970,584,17,14,13,1,1,0,1
1152,8,14,912,1043,1716,7,5,15,0,0,0,1
1456,1,20,1703,1880,1196,10,6,5,0,0,1,1
625,4,19,504,1089,2346,13,12,2,1,0,1,1
415,4,12,315,990,2734,10,1,16,1,0,1,2
1684,2,15,574,1171,3991,12,4,19,1,0,0,3
123,2,7,538,1376,3426,5,4,17,1,1,1,3
407,5,11,77,559,1974,12,10,12,1,0,0,0
1485,8,1,875,925,331,11,8,7,1,0,0,0
338,1,6,14,1256,3139,14,7,14,1,1,0,2
1960,6,7,201,582,2668,12,5,19,0,0,0,2
772,2,4,757,1518,1519,18,6,8,1,0,1,1
1068,1,5,179,1247,560,9,1,10,1,1,0,0
232,8,17,638,1615,625,17,6,13,1,0,0,0
180,1,20,218,1065,1472,14,7,7,1,0,0,0
501,6,18,1215,1472,3566,17,6,13,1,0,1,3
1101,1,20,1281,1896,1267,17,4,20,1,1,0,1
1700,3,1,1161,1288,292,8,0,6,1,1,1,0
1614,3,7,922,1836,3654,13,9,10,1,1,1,3
1550,7,1,356,588,2335,6,4,2,1,0,1,1
294,5,5,311,1294,447,15,13,12,1,1,0,0
1304,7,13,135,1892,3902,9,3,3,1,0,0,3
1555,5,2,1179,1262,456,12,8,18,1,1,0,0
1495,2,6,443,892,797,6,1,11,1,1,0,0
1492,1,14,593,1327,432,6,1,10,1,1,1,0
1589,2,7,835,1175,3695,6,5,18,1,0,0,3
1358,4,20,329,1039,1886,16,0,17,1,0,1,1
794,8,9,243,1642,3076,7,4,18,0,1,1,2
122,3,10,597,863,3534,10,4,6,0,1,0,3
1372,7,6,426,865,2974,15,12,19,1,0,1,2
1115,6,20,239,1636,3077,17,3,17,0,0,0,2
1452,5,4,1573,1639,794,11,5,9,0,1,1,1
1321,5,13,584,676,2973,11,1,20,1,1,1,3
381,7,10,634,642,2971,12,8,12,1,1,1,2
672,7,1,833,1630,452,13,6,14,0,1,0,0
1505,5,9,683,1349,315,7,6,20,1,0,0,0
693,8,3,471,800,2385,16,9,19,1,0,0,1
1350,1,12,755,1284,3488,14,3,11,1,1,0,3
1424,6,9,629,1299,1309,12,1,14,1,0,0,1
1519,2,4,83,559,3615,5,2,9,1,0,0,3
811,5,20,667,697,1284,17,13,2,0,1,1,0
1658,7,15,380,1550,3338,18,13,11,1,1,1,3
1298,7,20,211,1409,2620,7,5,13,1,0,0,2
1343,5,18,396,1378,2583,15,2,13,1,1,1,2
364,4,12,188,992,1470,13,0,14,0,1,0,0
1863,3,8,670,1152,3943,13,0,4,1,1,0,3
1724,5,3,547,957,2625,15,11,12,1,1,0,2
1719,4,2,649,1290,586,19,8,19,1,0,1,0
631,5,2,1208,1232,3809,17,16,5,1,0,1,3
243,5,10,1170,1543,1717,7,1,16,1,1,1,2
534,7,2,320,899,2856,14,3,20,1,1,1,2
329,5,8,1392,1795,1615,11,6,13,0,1,0,1
1692,1,14,1524,1848,3064,7,6,3,1,0,0,3
481,1,3,236,1264,3701,15,9,8,1,1,0,3
1704,4,16,242,1127,2190,18,1,9,1,0,1,2
441,7,2,1184,1719,1070,8,1,14,1,1,1,1
664,4,0,706,721,1122,12,9,2,1,1,1,0
1720,3,8,71,1686,2454,9,8,13,1,1,0,2
1989,3,11,241,854,2592,12,8,3,0,0,0,1
1527,8,6,1420,1539,2294,8,7,20,1,0,1,3
902,2,18,485,1819,1656,5,3,17,1,0,1,2
617,1,9,1391,1787,1524,15,10,7,1,1,1,1
456,3,7,1314,1884,1107,7,3,5,0,0,0,1
1331,4,6,925,1206,1068,6,0,8,1,1,0,1
1031,6,10,349,676,2775,9,4,3,0,1,1,2
1120,8,10,992,1433,3143,17,12,20,0,1,0,3
855,8,7,994,1500,1436,16,1,15,1,0,0,1
858,8,19,210,1026,1334,18,7,2,0,0,0,1
1408,5,4,371,682,594,17,8,16,1,0,1,0
716,4,13,717,1799,520,10,2,18,1,0,1,0
1281,6,8,1392,1783,3703,13,10,11,1,1,0,3
1011,2,10,741,1471,929,13,6,18,0,1,1,0
1401,8,7,86,1681,1305,6,5,4,1,0,1,0
443,3,16,1792,1850,1175,12,9,6,0,1,0,1
1796,4,2,818,1006,2296,12,0,5,1,1,0,1
56,8,19,822,1449,905,14,11,17,1,1,1,0
1071,7,12,704,822,1591,19,0,2,1,0,1,1
320,2,20,584,775,834,16,0,5,1,1,0,0
558,1,7,1467,1901,2339,19,9,17,0,1,1,2
691,4,15,1430,1747,297,13,1,15,0,1,0,0
1882,7,20,952,1726,704,14,5,4,1,1,1,0
1987,4,15,591,724,1424,15,12,7,1,1,0,0
124,5,4,59,1203,2488,13,5,15,1,0,0,2
1014,2,19,146,906,511,9,0,7,1,1,0,0
1923,3,11,914,979,2651,15,5,3,1,1,1,2
1862,8,17,887,893,1183,5,3,8,1,0,0,0
472,3,4,897,1304,1965,6,2,6,1,1,0,1
934,3,3,993,1517,2981,7,3,14,1,0,0,2
1127,1,14,1105,1602,2262,16,15,4,0,1,0,2
1733,2,1,728,818,2940,13,0,15,1,0,1,2
1865,4,20,718,1109,2633,16,0,9,1,0,0,2
132,7,10,327,580,2962,12,9,4,1,1,1,2
376,2,0,96,814,336,13,11,4,1,0,1,0
1792,4,7,553,874,1552,10,8,10,1,1,0,1
1118,2,1,853,1781,2574,14,3,5,1,1,0,2
1009,5,7,477,1553,1229,12,0,14,1,0,0,1
1474,6,20,283,676,3685,13,1,18,0,0,0,3
1952,8,20,888,1466,2052,9,3,14,1,1,1,1
1661,4,11,766,877,940,14,10,15,1,1,0,1
1690,5,0,157,770,3437,11,1,2,1,0,0,3
1023,3,16,400,631,336,14,8,13,1,1,1,0
607,7,15,1016,1383,1165,19,6,4,1,1,1,0
1453,1,8,127,620,2644,7,2,11,0,1,1,2
357,7,3,1116,1381,827,15,9,6,1,0,1,0
1580,2,7,630,738,412,17,11,2,1,0,0,0
1681,4,0,245,829,2319,5,4,4,0,0,0,1
1740,8,18,267,1161,3933,7,0,7,1,0,1,3
1040,7,14,251,1801,587,8,3,4,1,1,1,0
833,7,7,843,1145,2941,13,12,17,0,1,0,3
1651,4,8,1010,1684,1540,12,8,3,1,1,0,1
744,1,13,867,999,2405,15,0,16,1,0,1,2
1668,1,20,1618,1916,1491,16,2,14,1,0,0,1
366,6,2,1419,1920,2616,18,8,10,1,1,1,2
579,1,15,202,1951,2775,14,4,17,1,0,0,3
738,7,14,591,1089,1671,6,1,9,1,0,1,1
453,6,12,765,899,1043,6,2,11,1,1,0,0
106,5,10,846,1634,2676,12,6,11,0,1,1,3
1970,5,4,675,742,2023,17,13,8,1,1,0,2
387,8,15,356,1903,2360,17,16,18,0,1,1,1
1496,8,17,576,884,298,8,2,17,1,1,0,0
1129,7,9,480,728,2829,13,10,3,1,1,1,2
1224,3,1,1438,1593,262,14,4,20,1,1,0,0
1003,7,12,1081,1767,347,17,0,12,1,0,1,0
111,7,20,768,874,2213,18,13,7,0,0,0,1
669,4,3,920,1748,1851,15,3,16,1,0,0,1
127,6,17,1259,1965,1496,6,4,7,1,1,1,1
1217,8,12,812,1456,3038,15,7,18,1,0,1,3
301,6,7,63,566,1206,7,1,8,0,1,1,0
1695,7,10,1790,1988,1633,18,4,4,1,0,0,2
1232,6,6,468,741,2554,19,1,12,0,1,0,2
225,2,5,964,1677,3031,11,6,6,1,1,1,3
1212,4,15,1362,1378,3964,13,8,12,1,1,0,3
1999,6,16,483,754,3919,19,4,2,1,1,1,3
462,8,20,282,1358,1614,17,12,3,1,1,1,1
1399,8,17,574,1267,1403,16,7,6,1,0,0,0
275,4,8,403,1933,2589,19,11,15,1,1,1,2
511,1,13,1596,1807,3803,7,3,16,0,0,1,3
1829,6,8,1188,1948,265,8,0,12,1,0,0,0
1736,1,3,1225,1717,1246,12,2,20,0,1,0,1
918,7,2,793,1670,3449,5,2,14,1,0,0,3
1176,4,15,1058,1109,2836,6,5,4,1,0,0,3
1087,3,15,1162,1531,1732,6,2,11,1,0,1,1
910,4,6,573,614,860,14,1,14,1,0,1,0
1701,3,9,867,1258,2521,6,5,16,1,0,0,2
119,3,0,1445,1954,1214,5,0,14,1,0,0,1
949,4,15,160,1291,1561,10,5,17,0,0,1,1
1299,3,3,194,1437,437,14,7,17,1,0,0,0
1357,2,1,212,1269,2382,6,4,7,1,0,1,2
570,5,8,577,1237,3461,6,3,10,1,1,1,3
879,2,11,1102,1793,3412,13,8,16,1,0,0,3
141,3,4,229,616,398,17,0,5,1,0,0,0
370,2,12,130,1706,3264,16,1,13,0,1,1,3
1789,8,2,1658,1794,1799,16,9,7,0,1,0,1
469,1,12,292,695,1731,9,5,6,0,0,0,1
1744,8,0,424,1032,1774,12,8,10,1,0,0,1
1444,4,12,18,1004,2528,11,8,16,0,0,0,2
1607,4,2,1252,1963,2700,9,3,19,1,0,0,2
6,8,10,381,1018,3220,13,8,18,1,0,1,3
785,8,17,532,1448,905,19,10,12,0,1,0,0
392,4,16,1362,1506,3918,9,2,8,0,1,0,3
873,6,0,1842,1968,604,10,4,8,1,1,1,0
1143,3,11,657,1014,2814,13,3,19,1,0,0,2
1872,3,0,426,1629,1308,5,0,2,1,1,0,1
1250,1,14,431,1144,2278,15,3,18,1,1,0,1
1844,7,9,881,1129,1607,15,0,10,1,1,1,0
1601,2,10,1288,1372,817,14,1,16,1,1,1,0
644,5,6,79,1652,514,7,4,13,1,0,0,0
1191,7,18,1272,1469,3153,8,2,11,1,1,0,3
989,5,14,541,823,2019,10,4,16,1,1,1,1
1599,1,11,437,638,3887,8,6,7,1,0,1,3
736,6,11,778,1291,305,11,8,16,0,0,1,0
1471,3,6,1750,1857,1164,15,12,19,1,1,0,1
1616,7,19,251,599,3476,11,8,17,1,1,0,3
655,8,7,447,1435,3622,7,0,20,1,0,1,3
1133,5,6,454,1762,1282,11,9,11,1,1,1,1
1991,8,19,4,743,3579,19,8,20,1,1,0,3
755,5,18,856,883,3048,10,3,2,0,0,1,2
1090,5,3,330,1434,2676,17,8,7,1,0,0,2
1388,2,10,122,686,3423,13,3,19,1,0,0,3
1947,6,16,149,1022,2321,7,5,20,1,1,0,2
559,1,7,179,1813,1028,14,6,8,1,1,1,0
1383,3,19,238,1893,792,17,12,13,1,0,1,0
1567,4,1,499,1090,2192,15,13,9,1,1,1,1
310,2,6,44,1118,3490,16,12,13,0,1,0,3
1570,2,6,1138,1491,267,12,10,16,1,1,0,0
335,4,1,627,935,2801,18,15,12,0,1,0,2
1065,3,8,716,1626,912,16,9,6,0,1,0,0
1510,6,17,23,826,2367,5,3,15,1,0,1,1
358,5,13,1010,1565,473,11,1,20,1,1,0,0
215,3,7,1052,1516,3117,18,5,8,1,1,1,3
726,7,2,22,519,3487,15,6,11,1,1,1,2
694,1,14,806,1016,1301,13,12,19,0,0,1,1
863,8,14,150,1897,590,13,2,6,1,1,1,0
1765,8,11,1364,1851,2256,6,1,19,0,1,1,2
1450,3,8,605,1193,531,18,10,13,1,1,1,0
565,7,15,1350,1949,445,15,14,14,0,0,1,0
460,7,12,453,681,2610,12,3,10,1,0,1,2
1171,6,12,982,1291,3469,5,4,6,1,0,1,3
1809,7,8,927,1135,2066,9,0,15,0,0,0,1
434,4,5,126,817,457,17,10,16,1,1,1,0
904,3,4,798,1435,911,14,2,9,0,0,0,0
1852,4,4,931,1811,819,10,3,4,1,0,0,0
5,1,7,1004,1654,1067,17,1,10,1,0,0,1
1638,1,7,1015,1947,2528,11,8,8,0,1,0,2
246,2,15,793,1758,278,16,3,11,0,0,1,0
719,7,13,186,1998,1803,5,4,7,1,0,0,1
968,1,10,767,1759,1489,10,9,3,1,1,1,1
542,8,9,389,739,2811,7,6,7,1,0,1,1
788,1,15,198,1056,2487,13,12,16,1,1,1,2
1215,7,4,444,739,2114,10,5,19,1,1,1,2
13,4,11,344,1440,2680,7,1,4,1,0,1,2
1540,2,7,86,1546,1836,12,11,18,1,0,0,2
593,3,1,782,1787,3373,11,2,16,1,1,0,3
465,3,10,275,862,3652,14,10,9,1,0,0,3
1379,1,8,1709,1781,1628,9,3,6,0,1,0,1
375,7,10,561,1510,2523,17,16,9,1,0,1,2
1921,1,1,388,605,2651,17,7,4,0,0,0,1
260,7,10,1914,1928,1027,6,3,5,1,0,0,1
1645,4,1,588,1809,820,19,18,3,1,1,1,1
630,7,2,897,1308,783,10,8,20,1,0,0,0
30,7,9,1358,1739,3532,17,11,12,0,0,1,3
35,8,17,1134,1249,1326,10,4,15,1,0,0,1
37,2,18,609,1307,3429,6,5,4,1,1,0,3
144,3,11,436,536,278,19,0,10,1,1,0,0
708,2,15,1502,1862,3714,19,3,10,0,1,1,3
427,7,2,286,1075,3937,8,1,7,1,0,1,3
2,5,6,1263,1716,2603,11,2,9,1,1,0,2
57,3,9,581,820,3963,9,4,20,1,0,1,3
393,7,19,475,726,3869,19,18,10,1,1,1,3
775,3,2,762,859,595,18,4,15,1,0,1,0
1414,7,5,1541,1619,1571,12,3,14,0,0,0,2
326,1,11,159,724,3252,16,0,8,0,0,0,2
1833,3,16,800,1455,2572,16,5,16,1,0,1,2
1016,7,15,169,1916,1414,6,1,19,1,0,1,0
84,1,13,928,1049,2048,11,5,17,1,1,1,1
1871,7,20,861,1888,2355,14,7,6,1,1,1,3
1674,6,5,1064,1540,3322,18,7,20,0,0,1,3
668,6,8,271,1477,3771,15,6,12,1,0,0,3
96,5,16,651,891,880,19,4,8,1,1,0,0
1163,8,12,1901,1920,1783,17,3,13,0,0,1,2
1731,5,7,53,1504,1044,8,7,11,1,0,0,0
596,2,12,137,1501,3153,9,4,12,1,0,0,2
932,4,14,341,774,3271,14,12,8,1,1,0,3
970,8,9,56,760,1846,7,0,3,1,0,1,1
436,7,15,1091,1203,3210,15,7,2,1,1,1,3
1150,1,14,457,652,3260,14,12,6,1,0,0,2
763,8,0,730,1895,3387,11,3,3,1,0,0,3
1006,1,15,275,570,1028,8,4,17,1,0,0,0
1835,4,7,679,1231,1459,15,3,2,1,1,0,1
1138,6,6,314,1606,2867,5,4,15,0,1,0,2
1121,5,20,115,1352,3197,14,9,6,1,0,1,3
626,3,3,832,1033,606,6,0,18,1,0,0,0
727,3,17,1464,1595,1201,12,3,18,1,1,1,1
1302,5,16,229,1004,696,14,12,15,1,1,1,0
750,2,3,217,735,3798,19,10,8,1,1,1,3
1193,1,8,1495,1579,315,14,5,11,1,1,0,0
429,2,19,966,1975,1458,5,1,15,1,0,1,1
692,5,7,304,1674,3508,13,8,5,0,0,1,3
852,2,10,1092,1406,1944,16,6,12,1,0,0,1
145,2,2,756,786,3556,18,12,16,1,0,0,3
875,1,0,1323,1481,515,5,0,18,1,1,0,0
1300,2,19,1076,1472,3774,11,5,18,1,0,0,3
865,2,15,331,1011,3355,12,5,13,0,0,0,2
1524,4,10,332,866,1404,10,3,15,1,1,1,1
543,5,18,920,963,1701,11,4,4,1,0,1,1
193,2,6,247,539,3971,18,12,10,1,1,1,3
1635,3,7,21,832,3899,5,4,6,1,0,1,3
936,6,2,1262,1538,3647,18,11,9,1,0,1,3
1838,4,14,366,1234,1086,14,7,3,1,1,0,0
813,1,18,408,1862,1713,10,3,4,0,1,1,1
951,6,10,709,1915,1401,19,14,11,1,1,0,1
878,5,9,647,1876,3869,17,5,14,1,0,1,3
1426,8,20,903,910,1713,16,0,19,0,0,0,1
1355,8,9,817,941,1464,7,6,16,1,1,1,1
827,6,8,412,643,3361,16,10,13,1,0,0,3
848,3,18,540,783,716,11,4,14,0,1,0,0
1881,5,16,453,963,1885,10,9,7,1,1,0,2
1353,8,1,1826,1836,2736,12,5,19,1,1,0,3
597,8,10,492,1176,3421,16,2,5,1,1,1,2
842,2,10,214,1523,3534,18,17,11,1,1,1,3
714,2,0,1339,1558,2896,12,11,16,1,0,1,3
1908,5,11,256,823,3585,10,1,10,1,0,0,3
681,7,7,377,549,2298,17,5,2,1,1,0,2
1142,3,17,674,864,2394,19,11,14,1,1,0,2
142,1,5,839,1131,3685,18,17,17,1,1,1,3
1546,6,16,1563,1803,2671,15,10,12,0,1,1,3
787,2,10,154,605,3902,11,9,3,1,0,1,3
1117,8,19,654,882,2372,14,12,2,1,1,0,2
1093,4,13,217,1623,921,14,13,18,1,0,0,0
1294,8,4,759,1858,362,16,10,6,1,1,1,0
1319,7,17,887,1274,3885,11,0,14,1,1,0,3
1277,8,3,306,564,733,15,0,14,1,1,0,0
129,6,1,713,1398,666,12,10,13,1,1,0,0
877,5,17,1092,1554,2540,17,2,15,1,1,1,3
898,4,17,687,937,725,11,3,20,1,0,0,0
959,1,13,519,930,3538,18,1,15,1,0,1,3
1053,8,7,1749,1781,3537,16,13,3,1,0,1,3
1468,3,2,396,1648,3771,10,3,9,1,0,1,3
1845,1,4,91,1317,3521,15,11,9,1,0,0,3
497,2,20,48,644,2180,7,4,16,1,0,1,1
510,4,20,584,1151,3416,14,6,8,1,1,0,3
966,2,0,985,1284,309,8,4,10,0,0,1,0
885,7,10,1096,1155,2812,10,1,17,0,0,0,2
1415,4,13,382,1163,2107,18,5,16,1,1,0,2
820,3,0,785,1151,629,5,3,11,1,1,0,0
756,3,1,381,1452,616,15,6,19,1,1,1,0
1853,6,19,921,1351,435,12,9,3,0,1,1,0
66,4,14,1565,1858,3068,9,4,4,1,1,0,3
789,3,17,860,1330,3914,17,13,13,1,0,0,3
117,3,11,322,771,1945,15,4,10,1,1,0,1
1951,7,16,441,1721,872,7,5,4,1,1,1,0
1423,7,5,394,1301,3442,18,16,5,1,1,0,3
686,5,14,526,1116,2078,5,3,11,1,1,1,2
782,2,17,510,522,2103,19,8,7,1,0,0,1
1200,6,20,48,1012,959,17,7,6,0,1,0,0
1793,6,6,46,908,1938,19,8,5,1,0,1,1
1808,8,0,406,681,503,7,3,5,1,1,0,0
1757,4,9,313,712,2322,19,8,7,1,0,1,2
1076,5,7,855,1401,819,8,0,10,1,1,1,0
1564,6,14,485,1399,558,8,5,13,1,0,0,0
169,4,20,45,1942,1260,9,2,17,1,0,0,1
1577,1,17,608,1970,1598,7,0,8,0,1,0,1
220,5,19,404,642,593,19,17,10,1,0,1,0
1288,5,15,796,1052,1108,12,1,7,1,0,1,1
975,1,18,655,1782,1241,12,3,9,1,0,1,1
1965,8,6,190,657,967,10,1,14,1,0,1,0
1880,5,20,334,896,2522,10,5,2,1,0,1,2
1705,4,20,405,742,879,16,2,8,1,0,0,0
1968,2,0,1211,1396,635,17,7,15,1,0,0,0
1440,4,19,18,903,3632,17,8,19,1,1,0,3
371,7,18,481,749,2261,7,6,16,1,1,1,1
1051,3,7,663,1805,1904,12,8,13,1,1,1,1
599,7,13,385,583,448,18,17,14,1,0,0,0
1316,6,0,1438,1923,3646,10,9,16,1,0,1,3
998,6,12,1220,1348,2752,15,2,7,1,1,1,3
1181,1,1,1260,1788,892,15,13,20,0,1,0,1
79,6,8,990,1486,1837,8,7,16,0,1,1,1
289,6,4,104,1664,2211,7,4,18,0,0,1,1
1851,4,14,334,1079,3454,17,11,2,1,0,1,3
1258,7,18,81,1389,3153,16,15,5,1,1,0,3
1687,8,19,398,1775,524,9,3,4,0,0,0,0
608,8,11,80,655,2998,5,4,13,1,1,0,2
943,4,2,584,983,1808,12,8,13,0,1,0,1
1094,3,2,271,869,391,5,2,8,1,1,1,0
1648,4,14,278,584,3615,18,8,13,1,0,1,2
1950,3,10,662,874,1205,12,7,3,1,1,0,1
1770,8,19,647,1849,3117,6,0,2,1,0,0,3
1285,2,1,655,828,3056,18,16,6,1,0,0,3
351,5,20,1107,1442,2690,18,16,9,0,0,1,3
1356,2,12,901,1793,1355,6,1,14,1,1,0,1
361,2,18,788,1331,364,11,1,7,1,1,0,0
345,4,4,1715,1898,1036,17,4,13,1,0,0,1
857,2,11,268,832,2338,16,1,15,0,1,0,2
711,8,3,68,718,1205,18,7,14,1,0,0,1
838,8,5,518,1152,2889,5,2,11,0,0,1,2
1420,6,7,1094,1496,545,19,18,16,0,0,0,0
1497,6,7,596,679,3847,8,0,12,1,0,1,3
422,4,14,841,1304,2122,15,1,2,1,0,0,2
303,2,14,854,1168,3927,5,3,15,0,1,1,3
1983,5,16,223,737,3248,13,3,4,0,1,1,2
14,1,17,356,563,373,14,9,3,1,0,1,0
1056,4,7,35,1309,3102,6,0,2,0,0,0,2
1454,1,8,343,1431,1666,15,4,20,1,1,1,1
183,4,19,561,1631,3965,16,1,6,1,0,0,3
1397,8,6,1878,1981,629,16,15,20,1,0,0,0
703,5,12,1039,1318,3878,19,16,4,1,0,0,3
1671,5,10,73,583,291,19,9,11,1,1,1,0
162,5,3,811,1272,490,7,1,4,1,1,1,0
1000,5,3,1011,1263,3087,16,4,4,1,1,1,2
1713,5,9,295,503,1338,16,8,5,1,1,1,0
532,5,17,189,1143,3886,14,10,7,1,0,0,3
741,2,1,715,1648,2870,16,0,17,0,0,0,3
1270,6,17,419,1261,1339,17,0,14,0,0,1,0
177,5,1,839,1136,2478,14,8,20,1,0,0,3
1265,1,4,1495,1688,3117,19,6,9,1,0,1,3
1112,2,5,1226,1389,3646,15,4,11,1,1,1,3
397,2,2,30,1350,1414,12,1,7,1,1,0,0
841,3,6,382,1228,2509,17,2,11,0,1,1,1
211,8,0,1112,1666,2107,15,9,10,1,0,1,2
87,3,11,1025,1118,3210,13,3,4,1,0,0,3
667,3,7,501,1465,3393,12,7,8,1,0,0,2
661,8,2,1311,1935,273,17,6,3,1,1,1,0
1010,4,17,954,1985,2622,16,3,5,0,0,1,2
414,3,17,495,574,3838,9,2,7,1,0,1,3
791,5,8,109,1909,3233,13,3,4,1,0,1,3
1800,3,1,889,1635,440,14,10,13,1,0,0,0
1017,1,7,1895,1976,2438,13,11,10,1,1,1,3
71,4,4,1172,1217,2192,9,7,13,1,0,1,2
1466,6,7,1078,1564,2137,11,8,12,1,0,1,2
52,2,0,546,629,3112,12,5,10,1,1,0,3
1245,8,15,1706,1886,876,16,0,5,1,1,0,1
487,4,14,831,1439,2084,7,1,18,1,0,0,2
229,3,18,954,1200,2766,7,2,7,0,1,1,3
292,6,18,1830,1963,1203,14,12,18,1,1,1,2
1897,1,16,271,1769,3927,8,3,7,1,0,0,3
907,1,12,191,1108,656,14,10,18,0,0,1,0
1487,7,15,1325,1945,2248,19,3,15,1,1,1,2
1312,4,0,739,1766,1273,19,0,6,1,0,0,1
1730,2,8,776,1005,885,11,1,14,1,1,0,0
1165,6,17,360,912,931,11,5,20,1,1,0,0
602,8,7,240,904,462,6,3,5,0,0,0,0
1151,3,13,533,797,2022,14,11,4,1,0,1,1
1269,3,2,220,1838,3366,7,3,11,1,0,1,3
803,4,19,632,660,3006,6,4,3,1,0,0,2
464,8,15,494,1989,604,16,14,11,1,0,0,0
1389,6,10,100,1708,258,14,8,9,1,0,0,0
1561,5,0,1088,1718,2355,17,16,2,1,1,1,2
1336,4,16,447,568,2700,13,7,8,1,1,1,2
1568,6,2,563,1055,3397,19,15,17,1,0,1,2
946,8,17,8,1219,670,16,3,8,1,0,0,0
1739,6,5,1230,1263,1794,18,7,19,1,1,1,1
475,4,14,331,790,3291,11,2,13,1,1,1,2
1136,2,3,853,1737,2227,9,2,14,1,0,1,1
451,3,4,681,1050,1900,16,8,19,1,0,1,1
1915,3,18,1330,1686,2391,12,6,3,1,1,1,2
624,4,6,304,1191,1391,19,13,12,1,0,1,1
1963,3,4,3,629,1871,13,5,4,1,0,1,1
948,2,16,960,1735,2173,12,3,8,1,1,0,2
61,8,6,361,975,431,15,6,6,1,1,1,0
1849,3,14,74,865,3033,14,11,17,0,1,0,3
418,7,2,531,758,1851,15,13,2,1,1,0,1
1130,1,17,775,1607,3022,13,5,19,0,0,1,3
1249,2,10,1207,1539,2378,17,11,2,1,0,0,2
391,7,3,373,926,2101,10,7,2,0,1,0,1
1314,2,17,3,1662,368,5,1,12,1,0,0,0
178,2,13,1176,1220,2842,16,12,2,1,0,0,2
1807,1,17,123,1477,1462,19,18,13,1,0,1,0
307,6,20,170,564,2969,8,6,17,0,0,1,2
814,6,2,1150,1469,485,12,7,7,0,1,0,0
159,1,16,311,1545,1078,8,0,10,0,0,0,1
1723,1,10,115,1111,1295,18,15,17,1,0,1,0
1911,2,0,1210,1989,340,17,13,4,1,0,1,0
1632,6,4,600,1042,3629,19,17,5,0,1,1,3
0,2,2,20,756,2549,9,7,19,0,0,1,1
1437,3,9,229,1473,838,14,2,18,0,1,0,0
120,8,7,550,1338,2598,12,9,6,0,1,0,2
7,4,0,512,1149,700,16,3,5,1,1,1,0
967,8,0,970,974,323,9,3,3,1,1,1,0
160,5,13,116,1533,2945,10,5,16,1,1,1,2
1240,8,4,667,711,454,11,8,6,1,1,0,0
862,2,2,188,928,3078,10,1,18,1,0,1,2
1406,4,20,142,1039,1220,9,3,20,0,1,0,1
288,1,20,681,683,1604,14,3,9,1,0,1,1
717,3,15,433,1658,1378,18,15,4,1,1,1,1
514,6,14,946,952,1948,13,1,18,1,1,1,1
1411,4,2,643,1527,2302,12,10,10,0,1,1,1
1998,5,5,336,670,869,18,10,19,1,1,1,0
1024,5,10,774,843,1095,14,12,13,0,1,0,0
1351,4,15,1406,1517,1277,9,6,16,1,0,1,1
1848,7,8,1626,1913,2563,18,14,15,1,0,1,3
108,1,4,293,1846,3029,19,17,9,1,1,1,3
1342,6,12,530,1496,1433,6,1,17,0,0,0,1
606,7,14,88,1682,2144,13,12,12,1,1,1,2
766,2,2,286,1484,2295,15,11,16,0,0,1,2
1083,7,20,1103,1637,2166,10,1,4,1,0,0,2
1522,2,17,1077,1183,1907,15,14,5,1,0,0,1
85,8,17,516,1894,837,15,9,4,0,0,1,1
1317,4,18,1621,1773,3130,12,4,2,1,0,1,3
829,1,6,359,1395,2150,9,5,7,0,1,1,1
137,8,7,692,1686,3825,12,11,2,1,1,1,3
589,5,4,473,1022,705,11,3,6,0,1,1,0
1521,8,7,938,1226,1440,17,15,19,1,0,0,1
312,3,14,1285,1462,3615,13,0,6,1,0,1,3
432,1,2,781,1657,2775,13,8,14,1,0,1,3
1563,2,2,157,763,2638,8,4,13,1,1,1,1
454,7,2,1176,1224,3817,8,7,9,1,1,1,3
1734,5,7,1791,1896,3966,17,15,2,1,1,1,3
1504,6,18,809,1988,3892,5,1,4,1,1,1,3
1182,8,15,570,1422,467,17,11,5,1,1,1,0
1054,5,13,586,722,1370,16,3,19,1,0,1,1
1394,8,1,62,581,1012,7,4,13,1,1,1,0
1403,3,18,602,1156,2674,7,2,5,1,0,1,2
1225,4,9,1446,1988,530,8,4,8,1,0,1,0
1448,4,2,482,1098,1280,8,1,16,1,0,1,1
1400,4,8,1353,1915,3707,19,3,18,1,1,0,3
76,3,15,1040,1071,907,10,7,17,1,1,0,0
1943,6,8,405,1141,841,9,1,2,1,0,0,0
853,6,6,327,1001,643,14,2,19,1,0,0,0
1995,6,14,1222,1890,668,13,4,19,1,1,0,0
1512,5,10,713,1742,3296,17,6,14,0,0,0,3
1105,2,13,118,1170,887,18,6,5,0,0,0,0
1956,5,12,956,1010,343,19,14,3,0,1,1,0
191,5,15,642,1533,2243,12,10,6,1,0,0,2
255,7,16,457,1816,2977,6,4,2,1,0,0,2
158,6,0,1612,1983,3702,17,0,19,0,0,0,3
819,1,14,517,809,1406,14,12,20,1,0,1,0
219,5,6,1738,1995,3844,11,8,4,0,1,0,3
1315,3,8,963,1520,854,8,2,10,1,0,1,1
513,4,19,364,1029,2129,13,9,12,1,0,1,1
484,6,18,831,1484,1713,16,4,10,1,1,1,1
1573,8,2,15,1196,1050,11,9,3,1,1,1,0
1346,8,1,351,1769,3340,8,0,16,1,1,1,3
799,3,19,190,1326,3991,15,2,10,1,0,0,3
1273,7,17,447,819,2476,17,1,10,1,0,0,1
202,3,9,295,589,690,14,6,6,1,0,1,0
762,7,1,91,1916,820,12,6,11,1,0,1,0
356,1,1,336,898,2280,17,14,4,0,0,0,2
468,7,0,6,793,1066,11,1,16,1,1,0,0
823,8,0,761,1336,1354,15,13,13,1,1,1,1
577,5,12,1111,1463,1017,12,7,9,0,0,1,0
1329,3,18,983,1210,1221,18,12,15,1,0,1,1
1081,6,2,818,1090,1229,16,11,2,0,1,0,0
1260,1,17,405,519,509,15,12,12,1,0,0,0
1326,8,4,1384,1454,1877,18,2,11,0,0,1,1
325,7,14,209,1078,785,10,7,5,0,1,1,0
1618,6,8,281,1159,2666,5,4,20,1,1,0,2
1458,1,20,907,925,1590,12,0,14,1,0,0,1
1467,8,20,98,977,3696,9,0,3,1,0,1,3
176,7,10,433,648,728,14,8,4,0,0,1,0
1324,5,0,682,888,1486,15,3,19,1,0,0,1
1834,7,4,347,513,3267,17,9,19,1,0,0,2
367,8,17,1471,1866,2915,8,2,10,1,1,0,3
1815,5,7,125,1227,3314,9,7,17,0,0,1,3
1542,2,19,140,1046,2944,19,17,17,1,0,1,3
101,8,9,824,881,1308,16,7,11,1,0,1,1
1220,4,5,404,898,3565,12,11,8,1,0,1,2
362,2,7,1301,1922,3699,17,11,13,0,1,1,3
995,3,20,1285,1427,3624,12,11,16,1,1,0,3
107,5,16,1770,1796,2597,18,1,14,1,0,0,3
1895,6,12,212,623,2367,11,7,10,1,0,1,1
618,5,6,981,1096,3673,12,1,20,1,0,1,3
442,7,9,675,1285,3411,12,11,15,0,0,1,3
640,5,2,320,747,1655,18,0,9,0,0,0,0
490,6,20,725,870,1223,8,0,18,1,0,1,0
728,3,10,280,895,3015,6,1,15,0,0,0,3
1207,3,8,211,507,896,17,6,14,0,0,0,0
1114,2,7,368,607,3862,17,10,9,0,0,0,3
323,1,17,207,1370,651,9,6,7,1,1,0,0
1934,4,7,284,1036,2376,19,6,11,0,1,0,2
673,5,9,485,857,1419,12,11,18,0,1,0,0
1146,4,6,15,525,2519,13,0,16,1,0,1,2
38,6,17,347,730,3169,6,1,2,1,0,1,2
564,6,17,286,1171,3269,8,7,10,0,1,0,2
1685,1,9,678,1630,3555,5,2,19,1,0,0,3
1864,7,20,383,1249,1037,6,4,15,1,0,0,0
1170,8,14,919,1344,757,12,2,16,1,1,1,0
385,3,5,71,699,3333,17,15,7,1,0,0,3
768,6,5,1617,1675,3755,17,14,8,1,0,0,3
1048,7,9,868,877,3773,11,9,6,0,1,1,3
231,1,6,416,1308,3791,11,10,6,0,1,1,3
506,7,10,905,1313,2208,12,11,10,1,0,1,2
1920,6,17,892,1603,3746,5,0,5,1,1,0,3
1615,8,19,1874,1976,3930,17,1,18,1,1,1,3
251,5,0,1177,1462,2394,17,9,7,0,0,0,2
1393,1,1,1274,1340,712,17,5,10,0,0,0,0
1390,5,3,1221,1804,1868,16,7,6,1,0,0,2
1363,1,8,174,518,1075,7,3,2,0,1,0,0
479,4,4,957,1911,3961,16,14,14,1,0,1,3
1586,5,15,416,1658,1550,7,2,3,0,1,0,1
1729,7,16,764,1873,3511,16,14,15,1,1,1,3
824,6,19,1179,1638,2376,5,1,19,0,0,1,3
1049,1,5,594,1088,2050,7,2,17,1,1,0,1
1742,8,8,705,1905,783,6,1,11,1,1,0,0
1548,3,1,192,1311,2304,18,4,18,1,1,0,2
1669,2,7,857,989,2003,12,4,3,1,0,0,2
1755,1,3,443,708,3684,15,8,6,1,0,0,3
447,5,16,592,772,2756,11,3,4,1,0,0,2
1334,8,9,384,1878,1742,18,12,15,1,0,0,1
881,6,6,215,1125,2547,10,3,5,1,1,0,2
1057,6,0,1008,1758,2268,7,5,4,1,1,0,2
1030,1,7,850,1005,2265,5,3,20,1,1,1,2
957,4,3,199,1452,3019,11,6,19,1,0,1,3
1887,3,1,417,520,2610,10,1,11,1,1,1,2
1990,1,9,743,1426,296,5,3,7,1,0,0,0
1069,4,20,804,1564,312,5,2,8,0,0,1,0
1919,2,7,183,661,755,18,3,9,1,0,1,0
1715,8,20,332,764,315,16,7,7,1,1,0,0
1868,8,4,291,1318,3297,7,5,16,1,0,0,3
44,2,14,1580,1652,504,9,3,12,1,1,0,0
154,2,8,583,590,505,12,2,3,0,1,1,0
1748,2,6,657,938,2049,12,8,5,1,1,0,1
1888,7,20,470,844,489,9,4,2,1,0,1,0
411,6,13,1486,1797,3890,17,10,10,1,1,1,3
428,6,7,649,1629,1797,19,5,4,1,1,1,1
1349,2,4,1213,1386,3220,17,2,6,1,1,0,3
98,2,1,476,961,1412,14,3,18,0,1,0,0
50,3,19,1042,1832,2059,5,0,15,1,0,1,2
1196,2,17,149,876,2392,17,15,19,1,0,1,2
143,7,6,507,1697,2390,12,11,5,1,0,1,2
240,8,1,529,1009,3560,11,1,16,1,1,1,2
859,3,4,144,672,3657,17,3,19,1,1,0,2
319,3,8,419,1914,1725,14,5,9,1,0,1,1
1637,5,13,308,1208,1629,8,6,11,1,1,0,1
911,2,14,160,516,2197,16,2,9,0,1,1,1
1912,8,8,789,1211,2282,5,2,17,1,1,0,1
590,5,12,1294,1337,3169,14,9,6,0,0,0,2
1301,2,9,1238,1418,1218,15,10,17,0,1,0,1
398,4,12,162,619,1892,10,0,15,1,1,1,1
331,6,3,712,1442,990,6,1,2,1,0,1,1
659,4,10,1446,1754,2574,10,1,5,1,0,1,2
1735,8,20,606,1316,3484,11,10,16,1,0,0,3
537,4,16,781,1463,2951,7,0,10,0,1,0,2
49,8,15,885,1854,3238,16,13,10,0,0,0,3
705,7,8,1122,1702,2440,9,5,10,1,1,1,2
971,2,10,590,661,417,8,0,6,1,0,1,0
1708,7,12,978,1986,3330,14,4,15,1,0,1,3
388,7,8,798,817,2895,7,6,16,1,1,0,2
1558,4,19,1385,1780,941,15,8,20,1,0,1,0
1286,3,0,1123,1622,465,12,8,4,1,1,0,0
979,5,9,358,1782,1444,7,4,20,1,0,0,1
95,3,19,942,1179,3616,13,5,12,1,1,1,3
1239,2,9,1511,1756,3260,13,1,17,0,0,1,3
983,7,9,873,1394,1944,9,4,9,1,1,0,1
1515,2,18,623,816,1593,19,11,2,1,0,1,0
190,1,18,953,984,2505,15,4,15,1,1,0,1
268,5,5,372,692,2698,9,6,17,1,1,0,2
837,1,16,806,1423,2934,8,6,14,1,0,1,2
1446,8,8,534,855,663,12,4,5,0,1,1,0
250,2,1,417,946,2986,7,1,6,0,1,1,2
508,5,6,803,1613,2819,19,17,9,0,0,1,2
115,7,9,1055,1661,2871,12,1,13,1,1,1,3
328,1,16,1132,1182,2832,7,1,15,0,1,1,2
445,2,13,1013,1158,489,15,11,8,0,0,1,0
265,2,15,1552,1596,606,9,3,4,1,1,1,1
1289,5,8,1021,1958,1906,14,5,5,1,0,0,1
825,3,9,673,690,3438,17,12,13,1,0,0,3
1901,8,2,645,1275,2343,17,12,15,1,0,0,2
778,1,4,1713,1865,2614,7,0,14,1,1,1,2
1244,6,13,1185,1387,1824,11,9,3,1,1,0,1
1759,4,4,919,1482,3204,18,1,9,1,0,1,3
1434,6,0,204,1132,348,17,11,18,1,0,1,0
1276,8,14,116,598,3178,9,7,10,1,0,1,2
1530,6,11,31,1536,555,19,10,11,1,0,1,0
638,5,8,1248,1511,1432,12,9,9,1,1,1,1
652,7,18,91,1478,824,15,5,13,1,0,1,0
700,3,13,1055,1294,665,10,0,4,1,1,0,0
628,6,3,446,901,1076,16,8,4,1,1,1,0
252,8,7,78,654,2169,6,5,7,1,1,1,1
1211,8,9,1211,1378,485,10,6,4,1,1,1,0
156,4,4,1125,1989,374,18,4,8,1,0,1,0
850,7,19,987,1081,3486,12,8,18,1,1,0,3
1913,4,11,390,756,298,10,1,10,1,1,0,0
536,6,20,1087,1450,814,11,7,19,1,1,1,0
1155,4,1,130,887,2290,13,0,12,1,1,0,1
1027,2,12,705,1810,1649,6,1,14,0,1,0,1
1924,5,20,287,593,1824,13,3,14,1,1,1,1
553,8,20,236,857,1300,8,7,18,1,1,0,1
1096,5,16,1003,1827,3262,16,15,16,1,0,0,3
889,5,1,291,563,1475,11,4,7,0,0,0,1
856,3,3,491,530,3190,5,2,20,1,1,1,2
1805,5,16,911,1220,2466,5,3,18,0,1,1,2
279,8,4,630,888,294,13,9,11,0,0,1,0
1180,6,0,327,645,3762,12,10,5,1,0,0,3
171,5,5,506,627,1886,17,4,20,1,1,0,1
1928,3,15,510,980,773,17,7,2,1,1,0,0
1566,2,9,431,542,425,7,0,11,1,1,1,0
1776,8,16,380,877,2715,15,9,16,0,1,0,2
140,1,18,1590,1926,1324,17,0,17,1,0,1,2
296,8,19,344,655,3608,15,1,16,0,1,0,3
956,8,14,829,1977,3458,9,4,9,1,1,1,3
21,2,2,974,1385,3283,17,1,15,1,0,0,3
181,6,12,564,831,764,19,12,15,1,0,0,0
583,3,8,338,1306,759,9,3,14,1,1,0,0
321,1,13,312,1910,3865,12,10,18,1,0,0,3
1203,3,12,140,768,2563,18,4,14,1,0,0,2
485,4,3,902,1090,429,9,4,14,1,1,1,0
408,8,15,507,973,2806,7,2,7,1,0,1,2
874,2,4,758,1165,1285,5,0,9,1,1,0,1
1686,4,18,82,512,3411,17,16,18,1,0,0,3
274,2,15,1858,1935,2332,17,13,14,1,1,1,2
1630,2,12,494,509,313,15,1,19,1,1,0,0
1933,8,10,0,994,1958,7,5,7,1,1,0,1
603,7,6,886,1552,1480,6,1,17,1,0,0,1
1161,7,2,333,639,2944,8,7,2,1,1,1,2
1097,2,3,227,772,1947,15,13,15,1,1,1,1
473,4,2,268,1078,1459,6,1,19,1,1,0,0
1435,5,20,376,1957,1382,12,7,8,0,1,0,1
1837,4,11,948,1205,2052,5,3,6,1,0,1,1
222,4,12,759,1404,3836,12,11,11,0,0,0,3
1322,6,14,496,974,1471,13,4,11,0,1,0,0
1977,2,16,838,885,2358,10,5,15,1,1,0,2
83,3,15,1077,1122,2009,10,3,11,1,0,0,1
990,7,19,361,1552,1587,9,4,19,0,0,0,1
1825,3,10,348,730,1903,8,4,14,0,1,0,1
647,1,14,300,527,1896,14,10,20,1,1,1,1
1060,4,6,875,982,3162,19,18,3,1,0,0,3
167,6,3,1223,1611,2050,7,6,12,1,1,1,2
562,8,14,762,1864,1897,6,2,15,1,0,0,2
1806,6,6,1047,1534,1337,12,7,14,0,1,0,1
1657,1,19,691,1028,2201,17,16,12,1,0,0,1
1123,1,6,461,1178,1519,9,4,5,1,0,1,1
1074,6,0,489,710,2514,16,12,7,1,1,1,1
1732,5,19,371,1702,2548,6,1,5,1,0,1,2
235,1,8,148,1606,707,19,8,19,1,1,0,0
783,1,15,965,1009,966,5,0,13,0,0,1,0
25,8,3,291,1434,2782,18,9,7,1,1,1,2
136,6,8,605,669,2235,19,4,4,1,0,0,1
1162,3,9,805,1804,2361,16,11,19,1,0,1,2
188,1,5,849,898,1545,9,5,10,1,1,0,1
1197,2,2,1070,1079,1857,8,4,5,1,1,1,1
318,1,8,39,557,663,13,12,7,1,0,0,0
1128,8,18,398,1263,815,16,6,10,1,1,1,0
1654,6,18,376,1288,512,5,2,6,0,0,0,0
1543,8,8,1100,1437,3424,13,11,9,1,1,0,3
1612,6,15,68,1042,3564,7,2,2,1,1,0,3
530,6,8,129,915,891,18,3,9,1,1,0,0
192,8,8,1417,1464,3600,17,9,7,1,1,1,3
1812,5,1,781,1364,308,19,17,7,1,1,1,0
1227,1,7,777,1032,2562,5,1,3,1,0,0,2
870,3,10,65,734,3669,9,1,10,1,0,1,3
1840,2,2,1619,1962,3376,7,0,7,0,1,0,3
461,7,17,205,884,2335,15,7,7,1,1,1,2
854,4,12,517,1995,2317,6,0,12,1,1,1,2
1187,6,7,219,1037,874,15,3,10,1,1,0,0
1341,5,13,501,640,2253,10,8,9,0,0,0,1
871,2,14,881,1234,3612,13,5,4,1,0,0,3
65,3,17,651,1618,3366,18,8,13,1,1,0,3
1284,5,6,1209,1678,2014,11,9,10,1,0,0,2
1737,3,8,419,736,2757,17,12,15,1,1,0,2
1066,6,19,433,1661,2784,12,6,20,1,1,1,3
285,1,3,607,1092,1477,12,0,6,1,0,0,1
844,3,9,342,774,3165,5,0,13,1,0,0,3
921,3,11,1530,1744,1251,13,4,18,0,1,1,1
759,6,20,1111,1812,2858,6,2,18,1,1,1,3
1214,3,11,1043,1702,2977,6,1,20,0,1,1,2
894,3,9,1920,1933,1329,6,1,7,1,1,0,2
584,3,20,1698,1771,3720,15,7,4,0,1,0,3
941,2,1,1587,1659,316,19,10,4,1,0,0,0
400,3,12,346,1468,2532,10,5,4,1,1,1,2
218,3,1,809,1958,1179,16,7,20,1,0,1,1
1099,4,0,88,1046,441,15,1,11,1,1,0,0
613,3,0,1131,1315,1305,12,8,3,1,0,1,0
938,3,15,104,541,2829,11,5,13,1,0,1,2
1257,6,0,211,947,2036,5,1,10,0,1,0,1
1153,5,6,798,1418,3317,7,1,8,1,1,1,3
417,5,4,548,858,2244,14,9,19,1,1,0,1
1305,8,7,5,1744,2086,10,0,19,1,1,1,1
1953,1,9,664,711,3654,9,1,16,1,1,0,3
1238,1,19,880,1145,2130,8,3,15,1,1,0,2
1499,3,7,356,1407,1921,9,2,3,1,1,0,2
1104,1,12,46,1069,1737,8,5,10,1,0,1,1
271,8,2,302,1247,1210,19,15,4,1,1,1,0
1166,4,1,20,745,1344,17,10,5,1,0,0,0
1931,1,0,665,718,1675,14,12,9,1,0,1,1
1233,1,6,1107,1656,3859,11,10,17,0,1,0,3
935,1,7,43,1663,3119,9,4,15,1,1,0,3
1348,4,1,111,1167,577,14,12,12,1,1,0,0
1124,3,11,1428,1500,2438,14,2,17,1,0,0,2
1803,2,6,527,1393,3480,17,16,17,1,1,1,3
1509,8,2,290,804,2872,7,2,11,1,0,1,3
1997,8,3,868,1632,3057,9,1,5,1,1,0,3
1545,8,8,440,569,2424,12,5,9,1,1,0,2
1936,5,15,757,1912,3548,14,4,5,0,1,1,3
360,7,19,1453,1726,1274,18,7,3,0,0,0,1
20,7,14,1314,1854,2819,17,15,3,1,1,0,3
746,1,18,451,819,3619,14,8,7,1,1,1,3
1345,2,15,193,887,2915,17,1,6,1,1,1,2
1904,5,4,449,790,3208,11,9,4,1,0,0,3
1507,7,20,492,818,2182,7,3,17,1,1,0,2
1085,5,3,719,755,2575,13,10,7,1,1,1,2
283,3,7,1054,1929,2044,15,5,2,1,0,1,1
1368,8,17,1012,1226,403,11,2,12,0,0,0,0
306,3,2,185,776,1109,13,1,19,1,1,0,1
1246,7,9,347,1477,2706,7,5,18,1,1,0,2
1190,3,14,468,571,737,14,4,11,0,1,0,0
1429,4,19,693,850,1384,19,9,2,0,1,1,1
149,1,7,875,1025,2965,13,10,15,1,0,0,2
999,6,5,511,616,3868,5,1,7,0,1,1,3
1600,4,16,278,623,1813,16,13,20,1,1,1,1
1072,7,1,991,1638,2746,15,5,10,1,1,0,3
952,7,16,624,917,3764,14,9,10,0,0,0,3
1409,2,9,788,1007,1005,12,2,14,1,0,1,0
322,1,2,19,1923,3059,6,5,10,0,1,0,3
36,4,10,429,815,2113,13,7,2,1,0,1,1
976,6,11,1028,1445,3941,19,6,13,1,0,0,3
958,1,14,825,1972,1083,6,4,6,0,0,0,1
805,5,2,1686,1889,1333,18,0,2,0,0,1,2
1256,6,12,800,873,3105,7,1,10,1,0,0,3
383,2,1,127,1670,3121,18,2,16,1,1,1,2
179,7,4,650,879,1617,17,4,19,0,0,1,1
27,7,6,511,1075,3286,17,8,12,1,1,0,3
342,8,15,629,682,2369,7,0,18,1,1,0,2
233,3,19,231,687,2227,6,5,20,1,1,0,1
1646,2,3,1028,1196,1875,16,8,8,1,1,1,1
496,3,12,395,1579,3635,7,4,18,0,0,0,3
1636,2,13,885,1811,1783,13,12,10,1,1,0,2
452,3,5,1017,1366,3915,9,8,2,1,0,1,3
1620,3,1,778,844,3510,14,4,18,1,0,1,2
130,7,3,262,829,3799,17,7,7,1,0,1,3
992,4,16,1638,1910,1352,5,1,11,0,1,0,1
324,6,20,363,994,796,13,3,14,1,0,1,0
666,8,13,1074,1873,751,7,3,3,0,0,0,0
182,8,5,986,1191,2337,6,1,17,0,1,1,2
867,7,4,347,1076,3358,7,3,19,1,0,0,3
1465,6,10,1052,1897,1693,6,2,5,0,1,0,1
12,4,17,607,748,1482,18,0,2,1,0,0,1
1361,5,7,632,1162,436,10,8,11,1,0,0,0
1111,6,0,137,846,3230,6,1,9,1,1,0,3
1894,4,4,167,990,799,7,3,9,1,0,1,0
866,7,19,1178,1929,1968,12,7,9,1,0,0,2
642,6,10,295,935,961,16,6,5,1,1,0,0
595,3,2,464,781,565,18,12,9,0,0,1,0
1508,6,18,699,1492,2184,13,9,20,1,0,1,2
1447,6,18,285,512,961,10,7,19,1,0,1,0
991,7,18,335,1463,1870,17,2,18,1,0,0,1
940,8,10,815,1666,3998,6,3,13,1,1,0,3
1794,2,9,207,1177,3202,13,1,14,1,0,0,3
1867,7,13,1442,1904,1958,7,5,2,1,0,0,2
297,6,2,1053,1458,1228,8,6,6,1,0,1,1
1531,6,5,1098,1373,3785,13,10,14,1,0,1,3
491,1,10,170,1106,3672,5,1,3,1,1,1,3
1313,5,10,62,846,3623,9,4,15,1,1,0,2
1760,3,3,570,1021,1400,17,7,3,0,0,1,1
1337,4,8,717,1206,2115,8,7,18,0,0,0,2
1122,8,5,275,1966,2727,15,8,11,1,0,0,3
1503,4,10,643,790,1380,14,5,14,1,0,0,1
1338,2,19,195,533,3915,9,7,8,0,0,1,3
394,4,1,743,1753,732,14,1,14,1,1,0,1
1428,8,19,362,1250,1812,5,0,19,1,1,1,2
1455,4,0,289,724,2157,8,6,18,1,0,0,1
1656,1,17,234,1947,1610,11,0,16,1,0,0,1
1303,2,17,327,1683,3407,12,1,20,1,0,0,3
1461,6,5,1151,1723,726,11,4,3,1,1,0,0
528,2,11,263,848,2336,10,4,7,1,0,0,2
1843,1,19,782,951,3451,5,2,17,1,1,1,3
906,1,11,370,1197,3897,12,10,10,1,1,1,3
1116,2,9,622,709,621,11,4,14,1,1,1,0
3,6,9,1216,1786,2769,16,8,11,1,0,0,2
1596,5,2,9,1944,3946,12,5,14,1,1,1,3
1766,7,13,424,1639,1113,14,1,6,0,0,1,0
1717,4,1,161,1029,3242,10,1,20,0,1,0,2
923,5,4,152,714,1732,8,5,13,0,1,1,1
126,4,1,179,786,2863,9,3,18,1,0,1,2
615,8,15,436,1302,3132,8,7,6,0,1,1,2
1290,4,11,995,1310,851,8,4,4,1,1,1,0
1552,8,1,1032,1776,2096,15,3,3,0,0,0,2
10,5,1,248,874,3946,5,2,7,0,0,0,3
962,1,6,76,1165,1531,12,0,7,0,0,0,1
311,7,2,1331,1388,1774,12,0,10,0,0,0,2
1062,1,17,244,1361,2746,10,4,7,1,0,1,2
272,1,12,594,1767,3086,17,6,5,1,1,1,3
1981,3,20,698,1018,1300,10,0,2,0,0,1,1
1827,1,17,1899,1904,3779,9,3,7,1,1,1,3
421,3,17,96,1352,2492,16,14,10,1,1,0,2
913,4,20,138,806,2066,12,9,17,1,1,1,1
1002,3,16,140,622,1484,9,7,8,1,0,0,0
259,6,17,179,1559,3352,9,1,3,1,1,1,3
619,2,10,680,1173,3293,8,4,7,1,0,1,2
1222,8,5,274,603,2454,14,0,8,1,1,1,2
706,5,6,462,1013,3959,10,4,17,1,1,0,3
1005,5,1,1512,1716,3299,13,4,16,0,0,1,3
1961,5,20,724,1127,1457,14,10,20,1,0,1,0
1489,7,8,552,1802,422,7,6,15,1,0,0,0
402,3,10,180,1476,3323,13,12,6,1,0,1,3
1131,8,9,1482,1490,2573,16,12,18,1,0,1,2
47,7,10,27,774,2296,16,12,12,1,0,1,1
1404,2,5,963,1062,471,8,4,20,0,0,1,0
699,3,9,1331,1532,411,8,2,2,1,1,1,0
1811,7,2,1041,1430,2029,10,5,12,1,1,1,1
1110,8,10,89,1538,2459,14,1,16,1,1,0,1
1641,1,12,124,833,2785,15,10,16,1,0,0,2
299,7,17,506,519,1499,12,8,19,1,0,1,1
26,4,19,550,645,3763,16,1,4,1,0,1,3
1059,8,11,983,1087,2173,7,3,19,1,1,0,2
950,2,18,612,719,2073,16,7,9,1,0,1,1
1680,8,6,973,1633,1612,17,9,17,1,1,0,2
264,2,16,865,1741,3271,14,0,15,1,0,1,3
927,4,16,87,736,3328,10,9,10,1,1,1,2
519,3,20,691,1580,3777,7,2,13,1,1,1,3
690,5,3,461,1251,3371,13,9,9,1,0,1,3
1033,4,1,706,1623,2614,5,4,15,1,0,0,2
555,5,7,416,676,988,11,5,9,0,1,1,0
1666,6,3,674,1375,2598,17,2,3,1,0,0,3
1082,4,13,42,1262,1816,17,16,15,1,0,1,1
380,7,13,964,1233,1246,8,1,2,0,0,1,1
806,3,18,1455,1982,3746,10,0,5,1,0,0,3
109,1,7,1633,1869,2343,19,13,14,1,1,1,3
1891,2,6,36,642,299,6,2,10,0,1,0,0
114,7,19,1158,1244,3472,9,1,20,1,0,1,3
1763,2,17,296,839,3104,17,7,11,0,0,0,2
1930,8,7,1661,1836,3883,12,2,5,1,0,1,3
1179,4,1,890,1019,2968,9,0,3,1,1,0,3
1949,7,5,114,819,3433,6,5,10,1,1,0,2
781,7,18,698,829,2496,13,6,5,0,1,1,2
1622,4,10,397,891,2033,16,9,2,1,1,0,1
81,4,19,1397,1616,2593,14,11,16,1,1,0,2
1139,6,12,172,1239,1075,12,11,3,1,1,0,0
912,2,9,90,1334,3458,7,5,11,1,0,1,2
1529,8,9,1693,1790,1133,14,3,10,0,1,0,1
1052,5,4,371,541,2705,17,3,10,1,1,0,1
373,7,0,79,681,706,12,9,16,0,1,0,0
478,4,16,622,1256,3488,16,2,3,0,0,1,3
1480,6,20,1003,1284,1543,7,5,19,1,1,0,1
914,4,20,983,1230,3676,12,8,5,1,0,1,3
74,4,6,763,1413,590,9,2,6,0,1,0,0
1640,8,17,406,1036,2341,10,9,16,0,0,1,2
1080,5,4,545,1300,2043,7,5,14,0,0,0,1
1271,4,10,1111,1362,2560,7,3,8,1,0,0,3
1318,1,9,19,501,3784,13,4,4,1,1,0,3
1722,7,14,437,1113,2460,10,5,18,1,0,0,2
605,5,13,183,559,2711,8,2,3,1,1,1,2
571,6,16,52,1082,3206,12,6,16,1,1,0,3
674,3,4,182,1293,969,15,1,7,1,0,0,0
104,7,3,325,902,1204,11,4,8,1,1,1,0
175,6,15,650,1740,2177,7,5,13,1,1,1,2
1575,8,3,203,1771,2929,10,4,17,1,0,0,2
1028,2,0,38,1682,1898,12,4,3,1,1,0,1
556,8,18,430,658,2606,13,6,12,1,0,0,2
80,7,7,319,1206,3464,19,10,6,1,1,1,3
1873,5,8,266,642,991,14,8,7,1,0,0,0
1689,6,7,1419,1698,1998,9,2,4,0,0,0,2
1433,8,2,924,1877,3925,8,1,10,1,1,1,3
622,7,1,217,1101,2675,12,11,15,1,1,0,2
582,5,17,361,809,1257,16,10,16,1,0,0,0
1810,5,2,407,528,708,17,5,17,0,1,1,0
1370,2,0,294,1233,1069,18,6,14,1,0,0,0
1098,7,9,253,1764,2693,8,3,7,0,1,1,3
723,8,3,613,650,990,14,11,6,0,1,1,0
1479,1,11,347,727,3142,13,0,6,1,0,1,3
1883,6,10,321,1870,953,18,11,20,0,1,1,0
611,2,3,304,637,1409,16,5,3,0,0,0,1
994,6,15,111,510,546,12,6,7,1,1,1,0
930,1,1,120,1409,3598,9,2,12,1,0,1,3
1743,5,6,214,679,3094,12,4,20,0,0,0,2
89,4,14,557,1402,2334,10,1,11,1,0,1,2
470,7,13,164,728,3860,7,5,16,0,0,0,3
1813,4,16,1191,1839,552,6,1,11,0,0,1,0
901,6,11,458,1263,1185,15,4,6,1,1,1,0
909,4,0,276,1026,1653,11,7,17,1,0,0,1
340,3,9,253,1786,3185,8,4,15,1,0,0,2
1819,5,12,639,1087,2473,10,4,9,1,0,1,2
779,8,1,438,822,1094,10,5,15,1,0,0,0
354,7,18,176,1029,3359,10,0,14,1,0,0,2
1330,8,20,439,1306,2316,19,2,6,0,0,1,2
290,2,11,637,763,3822,14,3,18,0,1,1,3
1693,2,19,1649,1829,2855,16,13,7,1,1,1,2
341,6,13,333,1429,2111,18,7,2,1,0,1,1
502,7,2,594,1337,864,9,8,2,1,0,1,1
1857,5,4,740,840,3736,14,8,5,1,0,0,3
1659,4,9,603,1483,3473,7,3,4,0,0,1,3
1506,4,16,56,527,2289,10,2,19,1,1,1,1
515,7,6,186,654,2978,18,7,18,0,0,0,2
63,2,18,753,1353,2148,14,2,5,1,1,1,2
1470,3,0,410,1551,1379,17,1,16,1,0,1,1
1967,6,8,1081,1979,387,14,5,3,0,1,0,1
128,3,16,396,1732,3801,12,0,7,1,0,1,3
1451,4,3,158,1657,2331,18,12,20,1,0,1,1
1714,8,12,26,508,2992,15,3,17,1,1,0,2
1457,6,7,1482,1591,2072,10,8,19,0,1,0,2
882,3,16,945,1913,2735,16,15,13,1,0,1,2
379,2,9,1173,1814,3917,13,11,8,1,0,1,3
205,8,1,1277,1429,2243,11,7,4,1,0,1,2
1973,1,3,1196,1651,3851,10,3,14,1,0,1,3
1464,4,9,991,1803,685,15,11,7,1,1,1,0
931,3,10,985,1420,2437,19,2,2,1,1,1,2
1769,7,10,950,1739,984,17,4,9,1,0,1,0
276,4,13,32,1509,3760,9,5,13,1,1,1,3
1712,8,11,910,1566,1816,12,7,7,0,0,1,2
438,2,16,674,740,3701,15,8,8,1,1,0,3
1460,2,10,287,627,3707,5,1,19,0,0,1,3
1926,7,14,675,1163,1456,9,3,20,1,1,0,1
798,7,6,400,823,3481,10,8,8,1,0,1,3
416,8,5,329,1053,2330,19,5,20,0,1,0,1
688,4,12,113,577,626,10,4,4,1,1,1,0
69,4,1,205,603,3993,7,1,7,1,1,0,3
42,2,19,685,714,1878,15,0,4,1,1,0,1
1140,5,6,527,734,3063,17,13,4,0,1,0,2
653,7,20,177,1282,2598,13,5,8,1,1,0,1
273,3,14,303,714,1595,8,4,9,1,0,1,1
1283,6,8,526,1728,2636,12,2,6,1,1,0,2
1818,5,15,638,1831,594,16,6,20,1,0,1,0
300,1,19,1728,1767,3321,5,4,14,1,1,0,3
1195,7,15,267,1841,2286,19,8,13,1,0,0,2
545,6,17,271,1000,2445,6,1,6,1,1,1,1
1562,1,10,499,695,2328,17,10,2,1,0,0,2
1992,3,4,576,1809,1180,6,3,4,1,1,1,0
554,4,10,186,1100,719,14,10,10,1,1,1,0
1235,7,19,485,922,571,8,7,17,1,1,0,0
410,5,8,264,956,582,15,7,4,1,1,1,0
403,4,5,1641,1666,1529,13,8,3,1,0,1,2
70,7,11,570,1724,3378,13,11,2,1,1,1,3
1885,1,14,1048,1123,928,12,10,9,0,0,1,0
1694,1,12,254,954,1393,9,4,4,1,1,1,1
46,8,14,202,1791,3587,10,5,3,1,0,0,3
1308,3,9,549,1383,3571,16,1,11,1,1,1,3
291,7,13,410,572,3922,11,1,8,0,0,1,3
826,6,20,472,1073,2655,12,2,4,1,0,1,2
1063,6,20,65,1055,619,7,4,8,1,1,1,0
286,7,7,1360,1891,3161,8,4,3,0,0,0,3
1259,4,6,667,798,1642,9,4,3,0,1,1,1
544,2,0,1027,1508,1853,17,14,12,1,1,1,1
1917,7,9,253,590,696,14,7,3,1,1,0,0
16,8,4,984,1850,3554,10,9,19,1,0,1,3
1828,3,17,258,789,3904,5,1,7,1,1,1,3
413,5,0,579,596,2511,6,3,17,0,0,0,2
1702,5,0,181,1199,2658,15,0,19,1,0,0,2
845,7,15,713,1513,286,14,4,17,1,0,1,0
770,8,8,1795,1958,3872,9,8,11,1,1,0,3
1955,5,6,747,1247,3104,6,5,20,1,0,0,3
1774,8,10,808,1517,2908,12,4,11,0,0,1,2
760,4,18,209,947,504,14,4,10,1,1,0,0
248,5,10,1201,1485,1846,12,5,7,1,0,1,1
1959,6,4,1168,1179,1396,15,8,9,1,1,1,1
1716,7,3,519,533,3249,19,0,12,0,0,1,2
1282,6,6,113,1524,1905,16,3,18,1,1,1,1
93,6,15,403,1105,349,16,10,2,1,0,1,0
812,1,10,1047,1312,277,11,2,12,1,0,1,0
637,8,11,150,510,2437,14,0,9,1,0,0,2
598,5,7,1250,1285,316,15,14,17,1,0,0,0
1291,7,14,1244,1504,3142,11,4,19,1,0,1,3
961,6,6,1734,1968,3726,8,5,15,1,0,0,3
1226,3,16,692,1057,3703,13,1,9,0,0,1,3
830,3,8,224,783,2587,7,5,18,1,0,0,1
1653,5,1,1399,1646,3610,13,7,9,0,0,1,3
588,8,18,1197,1987,1185,11,2,20,0,1,0,2
1412,2,17,854,935,1083,16,11,16,1,1,0,0
1032,7,17,387,1595,1445,17,16,12,1,1,1,1
610,3,5,569,906,752,17,8,17,0,0,1,0
1855,6,19,1057,1931,650,17,0,10,1,0,1,0
68,2,1,459,1225,1050,11,1,4,1,0,1,0
353,8,16,275,986,2563,19,17,19,1,0,0,2
1333,7,18,293,952,1316,8,1,8,1,1,0,1
121,4,2,1242,1712,3242,18,11,4,1,1,0,3
1362,1,13,366,613,722,6,5,10,1,1,0,0
201,7,15,1273,1345,1441,7,4,13,1,1,1,1
903,4,11,641,1638,2870,19,16,10,1,0,1,2
198,4,4,938,1948,1866,11,10,14,1,1,1,1
1189,2,10,24,759,3865,8,3,7,1,0,1,2
1380,8,2,1099,1553,2610,8,3,13,1,1,0,3
1160,8,18,378,751,2495,10,0,9,1,1,1,2
1075,1,12,1518,1883,1032,10,0,8,1,1,1,1
886,4,18,575,618,3497,9,7,11,1,1,0,2
146,2,7,387,1269,2196,12,6,19,0,1,1,1
1539,8,8,469,853,702,19,15,15,1,1,1,0
113,5,14,117,513,3182,8,4,5,1,1,0,2
1633,2,14,484,711,1687,15,5,5,1,1,1,1
792,6,15,193,1185,2532,16,14,15,1,0,1,2
1652,2,9,737,1759,1077,6,1,4,1,0,1,0
1100,5,13,334,594,1886,19,11,9,1,1,1,0
1365,2,15,688,1591,1780,12,10,2,1,0,0,1
1382,8,8,194,1393,763,17,1,17,0,1,1,0
62,2,0,322,547,470,7,0,15,1,1,0,0
424,4,6,21,562,3709,14,2,10,0,0,0,2
1263,1,11,935,1147,1105,7,6,19,0,1,1,0
1982,6,20,610,1437,2313,14,1,11,0,1,0,2
350,1,16,58,1253,2581,15,11,15,1,0,1,1
1860,2,5,211,1608,686,8,6,11,1,1,0,0
476,1,13,1064,1594,3272,18,0,17,1,1,0,3
1079,8,3,1203,1432,1482,15,7,17,0,1,0,2
893,2,16,385,831,2020,6,0,18,1,1,0,1
482,5,17,980,1262,463,14,6,11,0,0,1,0
64,3,3,504,1570,2955,10,4,19,1,0,0,2
680,7,3,1156,1750,3587,14,11,20,1,0,0,3
199,3,20,825,1542,1287,13,4,16,1,0,0,1
1221,6,3,954,1609,1958,9,6,4,1,1,1,2
1528,1,10,1801,1923,1424,18,4,13,1,0,1,1
54,7,0,690,804,2908,6,0,18,0,1,0,2
1209,1,11,725,1335,774,15,4,6,1,1,0,1
740,6,9,901,1162,3772,17,8,18,0,1,1,3
753,4,9,671,1445,2236,8,7,12,1,0,1,2
1664,6,6,988,1503,1882,16,6,10,1,0,1,2
254,1,17,707,1882,575,15,9,12,0,0,0,0
1889,8,8,1217,1670,3839,17,3,11,1,0,1,3
651,8,11,1103,1364,2183,8,3,11,1,1,0,2
1962,7,17,599,1299,2452,19,17,8,1,0,0,2
1650,1,13,651,700,361,6,1,10,0,1,0,0
745,8,20,286,1300,3377,5,1,6,1,1,1,2
1514,1,16,1421,1463,1591,11,9,20,1,1,0,1
742,6,0,172,910,2577,9,5,8,1,1,0,2
369,6,12,1125,1195,1243,19,18,5,1,1,1,1
942,7,4,138,1330,999,16,12,9,1,1,0,0
1173,2,1,1287,1892,3300,12,10,20,1,0,0,3
226,1,19,233,517,3388,6,4,16,1,1,1,3
282,7,11,475,1493,927,19,10,18,1,0,1,1
1842,3,7,167,909,641,9,1,8,1,0,1,0
1431,4,6,1135,1923,3957,17,15,6,1,0,0,3
1696,4,5,1438,1832,2392,10,4,15,1,0,1,3
1662,8,9,1499,1952,1155,19,14,12,0,1,1,1
980,1,14,64,1667,934,16,10,9,0,1,0,0
1268,2,5,1055,1738,2381,14,1,5,1,0,0,2
1850,7,10,634,1079,769,19,13,3,1,0,1,0
1352,2,15,497,627,3593,14,9,3,0,1,0,2
59,5,4,127,683,2910,15,13,9,1,1,1,2
1483,2,8,543,703,2156,13,6,6,1,1,1,1
1611,5,11,954,970,2518,18,17,5,0,1,1,2
1371,4,11,818,1827,2651,14,8,9,1,0,1,2
1582,7,19,248,755,263,6,5,8,0,0,0,0
722,7,9,1214,1262,1796,16,6,13,0,1,1,1
317,2,13,474,709,715,18,5,20,1,0,1,0
715,3,11,722,766,2039,11,6,19,0,1,0,1
1234,5,13,626,1134,2977,15,12,5,1,1,1,2
872,3,19,351,1159,2351,8,7,10,1,1,0,1
1511,4,10,394,849,1919,12,10,20,1,1,0,1
1847,7,15,120,1429,881,6,3,17,0,1,1,0
804,6,2,349,1051,1913,12,7,6,1,1,0,1
1786,4,16,1050,1726,2131,7,2,6,1,0,1,2
917,3,4,42,507,1360,15,12,11,1,0,0,0
348,1,15,1243,1584,2727,13,3,8,1,0,0,2
1974,2,16,503,986,2156,7,3,13,1,1,0,1
330,1,10,1001,1224,2125,17,15,15,0,1,1,1
349,3,4,300,1059,2973,12,5,18,0,0,1,2
1137,2,3,1211,1229,1080,10,0,6,0,0,1,0
1287,6,13,692,979,3869,16,14,20,1,1,1,3
643,3,3,1058,1421,2608,6,0,2,0,0,1,2
1042,3,7,1432,1649,2030,7,0,6,1,0,0,2
1976,7,7,306,558,495,15,6,14,1,1,1,0
1907,5,11,119,1531,3568,16,14,3,0,0,1,3
284,8,9,555,764,2334,11,5,4,1,0,0,2
527,4,11,1331,1463,2776,19,17,14,1,1,1,3
1272,2,8,1097,1461,285,19,7,3,1,0,1,0
500,8,16,581,750,1155,7,1,20,0,0,1,0
709,7,14,589,1301,337,16,3,5,1,1,0,0
657,4,17,88,516,1624,15,13,9,1,1,0,1
1501,2,0,1399,1684,1658,15,9,20,1,1,1,2
1064,6,6,1749,1767,724,17,3,9,1,0,1,1
1194,8,6,1333,1838,1412,13,1,20,0,1,1,1
1791,2,12,35,510,1672,17,13,19,1,1,0,0
347,6,13,13,1463,2855,5,0,19,1,0,1,2
1520,1,16,203,915,3563,17,10,3,0,0,0,3
860,5,7,729,1267,2080,16,11,12,1,0,1,2
1772,3,7,116,1432,2967,7,3,7,1,1,1,3
1264,1,5,864,1011,2064,13,7,6,1,0,0,1
1367,8,9,118,764,3066,11,2,19,1,1,0,2
713,7,20,208,1742,1229,5,3,4,1,1,0,0
78,4,20,1168,1552,3448,17,13,10,1,0,1,3
1223,1,9,956,1723,3392,12,8,5,1,1,1,3
210,3,1,213,705,2571,11,0,13,1,0,1,2
632,8,0,159,630,2104,7,4,16,1,1,0,1
1377,4,5,1328,1970,3393,6,5,7,1,0,0,3
616,1,7,553,727,3856,18,4,18,0,1,1,3
896,1,9,1134,1469,1947,5,4,6,1,0,1,2
1856,4,15,616,912,3038,18,0,14,1,0,0,3
1247,2,0,1603,1930,659,14,9,13,1,1,1,1
474,3,7,861,1259,2323,9,8,7,0,0,1,2
1587,2,12,1310,1420,1646,12,0,6,1,1,0,1
1631,8,6,1145,1487,3282,16,2,18,1,1,1,3
1402,4,7,340,1728,2926,17,13,9,1,1,1,2
1038,3,4,1578,1963,1402,14,10,3,0,1,0,1
1781,3,19,600,1211,3132,17,0,2,1,1,1,3
538,6,6,251,1013,3653,7,1,15,1,1,1,2
712,2,10,689,699,2473,16,11,2,1,0,0,2
1392,5,8,599,1073,780,11,10,5,0,0,0,0
1830,1,12,730,751,1417,10,4,19,1,0,1,0
1957,5,2,776,1397,3430,7,5,19,1,1,1,3
1877,6,0,623,769,1747,7,0,14,0,1,0,1
725,6,18,193,1234,1380,10,1,13,0,1,0,1
346,5,7,513,1438,2938,6,0,5,1,1,1,2
187,1,17,619,1299,2940,13,9,2,1,1,1,3
662,3,9,1791,1898,446,16,13,15,1,1,1,1
1525,4,18,570,1645,2738,18,16,12,1,0,0,2
1898,5,9,159,1738,3756,17,5,12,1,1,1,3
1366,4,16,263,1345,1247,19,16,16,1,0,0,1
718,5,12,1298,1666,3254,12,0,16,1,0,0,3
1204,4,20,184,740,1936,7,0,9,1,1,1,1
437,6,10,1452,1744,985,12,11,7,1,1,0,1
1746,2,9,605,1429,1365,9,3,16,1,0,1,1
926,4,14,501,506,1927,17,4,6,0,0,1,1
731,1,10,337,1384,1906,17,13,13,0,1,1,2
147,7,4,1265,1298,3799,16,1,4,1,0,0,3
1442,5,7,105,588,1861,13,10,16,0,1,0,1
567,2,15,1597,1920,665,18,5,5,0,0,0,1
1697,2,0,1304,1673,3284,15,2,8,1,0,1,3
23,3,20,466,788,1037,8,7,20,1,0,0,0
90,3,5,1605,1924,2822,19,3,16,1,1,0,3
494,5,0,840,982,1970,16,8,15,1,1,0,1
1610,5,17,655,1459,2803,19,9,6,1,1,1,3
1994,1,2,528,1416,3978,17,16,3,1,1,0,3
1089,2,14,329,656,2301,15,9,8,1,0,0,1
1707,4,20,105,1099,1181,16,0,18,1,1,0,1
939,3,16,618,940,2373,11,9,20,1,1,0,2
1784,2,15,148,742,2927,15,6,3,1,0,0,2
1113,8,1,473,574,2200,18,14,15,0,1,0,1
1381,4,10,783,1227,3721,16,11,4,0,1,1,3
634,6,18,1308,1991,3137,12,1,11,1,1,1,3
1939,5,20,146,822,2506,5,3,11,1,0,0,2
1706,1,13,1569,1763,1743,7,1,9,0,1,0,2
1896,3,9,617,1386,445,10,8,10,1,1,0,0
1551,7,19,155,663,1422,5,0,15,1,1,0,1
737,7,2,482,874,2953,9,5,13,1,1,0,2
600,6,5,427,684,2366,16,8,2,1,1,1,1
395,2,13,447,794,3684,9,7,18,1,0,0,3
1579,6,20,114,1849,1249,16,2,4,1,1,0,1
245,7,12,105,673,3800,8,3,14,1,0,0,3
1035,3,2,179,772,523,5,0,4,0,1,1,0
604,2,0,1233,1854,1087,17,16,14,1,0,0,1
1986,2,11,742,999,1850,9,4,8,1,0,0,1
1677,7,7,1012,1040,2854,10,7,12,1,0,1,2
1609,5,20,606,688,3127,10,7,11,1,0,0,2
118,1,12,275,989,488,5,3,9,0,1,0,0
1364,4,6,882,1195,2802,8,0,10,1,1,0,2
1846,2,6,487,722,1241,9,0,16,1,0,0,0
450,2,10,558,1208,2190,16,12,4,1,1,1,1
636,7,5,1331,1917,3663,14,10,14,0,0,0,3
888,1,20,342,670,3483,17,4,16,1,0,0,3
665,4,5,871,1048,707,19,2,5,1,1,1,0
1711,4,1,1147,1393,1659,11,10,11,1,1,0,1
1996,4,3,915,1965,2032,11,10,16,1,1,1,2
512,1,14,418,1763,574,5,3,19,1,0,0,0
505,1,2,83,773,1333,15,6,11,0,1,1,1
1787,1,11,1191,1882,3362,13,10,11,1,0,0,3
1906,8,0,1332,1814,1069,7,6,7,1,0,0,1
843,8,7,859,867,2246,14,11,15,0,0,0,2
924,1,16,1242,1973,1252,6,4,19,1,1,1,2
185,3,13,420,500,797,13,2,15,1,1,0,0
1584,4,10,699,851,639,6,0,3,0,0,1,0
685,7,9,553,1505,995,7,6,18,0,1,1,0
24,3,13,201,1245,2583,11,0,12,1,0,0,1
196,3,13,1100,1497,1665,17,9,12,1,1,1,2
1841,7,10,332,970,1507,5,0,4,0,0,1,0
1535,2,15,486,1032,3495,17,4,7,1,1,0,2
1107,7,1,1191,1347,2389,7,3,15,0,0,1,2
189,5,5,611,1381,3834,17,7,13,1,1,1,3
1219,3,20,531,707,841,18,15,16,1,0,0,0
355,4,12,1236,1280,941,8,4,9,1,1,0,1
1008,8,6,1145,1356,2641,8,2,7,0,0,0,3
1676,1,14,774,939,1641,14,8,12,1,1,0,1
1948,7,14,88,709,1974,17,5,13,0,1,1,1
1378,2,0,354,530,323,17,3,7,1,0,1,0
1055,2,3,409,646,1222,13,2,7,0,0,0,1
1462,2,11,1024,1363,3577,17,7,4,1,1,0,3
1486,3,6,1116,1724,1214,12,5,16,1,1,0,1
315,8,17,114,1726,3739,14,1,13,1,0,0,3
241,7,0,1273,1754,2311,7,6,7,1,0,0,2
1768,6,9,431,1727,3990,14,9,12,1,1,1,3
1553,6,3,40,1435,1303,17,16,4,1,1,1,0
1067,6,7,134,521,793,7,3,17,1,1,0,0
646,5,7,693,1031,933,14,0,5,1,1,0,0
1481,4,11,0,1987,3692,13,0,16,1,1,0,3
1425,6,9,831,1713,1179,10,3,18,0,0,1,1
1890,1,13,298,1037,1861,8,5,17,1,1,1,1
333,3,17,384,1361,1213,5,0,16,1,1,1,1
828,7,9,977,1660,3535,17,0,16,1,1,1,3
298,8,13,221,1243,666,19,10,5,0,1,0,0
216,8,2,541,1499,978,5,3,7,1,0,1,0
267,6,12,1097,1222,1675,18,4,14,1,1,1,1
1604,5,17,913,1429,543,8,7,18,0,0,1,0
1571,4,10,161,647,3518,7,3,8,1,1,1,3
1777,7,4,593,732,1734,17,8,14,0,0,1,1
1581,2,1,404,1742,595,19,0,3,0,0,0,0
663,7,12,1568,1832,1510,12,10,17,1,1,0,2
1783,6,16,308,591,1052,11,9,11,1,0,0,0
1916,2,10,674,1455,1534,6,2,17,1,0,0,1
433,6,8,418,1341,1277,13,6,19,1,0,0,1
1407,2,10,274,1079,2754,19,10,8,1,1,1,2
569,2,9,402,964,3501,13,11,3,1,0,0,3
1188,7,11,1163,1554,3681,19,3,15,1,1,1,3
1798,6,20,138,1371,2359,13,6,3,0,0,0,1
984,4,0,858,1591,348,14,9,14,1,0,1,0
1533,5,10,887,1775,435,9,2,2,1,1,0,0
269,1,6,1285,1617,1129,12,1,6,0,1,0,1
206,6,17,129,873,2984,13,4,17,1,0,1,2
1590,8,11,664,1806,3235,6,1,10,1,0,1,3
800,1,17,626,932,1790,19,12,15,1,0,1,1
1925,6,6,773,1353,1905,16,3,19,1,1,1,2
228,4,19,411,1226,2458,19,16,3,1,0,1,2
336,3,1,1086,1345,3451,15,1,11,1,1,0,3
1804,2,19,1284,1643,595,10,0,19,1,0,1,1
1,3,6,905,1988,2631,17,3,7,1,1,0,2
455,3,19,947,1131,2362,17,2,19,1,1,0,2
1899,4,20,786,872,770,14,1,15,0,0,1,0
834,8,12,308,1169,3336,6,4,14,1,0,1,3
1727,6,16,117,1115,3742,13,3,13,1,1,0,3
1490,3,14,335,679,2293,5,1,2,0,1,0,1
495,5,17,401,1586,2728,6,0,17,1,1,1,2
1750,4,11,833,1441,867,8,3,3,1,1,0,0
1213,4,7,945,1923,1887,8,5,11,1,1,1,1
1874,8,2,523,542,3248,8,6,6,1,0,1,2
17,3,17,441,810,3752,10,2,18,1,1,0,3
748,3,9,526,643,2965,15,7,14,1,1,0,2
581,3,17,1079,1897,3607,12,10,6,1,1,1,3
1360,6,16,248,884,751,19,11,8,1,0,1,0
612,7,15,276,1230,3072,7,3,5,1,1,0,3
1753,4,3,258,1889,609,11,3,5,1,0,1,0
22,4,7,407,822,1433,11,5,20,0,0,1,1
97,6,18,1572,1684,1601,18,17,14,1,0,0,2
633,3,10,632,1184,1762,5,3,6,1,1,0,1
1459,8,12,491,1506,2916,16,11,18,0,1,1,3
1001,2,12,629,635,947,11,4,16,0,1,1,0
840,4,6,792,1181,1993,9,0,5,1,0,0,2
986,7,17,237,890,971,11,10,10,1,0,0,0
237,5,16,564,980,3755,7,1,8,1,1,1,3
1491,1,14,50,1105,3958,12,2,19,1,1,0,3
884,6,13,546,828,2942,11,5,16,0,1,1,2
404,6,9,269,1026,2403,9,2,9,1,1,1,2
471,5,10,631,1940,3630,9,7,17,0,1,0,3
1698,6,9,813,1180,464,7,5,16,1,0,1,0
1626,5,14,125,675,957,6,5,11,1,1,0,0
1135,1,3,419,556,2074,8,1,5,1,1,0,1
1647,3,17,776,1247,920,16,2,10,1,1,1,0
1354,8,19,50,1356,2311,17,9,18,1,1,0,2
732,7,17,1036,1611,898,16,8,13,1,1,0,0
