area error,compactness error,concave points error,concavity error,fractal dimension error,mean area,mean compactness,mean concave points,mean concavity,mean fractal dimension,mean perimeter,mean smoothness,mean symmetry,perimeter error,radius error,smoothness error,symmetry error,texture error,worst area,worst compactness,worst concave points,worst concavity,worst fractal dimension,worst perimeter,worst radius,worst smoothness,worst symmetry,worst texture,y
16.85,0.01449,0.008043,0.0169,0.002778,310.8,0.07326,0.01775,0.02511,0.06331,64.41,0.1007,0.189,1.778,0.2619,0.007803,0.021,2.015,384.0,0.1402,0.06499,0.1055,0.07664,71.98,11.16,0.1402,0.2894,26.84,1
20.2,0.02148,0.01045,0.02991,0.00269,359.9,0.05743,0.01404,0.03614,0.05977,68.79,0.08801,0.2016,2.24,0.3077,0.006543,0.01844,1.621,489.5,0.1696,0.07485,0.1927,0.07662,83.69,12.76,0.1303,0.2965,32.04,1
21.83,0.01246,0.008747,0.01831,0.001621,800.0,0.08501,0.04528,0.055,0.05875,104.3,0.09495,0.1735,1.729,0.2387,0.003958,0.015,0.6372,947.9,0.1722,0.1129,0.231,0.07012,115.9,17.71,0.1206,0.2778,19.58,1
24.44,0.01179,0.01519,0.01131,0.003408,451.1,0.07057,0.02941,0.0249,0.06635,77.79,0.1045,0.19,2.41,0.3661,0.005433,0.0222,1.511,495.2,0.09358,0.05882,0.0498,0.07376,82.14,12.83,0.114,0.2227,20.92,1
18.04,0.01205,0.004551,0.00941,0.002399,466.5,0.052,0.01261,0.01714,0.05976,78.18,0.08192,0.1544,1.577,0.2239,0.005096,0.01608,1.139,622.9,0.1804,0.06335,0.123,0.08203,92.74,14.17,0.1256,0.31,31.99,1
15.26,0.02073,0.008468,0.02828,0.002613,541.8,0.08575,0.02864,0.05077,0.05594,85.79,0.08363,0.1617,1.592,0.1833,0.004271,0.01461,0.5308,623.7,0.2685,0.09173,0.2866,0.0732,96.59,14.24,0.1166,0.2736,17.37,1
37.83,0.01442,0.01846,0.01514,0.002005,427.3,0.0434,0.02763,0.02245,0.06113,74.24,0.07813,0.2101,3.717,0.5619,0.008034,0.02921,1.268,533.7,0.085,0.0829,0.06735,0.06688,84.7,13.31,0.1036,0.3101,18.26,1
17.61,0.009514,0.006474,0.01329,0.001784,489.9,0.07664,0.02107,0.03193,0.05984,81.25,0.1028,0.1707,1.566,0.21,0.006809,0.02057,0.9505,574.4,0.1212,0.05602,0.102,0.06888,88.7,13.71,0.1384,0.2688,21.1,1
31.72,0.1354,0.01666,0.1166,0.01172,609.9,0.2413,0.06618,0.1981,0.07542,94.37,0.1075,0.2384,2.112,0.286,0.00797,0.05113,2.11,762.4,0.9327,0.1772,0.8488,0.1446,106.4,15.74,0.1533,0.5166,37.18,0
16.04,0.01777,0.01164,0.02101,0.003721,386.3,0.1111,0.0555,0.079,0.06914,73.16,0.1237,0.2018,1.809,0.2562,0.006635,0.02108,0.9858,476.1,0.2429,0.1318,0.2247,0.09215,84.93,12.84,0.161,0.3343,20.53,1
103.6,0.04674,0.02536,0.05904,0.004286,1234.0,0.1669,0.1265,0.1641,0.0602,133.7,0.09905,0.1875,7.128,0.9761,0.008439,0.0371,1.892,1671.0,0.3416,0.2152,0.3703,0.07632,160.0,24.19,0.1278,0.3271,33.81,0
27.85,0.03206,0.01841,0.04961,0.005217,408.8,0.1483,0.05564,0.102,0.07255,76.38,0.1175,0.1957,3.027,0.4101,0.01459,0.01807,1.74,528.1,0.2878,0.1416,0.3186,0.0927,88.14,13.36,0.178,0.266,25.4,1
48.29,0.01428,0.01286,0.0236,0.001463,641.2,0.07624,0.04603,0.05724,0.05448,92.51,0.09906,0.2075,3.763,0.522,0.007089,0.02266,0.8121,873.2,0.1525,0.1087,0.1632,0.06072,110.4,16.77,0.1297,0.3062,16.9,1
13.17,0.01122,0.008849,0.01282,0.002817,388.0,0.07608,0.02755,0.03265,0.0627,72.23,0.09834,0.1769,1.164,0.1904,0.006472,0.01692,0.5293,457.5,0.1507,0.0875,0.1275,0.08022,78.27,12.32,0.1358,0.2733,16.18,1
7.326,0.03084,0.01097,0.02613,0.00589,320.8,0.08066,0.02438,0.04358,0.06714,65.85,0.08877,0.1669,0.9887,0.1144,0.01027,0.02277,1.023,357.4,0.2246,0.08333,0.1783,0.09479,71.08,10.83,0.1461,0.2691,22.04,1
20.67,0.01104,0.0,0.0,0.002228,360.5,0.04227,0.0,0.0,0.05948,68.51,0.07431,0.1661,2.115,0.3163,0.009579,0.03004,1.304,412.3,0.07348,0.0,0.0,0.06592,74.08,11.66,0.1001,0.2458,24.77,1
89.74,0.027,0.01648,0.03737,0.003996,1007.0,0.1289,0.07762,0.117,0.06077,118.4,0.1001,0.2116,5.353,0.7548,0.007997,0.02897,1.288,1426.0,0.2327,0.1489,0.2544,0.07625,143.4,21.53,0.1309,0.3251,26.06,0
26.43,0.012,0.002404,0.001597,0.00347,317.5,0.04695,0.002404,0.001597,0.06048,63.76,0.09267,0.1703,2.68,0.4245,0.01439,0.02538,1.268,437.0,0.1019,0.01042,0.00692,0.07697,75.39,11.87,0.1521,0.2933,21.18,1
15.5,0.007861,0.002386,0.001128,0.002585,537.3,0.05251,0.003261,0.001461,0.05894,84.07,0.08511,0.1632,1.204,0.1903,0.003632,0.01344,0.5735,636.9,0.1346,0.025,0.0112,0.08385,92.0,14.41,0.1128,0.2651,20.45,1
15.09,0.03041,0.008304,0.02526,0.004198,529.4,0.1483,0.05102,0.08705,0.0731,87.02,0.1002,0.185,1.491,0.1931,0.005251,0.02514,0.9223,639.3,0.4402,0.1126,0.3162,0.1076,99.48,14.55,0.1349,0.4128,29.16,1
16.39,0.05914,0.01314,0.0888,0.008675,389.4,0.1325,0.02854,0.1548,0.07669,73.93,0.09592,0.2054,2.369,0.2428,0.006663,0.01995,1.642,472.9,0.4848,0.1218,0.7436,0.1297,87.16,12.58,0.1347,0.3308,27.96,1
9.438,0.0134,0.004667,0.01003,0.001952,409.1,0.05969,0.008907,0.01367,0.061,73.73,0.08597,0.1833,1.107,0.1312,0.004124,0.02032,0.3602,467.8,0.1626,0.04715,0.08324,0.07434,81.23,12.34,0.1092,0.339,12.87,1
27.41,0.01172,0.01269,0.01947,0.002626,668.6,0.07214,0.03027,0.04105,0.0568,94.7,0.08275,0.184,2.177,0.3031,0.004775,0.0187,1.385,826.4,0.1376,0.1095,0.1611,0.06956,107.4,16.51,0.106,0.2722,32.29,1
38.49,0.0163,0.009423,0.02967,0.001718,701.9,0.08597,0.04335,0.07486,0.05915,97.26,0.09215,0.1561,2.63,0.386,0.004952,0.01152,1.198,967.0,0.2101,0.112,0.2866,0.06954,113.8,17.58,0.1246,0.2282,28.06,0
155.8,0.02863,0.01716,0.04497,0.003053,1670.0,0.1682,0.1237,0.195,0.06309,153.5,0.09509,0.1909,7.247,1.058,0.006428,0.0159,0.9635,2944.0,0.4126,0.2593,0.582,0.08677,206.0,31.01,0.1481,0.3103,34.51,0
19.91,0.03747,0.01544,0.04591,0.006792,334.2,0.1303,0.03068,0.06476,0.07782,68.64,0.1122,0.1922,2.041,0.3336,0.01188,0.02287,1.86,374.4,0.2049,0.06136,0.1295,0.09026,72.62,11.16,0.13,0.2383,22.75,1
8.955,0.009169,0.00574,0.008732,0.001366,468.5,0.06307,0.02647,0.02958,0.05808,78.94,0.09003,0.1689,0.7714,0.1166,0.003681,0.01129,0.4957,564.9,0.2074,0.107,0.1791,0.07592,87.22,13.61,0.1292,0.311,19.27,1
32.65,0.02839,0.008239,0.01162,0.006164,559.2,0.1047,0.06556,0.06877,0.06641,87.91,0.1291,0.2403,2.652,0.4101,0.0134,0.02572,1.014,605.5,0.1379,0.07407,0.08539,0.07191,91.36,14.08,0.1451,0.271,12.49,1
97.07,0.02277,0.01303,0.04029,0.003318,1214.0,0.1666,0.1286,0.2508,0.06082,130.7,0.112,0.2027,4.792,0.7364,0.004057,0.01686,1.048,2232.0,0.3846,0.2247,0.681,0.09223,174.9,26.73,0.1438,0.3643,26.39,0
13.88,0.015,0.008578,0.01412,0.001784,432.7,0.05642,0.0228,0.02688,0.05715,75.54,0.08372,0.1875,1.234,0.207,0.007595,0.01792,1.238,517.8,0.1758,0.0914,0.1316,0.07007,84.35,13.06,0.1369,0.3101,25.75,1
19.62,0.01104,0.004967,0.003297,0.001963,387.3,0.06779,0.007583,0.005006,0.06028,71.94,0.1054,0.194,1.959,0.2976,0.01289,0.04243,1.966,436.1,0.09669,0.02022,0.01335,0.06522,76.91,11.98,0.1424,0.3292,25.78,1
99.04,0.02423,0.01678,0.0395,0.002498,1261.0,0.1034,0.09791,0.144,0.05533,131.2,0.0978,0.1752,5.203,0.7655,0.005769,0.01898,2.463,1731.0,0.1922,0.1628,0.3215,0.06637,155.0,23.69,0.1166,0.2572,38.25,0
22.22,0.005274,0.005044,0.01065,0.001126,572.3,0.04052,0.01238,0.01997,0.0552,86.24,0.07948,0.1573,1.683,0.258,0.003741,0.01344,1.166,739.1,0.07622,0.05185,0.106,0.06263,98.91,15.5,0.105,0.2335,26.1,1
22.95,0.01446,0.005297,0.01423,0.0017,857.6,0.07112,0.02307,0.03649,0.05325,107.1,0.07497,0.1846,1.775,0.2473,0.002667,0.01961,0.5679,1084.0,0.292,0.08737,0.2477,0.07623,127.3,19.18,0.1009,0.4677,26.56,0
18.02,0.01096,0.005495,0.005832,0.002754,445.3,0.05794,0.008488,0.00751,0.06048,76.66,0.08386,0.1555,1.559,0.243,0.00718,0.01982,1.152,562.6,0.1352,0.05093,0.04506,0.08083,86.54,13.64,0.1289,0.288,27.06,1
20.74,0.007939,0.006042,0.005254,0.002087,593.7,0.05492,0.02088,0.01502,0.05883,88.52,0.08743,0.1424,1.737,0.2543,0.005638,0.01544,1.363,694.4,0.1008,0.05556,0.05285,0.07113,96.74,15.11,0.1153,0.2362,25.58,1
27.49,0.04235,0.01966,0.06271,0.004205,485.8,0.1038,0.04391,0.103,0.06184,81.92,0.0876,0.1533,3.212,0.3602,0.009853,0.02639,1.478,547.4,0.2002,0.09265,0.2388,0.07188,89.02,13.37,0.1096,0.2121,22.43,1
29.25,0.07446,0.02292,0.1435,0.01298,629.9,0.2233,0.07798,0.3003,0.07769,97.83,0.07837,0.1704,3.399,0.3628,0.005298,0.02566,1.49,709.0,0.4193,0.1505,0.6783,0.1082,107.0,15.3,0.08949,0.2398,23.73,1
17.67,0.08606,0.03322,0.3038,0.009559,250.5,0.1413,0.04375,0.313,0.08046,58.79,0.1066,0.2111,1.885,0.3274,0.009549,0.04197,1.194,324.7,0.4365,0.175,1.252,0.1175,65.5,10.31,0.1482,0.4228,22.65,1
16.07,0.01443,0.007369,0.01509,0.001787,551.1,0.1138,0.03152,0.04201,0.06317,87.44,0.1075,0.1723,1.443,0.1998,0.004413,0.01354,0.6068,719.8,0.3124,0.1427,0.2654,0.08665,101.9,15.35,0.1624,0.3518,25.16,1
12.33,0.01249,0.007527,0.007975,0.002472,295.4,0.07232,0.01952,0.01756,0.06285,62.92,0.1089,0.1934,1.517,0.2137,0.009719,0.0221,1.342,331.6,0.1247,0.05588,0.06213,0.0738,67.08,10.42,0.1415,0.2989,23.22,1
35.24,0.0231,0.01184,0.02315,0.003224,668.3,0.1479,0.09029,0.1267,0.06654,97.4,0.1172,0.1953,2.45,0.3577,0.006703,0.019,1.281,925.1,0.3416,0.1614,0.3024,0.08911,114.6,17.31,0.1648,0.3321,33.39,0
32.74,0.01295,0.009046,0.01608,0.00283,611.2,0.05895,0.02944,0.03534,0.05898,89.78,0.08458,0.1714,2.644,0.3892,0.007976,0.02005,1.046,750.0,0.1252,0.07453,0.1117,0.07234,101.2,15.66,0.1195,0.2725,21.58,1
19.83,0.01174,0.00688,0.01796,0.001465,572.6,0.07862,0.03085,0.05285,0.0613,87.76,0.09258,0.1761,1.752,0.231,0.004088,0.01323,1.005,848.7,0.2884,0.1329,0.3796,0.079,113.2,16.89,0.1471,0.347,35.64,0
23.24,0.01174,0.005623,0.005383,0.00118,501.3,0.04522,0.01835,0.01402,0.05544,80.98,0.07896,0.1459,2.109,0.2954,0.007337,0.0194,0.8836,586.8,0.09605,0.03612,0.03469,0.06025,88.87,13.82,0.1068,0.2165,20.96,1
66.91,0.02928,0.01639,0.04972,0.004232,744.7,0.1562,0.09113,0.1891,0.06744,102.4,0.116,0.1929,4.675,0.647,0.007269,0.01852,1.331,1359.0,0.3913,0.2121,0.5553,0.1019,142.1,21.2,0.1681,0.3187,29.41,0
67.66,0.03368,0.01806,0.04345,0.003288,1194.0,0.1339,0.1103,0.1863,0.05715,129.9,0.09797,0.2082,5.173,0.6226,0.004756,0.03756,2.284,1540.0,0.3458,0.2255,0.4734,0.07918,157.6,22.75,0.1218,0.4045,34.66,0
13.24,0.008432,0.006522,0.007004,0.002222,464.4,0.04202,0.008535,0.007756,0.05945,77.88,0.08313,0.1539,1.199,0.184,0.007881,0.01939,1.532,544.3,0.09052,0.03983,0.03619,0.07207,84.53,13.35,0.1222,0.2554,28.46,1
18.15,0.04638,0.01768,0.0643,0.004976,371.5,0.1113,0.03613,0.09457,0.0664,71.73,0.08915,0.1489,2.806,0.2574,0.008565,0.01516,1.376,476.4,0.4082,0.1555,0.4779,0.09532,90.14,12.36,0.1391,0.254,26.87,1
58.38,0.04308,0.01742,0.04942,0.003739,928.8,0.1109,0.05736,0.1204,0.05407,112.4,0.08331,0.1467,3.283,0.51,0.008109,0.01594,1.679,1284.0,0.4122,0.1739,0.5036,0.07944,132.8,20.38,0.1436,0.25,35.46,0
12.67,0.01521,0.008602,0.01434,0.001588,399.8,0.06889,0.02875,0.03503,0.05865,73.06,0.09639,0.1734,1.143,0.1759,0.005133,0.01501,0.9938,462.0,0.1648,0.08476,0.1399,0.06765,79.93,12.32,0.119,0.2676,22.02,1
31.98,0.02008,0.01384,0.03055,0.002336,895.0,0.1572,0.109,0.191,0.06325,113.4,0.1141,0.2131,2.153,0.2959,0.005532,0.01177,0.679,1189.0,0.3934,0.2543,0.5018,0.09061,133.5,19.59,0.1703,0.3109,24.89,0
50.96,0.03029,0.01448,0.02488,0.005412,577.9,0.1645,0.05985,0.09366,0.07451,90.2,0.1189,0.2196,3.856,0.5835,0.008805,0.01486,1.377,897.0,0.3682,0.1556,0.2678,0.1151,110.6,17.06,0.1654,0.3196,28.14,0
49.81,0.02772,0.0148,0.02509,0.003336,991.7,0.1304,0.08824,0.1201,0.06069,117.8,0.1036,0.1992,3.061,0.4537,0.007231,0.01414,0.8733,1349.0,0.3735,0.1974,0.3301,0.08503,138.1,21.08,0.1482,0.306,25.41,0
26.45,0.02251,0.01352,0.02086,0.003747,571.0,0.107,0.03783,0.05385,0.06843,88.73,0.09916,0.1714,2.284,0.3191,0.006739,0.0187,1.249,701.9,0.2566,0.1284,0.1935,0.09031,99.43,15.11,0.1425,0.2849,25.63,1
20.98,0.02045,0.006399,0.01795,0.001956,546.1,0.06373,0.02424,0.03344,0.05696,85.24,0.08582,0.1815,2.028,0.2621,0.005498,0.01829,1.539,621.2,0.1667,0.05614,0.1212,0.06658,92.94,14.2,0.114,0.2637,29.2,1
17.86,0.01834,0.01282,0.03996,0.004623,264.0,0.05605,0.01282,0.03996,0.06576,59.01,0.0924,0.1692,2.121,0.3013,0.01094,0.03759,1.879,295.8,0.08298,0.02564,0.07993,0.07393,62.86,9.845,0.1103,0.2435,25.05,1
14.34,0.02114,0.008038,0.04156,0.003614,404.9,0.08228,0.01969,0.05308,0.06574,73.99,0.1046,0.1779,1.567,0.2034,0.004957,0.01843,1.166,467.6,0.201,0.07431,0.2596,0.0918,82.04,12.4,0.1352,0.2941,21.9,1
10.08,0.009362,0.009199,0.01808,0.003317,334.3,0.06678,0.0178,0.02297,0.066,66.86,0.1068,0.1482,1.035,0.1485,0.008875,0.01791,1.563,375.4,0.1044,0.06528,0.08423,0.07842,70.76,11.06,0.1413,0.2213,24.54,1
16.51,0.01562,0.007924,0.01994,0.002484,460.3,0.06679,0.02331,0.03885,0.06228,78.27,0.08654,0.197,1.484,0.22,0.005518,0.01799,0.9823,564.2,0.1788,0.08211,0.1943,0.08132,86.6,13.59,0.1217,0.3113,25.22,1
28.92,0.009181,0.006719,0.01412,0.001087,1041.0,0.08468,0.05814,0.08169,0.05425,118.6,0.08588,0.1621,1.817,0.2577,0.002866,0.01069,0.4757,1410.0,0.2445,0.1571,0.3538,0.06938,139.2,21.31,0.1234,0.3206,26.36,0
9.833,0.01084,0.0,0.0,0.0041,143.5,0.07568,0.0,0.0,0.07818,43.79,0.117,0.193,1.553,0.2241,0.01019,0.02659,1.508,185.2,0.1202,0.0,0.0,0.09382,50.41,7.93,0.1584,0.2932,19.54,1
20.05,0.01463,0.00525,0.005308,0.005667,294.5,0.05301,0.007937,0.006829,0.0689,62.11,0.1024,0.135,2.132,0.335,0.01113,0.01801,2.043,366.1,0.09473,0.02381,0.02049,0.08988,68.81,10.92,0.1316,0.1934,26.29,1
14.67,0.01898,0.00649,0.01698,0.002425,520.0,0.127,0.0311,0.04568,0.06811,85.63,0.1075,0.1967,1.383,0.1852,0.004097,0.01678,0.7477,630.5,0.2776,0.07283,0.189,0.08183,96.09,14.5,0.1312,0.3184,20.49,1
15.48,0.008985,0.008232,0.01196,0.001619,381.9,0.05113,0.01786,0.01982,0.06105,70.87,0.09754,0.183,1.429,0.2251,0.009019,0.02388,0.7815,440.8,0.08971,0.05506,0.07116,0.06772,76.25,11.99,0.1341,0.2859,16.3,1
29.91,0.0103,0.009222,0.01603,0.001629,712.8,0.07081,0.03334,0.05253,0.05684,97.26,0.09056,0.1616,2.097,0.3105,0.004675,0.01095,0.8339,1030.0,0.2057,0.153,0.2712,0.07873,117.7,18.1,0.1389,0.2675,31.69,0
105.0,0.03374,0.01158,0.05196,0.00456,1088.0,0.1887,0.1244,0.2319,0.06197,124.8,0.1064,0.2183,5.574,0.8307,0.006248,0.02007,1.466,1670.0,0.4257,0.1848,0.6133,0.09782,160.5,23.15,0.1491,0.3444,34.01,0
15.34,0.01727,0.005298,0.0184,0.002671,416.2,0.09453,0.02157,0.042,0.06461,75.21,0.1016,0.1859,1.393,0.2067,0.005251,0.01449,0.8745,550.6,0.2964,0.0812,0.2758,0.0895,87.0,13.35,0.155,0.3206,28.81,1
20.2,0.01382,0.01184,0.02095,0.001956,561.0,0.07698,0.03384,0.04751,0.05718,86.91,0.08752,0.1809,1.735,0.2338,0.004455,0.01641,1.353,698.8,0.1711,0.1282,0.2282,0.06917,99.0,15.15,0.1162,0.2871,31.82,1
43.14,0.01488,0.009921,0.02647,0.002355,582.7,0.08511,0.04489,0.08625,0.05871,88.05,0.09488,0.1609,2.861,0.4565,0.005872,0.01465,1.29,906.5,0.1943,0.1184,0.3169,0.07397,108.6,16.99,0.1265,0.2651,35.27,0
14.41,0.02305,0.007315,0.03113,0.005701,514.3,0.09965,0.02098,0.03738,0.07238,84.08,0.09462,0.1652,0.9219,0.1814,0.005231,0.01639,0.6412,576.0,0.1975,0.0585,0.145,0.1009,87.38,13.72,0.1142,0.2432,16.91,1
20.56,0.01443,0.0125,0.01861,0.001971,334.2,0.06797,0.01875,0.02495,0.06556,66.85,0.1015,0.1695,2.289,0.2868,0.01017,0.03464,1.143,362.7,0.08614,0.03125,0.04158,0.06777,70.1,10.93,0.1143,0.2227,24.22,1
29.06,0.01506,0.01067,0.01855,0.002783,668.7,0.0778,0.03528,0.04608,0.05912,94.87,0.08875,0.1521,2.537,0.3428,0.004732,0.02163,0.3981,880.8,0.2009,0.1251,0.2151,0.08187,114.2,17.27,0.122,0.3109,17.93,1
18.49,0.01567,0.01161,0.02575,0.00248,476.3,0.1085,0.03279,0.05928,0.06612,81.25,0.1158,0.1943,1.566,0.2577,0.009702,0.02801,1.095,552.0,0.1751,0.08411,0.1889,0.07538,86.67,13.57,0.158,0.3155,21.4,1
102.5,0.02306,0.01538,0.02945,0.002608,1152.0,0.1267,0.08994,0.1323,0.05961,125.5,0.1053,0.1917,4.837,0.7275,0.006458,0.01852,1.193,2145.0,0.3511,0.2091,0.3879,0.08294,170.1,26.14,0.1624,0.3537,28.14,0
17.74,0.01781,0.005612,0.02018,0.00236,355.3,0.05139,0.007875,0.02251,0.05688,68.26,0.07793,0.1399,1.806,0.2525,0.006547,0.01671,1.239,441.2,0.1223,0.03413,0.09755,0.06769,77.79,11.95,0.1076,0.23,20.72,1
34.62,0.01099,0.008193,0.007665,0.005953,311.9,0.08061,0.0129,0.01084,0.0696,64.55,0.1134,0.2743,3.312,0.5158,0.007514,0.04183,1.441,368.6,0.09866,0.02579,0.02168,0.0802,69.86,11.02,0.1275,0.3557,17.45,1
53.91,0.01382,0.01039,0.02254,0.002179,1040.0,0.109,0.074,0.1127,0.05742,119.6,0.09463,0.1794,3.18,0.4467,0.004314,0.01369,0.7732,1606.0,0.2576,0.1932,0.3784,0.08368,153.2,22.88,0.1442,0.3063,27.66,0
24.32,0.03502,0.01226,0.03553,0.003749,519.8,0.1932,0.09353,0.1859,0.07389,87.5,0.1273,0.235,2.406,0.3063,0.005731,0.02143,1.002,739.3,0.5401,0.206,0.539,0.1072,106.2,15.49,0.1703,0.4378,30.73,0
9.597,0.03093,0.006691,0.02757,0.004672,358.9,0.1069,0.01571,0.05115,0.06837,70.41,0.1007,0.1861,1.301,0.1482,0.004474,0.01212,0.538,433.1,0.3898,0.07966,0.3365,0.108,80.78,11.94,0.1332,0.2581,19.35,1
22.68,0.04265,0.01544,0.04004,0.007596,324.2,0.1111,0.03965,0.06726,0.07279,66.52,0.1061,0.1743,1.597,0.3677,0.01049,0.02719,1.471,390.4,0.236,0.09744,0.1898,0.09702,71.53,11.28,0.1402,0.2608,20.61,1
92.81,0.05057,0.01971,0.068,0.007259,1206.0,0.1849,0.0974,0.2417,0.06697,130.7,0.1062,0.1733,4.115,0.7661,0.008482,0.01467,0.78,1933.0,0.5955,0.2507,0.8489,0.1297,159.8,25.28,0.171,0.2749,25.59,0
83.16,0.05121,0.02465,0.08958,0.005195,1685.0,0.2084,0.162,0.3523,0.06229,158.9,0.1141,0.22,4.667,0.5539,0.009327,0.02175,1.56,1986.0,0.4167,0.2733,0.7892,0.08762,177.0,25.12,0.1536,0.3198,32.68,0
13.56,0.01569,0.005383,0.03079,0.00225,541.6,0.04524,0.01105,0.04336,0.05635,84.13,0.07215,0.1487,0.873,0.163,0.006261,0.01962,1.601,602.0,0.1508,0.0497,0.2298,0.07198,88.28,13.94,0.1101,0.2767,27.82,1
27.19,0.01248,0.01103,0.0181,0.001794,575.3,0.0663,0.03731,0.04705,0.0566,87.38,0.09423,0.1717,1.996,0.3242,0.00647,0.01898,0.6612,683.4,0.1291,0.09222,0.1533,0.0651,94.11,14.85,0.1278,0.253,19.05,1
106.0,0.01094,0.01917,0.01818,0.001754,698.8,0.05131,0.02899,0.02398,0.05504,95.54,0.09387,0.1565,8.077,1.214,0.006883,0.007882,2.188,698.8,0.05131,0.02899,0.02398,0.05504,95.54,14.99,0.09387,0.1565,25.2,0
26.5,0.01362,0.006502,0.007066,0.002378,509.2,0.07883,0.0209,0.01797,0.06347,82.67,0.09136,0.1861,2.597,0.3665,0.00591,0.02223,0.7693,626.9,0.1652,0.06384,0.07127,0.07735,95.14,14.45,0.1214,0.3313,24.38,1
11.88,0.01365,0.006929,0.008496,0.002371,321.6,0.07542,0.01968,0.01923,0.06569,65.75,0.09996,0.18,1.348,0.1911,0.005682,0.01938,0.5477,394.5,0.165,0.06696,0.08615,0.07722,73.23,11.38,0.1343,0.2937,15.65,1
44.41,0.01106,0.007671,0.01246,0.001578,933.1,0.0629,0.02837,0.02891,0.05307,111.0,0.08662,0.1564,2.577,0.4007,0.005726,0.01411,1.317,1218.0,0.1486,0.08235,0.1211,0.06515,128.2,19.85,0.124,0.2452,31.47,0
164.1,0.01971,0.01301,0.03582,0.003118,1747.0,0.1283,0.141,0.2308,0.05506,155.1,0.1069,0.1797,6.462,1.009,0.006292,0.01479,0.9245,2906.0,0.2678,0.2089,0.4819,0.07738,202.4,30.67,0.1515,0.2593,30.73,0
53.16,0.02199,0.01499,0.03059,0.001965,1145.0,0.1442,0.09464,0.1626,0.05892,127.2,0.1037,0.1893,2.903,0.4709,0.005654,0.01623,0.9951,1628.0,0.3749,0.2252,0.4316,0.07787,152.4,23.79,0.1518,0.359,28.65,0
17.09,0.008998,0.003333,0.001487,0.001627,396.6,0.03872,0.003333,0.001487,0.05821,71.79,0.09379,0.1954,1.565,0.2375,0.008426,0.02358,1.28,458.0,0.07348,0.01111,0.004955,0.06386,77.37,12.2,0.1259,0.2758,18.99,1
18.57,0.01388,0.007087,0.02,0.00196,458.4,0.07175,0.02027,0.04392,0.05916,78.31,0.09231,0.1695,1.874,0.2527,0.005833,0.01938,0.7786,624.6,0.217,0.08829,0.2413,0.0747,93.85,14.29,0.1368,0.3218,24.04,1
17.67,0.04888,0.0145,0.05189,0.01148,272.5,0.2204,0.07038,0.1188,0.09575,64.12,0.1255,0.2057,1.787,0.2744,0.02177,0.02632,1.39,328.1,0.3663,0.1075,0.2913,0.1364,69.47,10.6,0.2006,0.2848,18.04,1
75.09,0.02791,0.01479,0.04062,0.003727,1320.0,0.1644,0.1121,0.2188,0.06222,137.8,0.1085,0.1848,4.206,0.5904,0.006666,0.01117,1.216,1760.0,0.3597,0.2113,0.5179,0.08999,163.2,23.86,0.1464,0.248,30.76,0
14.66,0.0327,0.01038,0.04957,0.004076,553.5,0.07325,0.028,0.08092,0.05823,86.1,0.07115,0.1422,1.223,0.1639,0.005919,0.01208,1.14,632.1,0.2531,0.08978,0.3308,0.07628,91.99,14.26,0.1025,0.2048,22.75,1
22.79,0.02017,0.009536,0.03047,0.003479,538.9,0.08498,0.03483,0.09293,0.06207,85.31,0.09384,0.1822,1.819,0.271,0.008584,0.02769,0.7927,677.3,0.2256,0.09722,0.3009,0.08633,97.67,14.77,0.1478,0.3849,20.5,1
15.82,0.005767,0.005051,0.01123,0.0009502,461.4,0.03212,0.005051,0.01123,0.05649,77.25,0.07734,0.1673,1.438,0.2113,0.005343,0.01977,0.5996,513.1,0.05332,0.01852,0.04116,0.06037,81.6,12.85,0.1001,0.2293,16.47,1
8.322,0.01055,0.005742,0.01981,0.002788,224.5,0.05272,0.007799,0.02061,0.07187,54.34,0.09752,0.1683,1.046,0.1559,0.01011,0.0209,0.5796,274.9,0.1239,0.04419,0.1168,0.09026,59.9,9.507,0.1733,0.322,15.4,1
15.07,0.007124,0.002941,0.0009737,0.00203,390.0,0.04458,0.002941,0.0009737,0.06081,71.38,0.08306,0.1773,1.529,0.2144,0.005617,0.017,0.9961,492.7,0.09794,0.01667,0.005518,0.07418,82.08,12.76,0.1166,0.2815,22.06,1
180.2,0.03356,0.02156,0.03976,0.002897,1682.0,0.1275,0.1003,0.1676,0.05484,152.1,0.09342,0.1505,9.635,1.291,0.005753,0.02201,0.7452,2782.0,0.3625,0.2264,0.3794,0.07277,211.5,30.79,0.1199,0.2908,23.87,0
10.09,0.03378,0.01346,0.04401,0.003534,365.6,0.09752,0.02788,0.05263,0.06408,70.79,0.09687,0.1619,1.165,0.1507,0.009501,0.01322,1.583,407.5,0.251,0.09861,0.2123,0.08278,76.43,11.62,0.1428,0.2289,26.51,1
118.8,0.0431,0.02624,0.07845,0.006213,1347.0,0.2236,0.1474,0.3174,0.06879,143.0,0.1099,0.2149,8.758,0.9622,0.006399,0.02057,1.026,1819.0,0.4186,0.2542,0.6599,0.09873,179.1,24.29,0.1407,0.2929,29.41,0
25.7,0.01251,0.01136,0.01615,0.003563,644.2,0.09242,0.06495,0.06895,0.06121,93.86,0.1099,0.165,2.143,0.306,0.006133,0.02207,0.7213,749.9,0.1478,0.1069,0.1373,0.0781,103.1,15.8,0.1347,0.2606,16.93,1
90.94,0.05981,0.02149,0.04638,0.005838,947.8,0.1273,0.07507,0.09697,0.05464,114.4,0.08999,0.2108,6.146,0.8348,0.006717,0.02747,1.633,1295.0,0.2867,0.1528,0.2298,0.07484,137.9,20.39,0.1134,0.3067,27.24,0
11.35,0.02984,0.008356,0.02443,0.004868,580.6,0.07548,0.02471,0.04249,0.05897,88.27,0.08268,0.1792,1.101,0.1402,0.005212,0.01818,0.5417,657.0,0.3104,0.1054,0.2569,0.09638,97.96,14.54,0.1275,0.3387,19.64,1
25.13,0.03858,0.01499,0.04683,0.005617,503.2,0.1799,0.06861,0.1695,0.07254,85.26,0.1088,0.2123,2.257,0.3061,0.006983,0.0168,1.069,706.0,0.5343,0.1977,0.6282,0.1243,105.3,15.2,0.1777,0.3407,30.15,0
23.47,0.008722,0.00867,0.01349,0.002386,409.0,0.05473,0.02278,0.03036,0.05907,73.34,0.09524,0.192,2.183,0.3249,0.008328,0.03218,0.9591,506.2,0.0872,0.06316,0.09076,0.07036,81.81,12.84,0.1249,0.3306,22.47,1
43.4,0.01063,0.009443,0.02151,0.001868,565.4,0.06288,0.03438,0.05858,0.05671,85.84,0.09048,0.1598,3.142,0.4697,0.006003,0.0152,1.147,993.6,0.1546,0.116,0.2644,0.07371,116.6,17.98,0.1401,0.2884,29.87,0
13.32,0.008539,0.006888,0.01256,0.001638,492.9,0.0543,0.02272,0.02966,0.05826,80.62,0.08583,0.1799,1.116,0.1692,0.003888,0.01608,0.6674,633.5,0.1517,0.09851,0.1887,0.0733,91.62,14.34,0.1225,0.327,22.15,1
39.93,0.02667,0.01007,0.03371,0.003087,590.0,0.06807,0.02344,0.04697,0.05429,88.54,0.08043,0.1773,2.829,0.4347,0.004351,0.02598,1.057,706.0,0.1442,0.06106,0.1359,0.06321,98.0,15.01,0.09368,0.2663,26.34,1
13.25,0.009789,0.006273,0.008342,0.00253,448.6,0.05241,0.01963,0.01972,0.05907,76.84,0.09311,0.159,1.171,0.1822,0.005528,0.01465,0.7285,532.8,0.1232,0.07025,0.08636,0.07898,84.08,13.14,0.1275,0.2514,18.41,1
19.53,0.03053,0.009276,0.0163,0.002272,433.8,0.0812,0.02179,0.02555,0.0629,76.39,0.09773,0.2019,1.93,0.2747,0.009895,0.02258,1.203,522.9,0.2187,0.08263,0.1164,0.07351,85.09,13.05,0.1426,0.3075,27.21,1
35.03,0.02868,0.009067,0.02664,0.003817,807.2,0.1559,0.07752,0.1354,0.06515,107.0,0.104,0.1998,2.183,0.334,0.004185,0.01703,0.6857,1261.0,0.5804,0.1864,0.5274,0.1233,132.7,20.21,0.1446,0.427,27.26,0
22.81,0.008878,0.0,0.0,0.001773,386.0,0.03558,0.0,0.0,0.05502,70.67,0.07449,0.106,2.041,0.3141,0.007594,0.01989,3.896,439.6,0.05494,0.0,0.0,0.05905,75.19,11.92,0.09267,0.1566,38.3,1
112.4,0.01893,0.01521,0.03391,0.001997,1260.0,0.1027,0.09498,0.1479,0.05395,130.0,0.09831,0.1582,5.865,0.7582,0.006494,0.01356,1.017,2398.0,0.315,0.2388,0.5372,0.07615,186.8,27.32,0.1512,0.2768,30.88,0
20.67,0.01203,0.01431,0.0247,0.002569,819.8,0.06712,0.04563,0.05526,0.05657,104.7,0.09427,0.1711,1.146,0.2067,0.007394,0.01344,0.4706,928.2,0.1361,0.1357,0.1947,0.0723,109.8,17.32,0.1354,0.23,17.76,1
16.57,0.02016,0.01011,0.01902,0.003107,504.8,0.08834,0.034,0.038,0.06476,82.82,0.1134,0.1543,1.614,0.2212,0.00591,0.01202,1.042,599.5,0.2231,0.1155,0.1791,0.08553,92.8,14.04,0.1547,0.2382,21.08,1
14.55,0.01177,0.007956,0.01079,0.002551,571.8,0.06059,0.01723,0.01857,0.05953,87.21,0.07685,0.1353,1.449,0.1872,0.004477,0.01325,0.9234,656.7,0.1582,0.08586,0.105,0.08025,96.08,14.67,0.1089,0.2346,23.19,1
109.9,0.02644,0.01078,0.02664,0.002256,1223.0,0.113,0.06637,0.1145,0.05313,128.0,0.0842,0.1428,4.722,0.7392,0.005539,0.01332,1.321,2477.0,0.4097,0.1625,0.3995,0.07568,180.2,27.9,0.1408,0.2713,45.41,0
33.0,0.0187,0.005917,0.01277,0.002977,361.6,0.06602,0.00816,0.01548,0.06328,68.89,0.08192,0.1976,3.564,0.5196,0.008263,0.02466,1.918,505.6,0.1633,0.03264,0.06194,0.07626,83.9,13.03,0.1204,0.3059,31.45,1
17.47,0.00838,0.008,0.01311,0.002635,437.6,0.04751,0.01349,0.01972,0.0611,75.71,0.08261,0.1868,1.52,0.2273,0.00721,0.01996,0.6329,527.2,0.08906,0.06296,0.09203,0.07408,83.67,13.1,0.1144,0.2785,21.33,1
19.68,0.01819,0.007965,0.01826,0.002304,470.9,0.06829,0.02272,0.03372,0.05914,79.19,0.09172,0.172,1.74,0.2505,0.004854,0.01386,1.025,611.1,0.1843,0.0866,0.1703,0.07609,89.71,14.11,0.1176,0.2618,23.21,1
21.05,0.03055,0.01352,0.02681,0.003711,644.8,0.1868,0.08783,0.1425,0.06924,97.41,0.1054,0.2252,2.11,0.2545,0.004452,0.01454,0.9832,896.9,0.6643,0.2701,0.5539,0.1275,122.4,17.62,0.1525,0.4264,33.21,0
19.08,0.02121,0.01583,0.01453,0.004785,372.7,0.05743,0.02583,0.02363,0.06669,70.21,0.1006,0.1566,1.377,0.2073,0.01496,0.03082,1.805,396.5,0.0824,0.04306,0.03938,0.07313,72.01,11.35,0.1216,0.1902,16.82,1
36.35,0.01038,0.01082,0.01358,0.001435,551.7,0.05055,0.02648,0.03261,0.05318,84.74,0.07355,0.1386,2.701,0.4057,0.004481,0.01069,1.153,830.6,0.1238,0.1001,0.135,0.06206,104.5,16.36,0.1006,0.2027,22.35,1
67.34,0.0247,0.01604,0.02626,0.003493,886.3,0.09182,0.06576,0.08422,0.05534,109.3,0.08865,0.1893,4.129,0.599,0.006123,0.02091,1.391,1260.0,0.2119,0.1474,0.2318,0.07228,130.7,20.05,0.1168,0.281,26.3,0
94.44,0.02461,0.01885,0.05688,0.005115,1297.0,0.1328,0.1043,0.198,0.05883,135.1,0.1003,0.1809,5.438,0.7572,0.01149,0.01756,0.7813,1575.0,0.205,0.1625,0.4,0.07678,152.2,22.54,0.1374,0.2364,16.67,0
25.79,0.0231,0.01075,0.02059,0.002267,466.1,0.06526,0.02653,0.03211,0.05597,78.41,0.08685,0.1966,2.079,0.3342,0.005888,0.02578,1.781,610.2,0.1795,0.09532,0.1377,0.06896,89.0,14.1,0.124,0.3455,28.88,1
81.46,0.04759,0.01567,0.03872,0.005295,1311.0,0.2832,0.1496,0.2487,0.07398,142.7,0.1141,0.2395,4.414,0.6298,0.004253,0.01798,0.7629,2089.0,0.7584,0.2903,0.678,0.1284,176.5,26.68,0.1491,0.4098,33.48,0
23.22,0.01386,0.01133,0.01865,0.00356,337.7,0.05971,0.0307,0.04831,0.0644,66.72,0.107,0.1737,2.517,0.3719,0.01604,0.03476,2.612,402.8,0.1026,0.06736,0.1181,0.07748,73.68,11.48,0.1515,0.2883,29.46,1
13.99,0.04549,0.01339,0.04588,0.004435,361.6,0.2154,0.06367,0.1689,0.0795,73.3,0.1216,0.2196,1.719,0.2114,0.007405,0.01738,1.027,508.1,0.9379,0.2524,0.8402,0.1403,91.76,13.24,0.2184,0.4154,32.82,0
11.6,0.005697,0.003527,0.002074,0.002411,307.3,0.03912,0.005159,0.00247,0.06439,63.19,0.08117,0.163,1.184,0.1851,0.005724,0.01445,1.341,376.3,0.07094,0.02579,0.01235,0.08061,69.92,11.11,0.1126,0.2349,28.94,1
33.12,0.0547,0.02215,0.08079,0.006355,815.8,0.1893,0.09194,0.2236,0.06578,109.8,0.1026,0.2151,3.07,0.3147,0.009197,0.02773,0.9857,939.7,0.4462,0.1775,0.5897,0.09136,122.1,17.39,0.1377,0.3318,23.05,0
27.19,0.03345,0.01137,0.03672,0.005082,477.1,0.17,0.08089,0.1578,0.07613,82.57,0.1278,0.2087,2.217,0.3345,0.00751,0.02165,0.8902,741.6,0.5249,0.1741,0.5355,0.1244,103.4,15.47,0.1791,0.3985,23.75,0
74.08,0.01938,0.01167,0.03067,0.003434,813.0,0.1137,0.05943,0.09447,0.06248,105.1,0.09721,0.1861,4.533,0.7049,0.00677,0.01875,1.332,1233.0,0.2236,0.1216,0.2802,0.08158,129.0,19.92,0.1314,0.2792,25.27,0
57.72,0.03756,0.01186,0.05839,0.006187,826.8,0.1283,0.07981,0.1799,0.06532,107.5,0.1165,0.1869,2.961,0.5706,0.01056,0.04022,1.457,975.2,0.2116,0.1047,0.3344,0.07953,113.7,17.73,0.1426,0.2736,25.21,0
27.24,0.01779,0.0114,0.01401,0.003338,461.0,0.08087,0.04107,0.04187,0.06013,78.54,0.09586,0.1979,2.308,0.3534,0.007514,0.01503,1.326,638.4,0.2042,0.108,0.1377,0.08174,92.15,14.44,0.1429,0.2668,28.36,1
19.87,0.01202,0.00892,0.02332,0.002629,506.3,0.05761,0.02704,0.04711,0.06065,81.72,0.09055,0.1585,1.457,0.2367,0.007499,0.01647,1.38,653.6,0.1523,0.09331,0.2177,0.08067,92.04,14.49,0.1419,0.2829,33.37,0
22.45,0.008008,0.002924,0.00186,0.002015,489.0,0.04216,0.002924,0.00186,0.05855,79.83,0.08393,0.1697,1.721,0.2719,0.006383,0.02571,1.35,564.1,0.06624,0.008772,0.005579,0.06431,85.56,13.5,0.1038,0.2505,23.08,1
233.0,0.09806,0.01822,0.1278,0.009875,1761.0,0.2867,0.2012,0.4268,0.06877,166.2,0.1447,0.2655,9.807,1.509,0.02333,0.04547,3.12,2073.0,0.4244,0.2248,0.5803,0.08009,180.9,26.02,0.1696,0.3222,23.99,0
13.87,0.0182,0.01067,0.03336,0.002256,747.2,0.1299,0.06211,0.1191,0.06259,102.8,0.1043,0.1784,1.143,0.163,0.006034,0.01175,0.3871,854.3,0.2979,0.1452,0.4004,0.08181,112.5,17.01,0.1541,0.2557,14.2,1
44.91,0.05328,0.02252,0.06446,0.004394,704.4,0.2135,0.09756,0.2077,0.07032,102.5,0.1073,0.2521,3.384,0.4388,0.006789,0.03672,0.7096,980.9,0.5954,0.2393,0.6305,0.09946,125.1,18.07,0.139,0.4667,19.08,0
17.4,0.01695,0.006659,0.01652,0.002735,568.9,0.08711,0.02563,0.03888,0.06344,87.88,0.09646,0.136,1.391,0.2102,0.004133,0.01371,0.4336,706.2,0.2474,0.08056,0.1759,0.08718,99.71,15.34,0.1311,0.238,16.35,1
59.7,0.02303,0.01178,0.03052,0.003391,1214.0,0.131,0.09431,0.1411,0.06188,130.5,0.1037,0.1802,3.654,0.5079,0.005089,0.01057,0.8737,1646.0,0.3309,0.1613,0.4185,0.09136,160.5,23.73,0.1417,0.2549,25.23,0
10.5,0.01529,0.00646,0.01514,0.002206,403.3,0.06685,0.02623,0.03512,0.06113,73.34,0.09373,0.1667,1.103,0.1408,0.00604,0.01344,0.4607,510.5,0.239,0.08958,0.2102,0.08523,83.74,12.82,0.1548,0.3016,15.97,1
12.96,0.03575,0.01383,0.0398,0.004603,520.0,0.1535,0.06987,0.1169,0.06902,86.49,0.1078,0.1942,1.535,0.286,0.006794,0.02134,1.016,614.9,0.4791,0.1708,0.4858,0.1016,96.66,15.53,0.1536,0.3527,23.19,1
67.74,0.02833,0.01176,0.04256,0.003211,1167.0,0.1448,0.1194,0.2256,0.06115,128.1,0.1089,0.1823,3.631,0.5659,0.005288,0.01717,1.408,1740.0,0.3725,0.206,0.5936,0.09009,153.9,23.96,0.1514,0.3266,30.39,0
16.89,0.01493,0.008463,0.01564,0.001672,537.3,0.05994,0.0287,0.04859,0.05549,84.28,0.07466,0.1454,1.236,0.2023,0.005969,0.01093,0.685,687.6,0.1965,0.1045,0.1876,0.06925,95.1,14.9,0.1282,0.2235,23.89,1
16.83,0.02153,0.00762,0.03898,0.002801,514.3,0.05824,0.02343,0.06195,0.05708,82.5,0.08123,0.1566,1.502,0.2116,0.008412,0.01695,1.36,595.7,0.162,0.06493,0.2439,0.07242,88.84,13.89,0.1227,0.2372,35.74,1
18.24,0.01123,0.009615,0.02337,0.004154,285.7,0.0503,0.009615,0.02337,0.06235,61.05,0.08491,0.158,2.054,0.2957,0.00744,0.02203,1.363,364.2,0.09546,0.03846,0.0935,0.0792,69.1,10.93,0.1199,0.2552,25.59,1
38.34,0.02405,0.01152,0.04167,0.005061,419.8,0.1141,0.03738,0.06843,0.06453,76.1,0.1089,0.1993,3.926,0.5018,0.009433,0.03397,1.693,543.9,0.1892,0.07909,0.1956,0.07987,88.91,13.32,0.1358,0.3168,26.21,1
29.11,0.01124,0.0,0.0,0.003324,271.3,0.04971,0.0,0.0,0.06059,59.26,0.08123,0.1742,3.618,0.5375,0.01159,0.03004,2.927,330.6,0.07158,0.0,0.0,0.06969,66.5,10.49,0.1073,0.2475,34.24,1
29.96,0.02845,0.01011,0.0385,0.003589,623.9,0.1039,0.04408,0.1103,0.06129,92.55,0.08223,0.1342,2.105,0.3354,0.006307,0.01185,2.324,764.0,0.2426,0.08219,0.3064,0.07796,102.5,15.75,0.1081,0.189,40.54,1
23.29,0.03961,0.01774,0.07927,0.003696,516.6,0.0958,0.0339,0.1115,0.05935,84.08,0.07818,0.1432,2.347,0.2913,0.006418,0.01878,1.389,595.6,0.2317,0.1017,0.3344,0.07127,92.12,13.9,0.09926,0.1999,19.69,1
12.69,0.003012,0.00339,0.00262,0.001344,481.6,0.03834,0.006423,0.004473,0.05673,79.19,0.08511,0.1215,1.047,0.1716,0.004928,0.01393,0.7151,544.2,0.04953,0.02784,0.01938,0.06174,84.48,13.34,0.1104,0.1917,19.71,1
15.75,0.01587,0.00842,0.02321,0.002152,516.4,0.05366,0.02377,0.03873,0.05667,82.53,0.07941,0.1829,1.493,0.1942,0.005298,0.01853,0.9086,600.6,0.1506,0.08235,0.1764,0.06949,90.81,13.88,0.1097,0.3024,22.0,1
53.65,0.0179,0.01757,0.02176,0.005875,507.4,0.06601,0.02864,0.03112,0.06287,82.02,0.08749,0.1694,5.118,0.7311,0.004571,0.03373,1.748,579.5,0.08978,0.04773,0.05186,0.06871,89.04,13.75,0.09388,0.2179,23.5,1
16.94,0.0676,0.02308,0.09263,0.005601,245.2,0.1243,0.02308,0.09263,0.07163,58.74,0.09462,0.1305,3.28,0.3132,0.01835,0.02384,0.9789,270.0,0.1879,0.03846,0.1544,0.07722,63.34,9.414,0.1179,0.1652,17.07,1
14.03,0.01315,0.004832,0.009904,0.002095,599.4,0.05319,0.01339,0.02224,0.05536,88.97,0.06828,0.1813,1.392,0.1555,0.003308,0.01316,0.5762,718.9,0.2006,0.06222,0.1384,0.07698,101.2,15.14,0.09384,0.2679,21.8,1
9.704,0.006263,0.006189,0.009398,0.002377,381.1,0.03834,0.0137,0.01369,0.06148,70.47,0.08151,0.1511,0.968,0.1415,0.005883,0.02009,0.9671,421.1,0.06219,0.04044,0.0458,0.07083,74.35,11.68,0.103,0.2383,20.29,1
97.85,0.02544,0.01623,0.02822,0.00374,1686.0,0.1145,0.09702,0.1324,0.05553,152.1,0.08439,0.1801,4.603,0.6642,0.00491,0.01956,0.8561,2403.0,0.3583,0.2346,0.3948,0.09187,184.2,28.01,0.1228,0.3589,28.22,0
20.62,0.0231,0.01398,0.02945,0.00384,412.5,0.1017,0.03485,0.0707,0.0652,75.17,0.1142,0.1801,2.155,0.306,0.00854,0.01565,1.657,521.7,0.266,0.1218,0.2873,0.09097,85.51,13.14,0.1688,0.2806,29.26,1
11.36,0.01285,0.007308,0.01613,0.001972,507.6,0.08836,0.0239,0.03296,0.062,83.18,0.09879,0.1735,0.9975,0.1458,0.002887,0.0187,0.905,580.9,0.1958,0.08388,0.181,0.07834,89.69,13.86,0.1172,0.3297,23.02,1
23.52,0.03938,0.0156,0.04312,0.005822,260.9,0.08751,0.0218,0.05988,0.06963,59.2,0.07721,0.2341,2.608,0.4098,0.008738,0.04192,2.265,310.1,0.1678,0.05087,0.1397,0.0849,65.59,10.01,0.09836,0.3282,19.23,1
34.66,0.02912,0.01388,0.05473,0.007098,530.2,0.1765,0.09601,0.2071,0.07692,87.21,0.1398,0.1925,2.41,0.3908,0.007162,0.01547,0.9238,827.2,0.4099,0.1986,0.6376,0.1405,106.4,16.31,0.1862,0.3147,22.4,0
25.18,0.02768,0.01069,0.03137,0.004392,504.1,0.07948,0.02548,0.04052,0.0614,82.29,0.08794,0.1601,2.346,0.3265,0.006494,0.01731,0.6594,618.8,0.2208,0.08411,0.1769,0.08253,92.04,14.19,0.1194,0.2564,16.4,1
14.46,0.02736,0.01721,0.04804,0.004938,321.4,0.07658,0.02738,0.05999,0.06127,65.67,0.0903,0.1593,1.437,0.2199,0.01205,0.01843,2.239,357.6,0.171,0.09127,0.2,0.08283,69.57,10.84,0.1384,0.2226,34.91,1
28.41,0.01082,0.006275,0.0153,0.002217,602.9,0.05326,0.0207,0.02995,0.05594,88.73,0.07991,0.1579,2.056,0.3316,0.003704,0.01062,0.9264,830.5,0.1415,0.0815,0.1673,0.07603,104.4,16.41,0.1064,0.2356,26.42,1
24.53,0.01097,0.01121,0.01651,0.0031,420.3,0.07281,0.0325,0.04006,0.06506,75.03,0.115,0.2009,2.355,0.3446,0.009536,0.01953,0.7395,516.4,0.1115,0.07864,0.1087,0.07806,84.16,13.06,0.146,0.2765,18.16,1
25.22,0.01491,0.009366,0.01872,0.001817,555.1,0.08165,0.0278,0.03974,0.0571,86.6,0.1022,0.1638,2.099,0.295,0.005884,0.01884,1.373,699.4,0.1751,0.07911,0.1381,0.06603,97.59,15.1,0.1339,0.2678,25.94,1
12.67,0.01273,0.009155,0.01132,0.001444,609.1,0.05361,0.03251,0.02681,0.05764,89.75,0.08045,0.1641,1.237,0.1504,0.005371,0.01719,1.685,684.5,0.1231,0.07911,0.0846,0.06609,96.42,14.92,0.1066,0.2523,25.34,1
80.99,0.03726,0.01288,0.04718,0.004028,1407.0,0.2087,0.1562,0.281,0.06606,144.4,0.1167,0.2162,4.158,0.6242,0.005215,0.02045,0.9209,2081.0,0.5717,0.2422,0.7053,0.1007,172.0,26.23,0.1502,0.3828,28.74,0
11.68,0.01903,0.00696,0.01723,0.001941,372.7,0.07079,0.02074,0.03546,0.06246,70.67,0.07987,0.2003,1.281,0.1642,0.005296,0.0188,1.031,447.1,0.1982,0.06754,0.1553,0.07287,79.73,12.09,0.1095,0.3202,20.83,1
54.22,0.03698,0.01221,0.02706,0.003397,1148.0,0.1428,0.06772,0.1114,0.05529,127.5,0.08523,0.1767,3.833,0.4357,0.005524,0.01415,1.073,1688.0,0.5601,0.1708,0.3865,0.09221,166.4,23.36,0.1322,0.3193,32.06,0
25.03,0.04741,0.0111,0.02789,0.009423,432.8,0.1296,0.03003,0.0371,0.07839,78.11,0.1152,0.1995,3.021,0.3962,0.01017,0.03127,0.6538,509.6,0.2517,0.06042,0.0942,0.1036,86.26,13.15,0.1424,0.2727,16.51,1
34.78,0.01142,0.01153,0.01949,0.001533,519.4,0.07589,0.02645,0.03136,0.06087,83.51,0.1135,0.254,2.873,0.4202,0.007017,0.02951,1.322,616.7,0.1105,0.06296,0.08112,0.06435,90.82,14.16,0.1297,0.3196,24.11,1
18.52,0.02239,0.01262,0.03049,0.003187,559.2,0.1255,0.05439,0.1063,0.06419,88.4,0.1016,0.172,1.545,0.213,0.005367,0.01377,0.5914,740.4,0.4225,0.2258,0.503,0.1071,107.3,15.53,0.161,0.2807,26.02,0
19.63,0.0254,0.0158,0.02197,0.003901,257.8,0.1225,0.02421,0.03332,0.07696,59.96,0.1371,0.2197,2.388,0.3538,0.01546,0.03997,1.13,326.6,0.2097,0.07262,0.09996,0.08982,67.84,10.57,0.185,0.3681,17.84,1
51.22,0.06559,0.02283,0.09953,0.00733,758.6,0.2364,0.1242,0.2914,0.07603,107.1,0.1243,0.2375,3.477,0.5204,0.009329,0.05543,1.324,915.3,0.5046,0.2135,0.6872,0.105,119.4,17.36,0.155,0.4245,24.17,0
33.63,0.01503,0.01262,0.02332,0.002362,928.2,0.1041,0.08353,0.1266,0.05613,113.0,0.1008,0.1813,2.193,0.3093,0.004757,0.01394,0.8568,1222.0,0.2405,0.1857,0.3378,0.08113,130.9,19.85,0.1416,0.3138,25.09,0
20.98,0.01257,0.003934,0.01031,0.002979,286.3,0.05428,0.005769,0.01479,0.06412,61.06,0.08311,0.168,2.275,0.3416,0.01098,0.02693,1.312,380.2,0.1255,0.025,0.06409,0.07875,71.11,11.15,0.1388,0.3057,24.62,1
39.05,0.03856,0.01616,0.03476,0.006995,595.9,0.1681,0.06759,0.1357,0.07237,92.33,0.1162,0.2275,2.974,0.4751,0.00968,0.02434,1.528,788.0,0.3966,0.1521,0.3381,0.1183,106.0,16.01,0.1794,0.3651,32.94,0
94.03,0.04006,0.02058,0.03832,0.004571,1203.0,0.1599,0.1279,0.1974,0.05999,130.0,0.1096,0.2069,4.585,0.7456,0.00615,0.0225,0.7869,1709.0,0.4245,0.243,0.4504,0.08758,152.5,23.57,0.1444,0.3613,25.53,0
21.03,0.02314,0.00836,0.02544,0.002918,561.3,0.1192,0.04451,0.0786,0.06303,88.59,0.1051,0.1962,2.011,0.2569,0.005851,0.01842,0.4981,686.6,0.2698,0.0909,0.2577,0.08177,101.1,14.98,0.1376,0.3065,17.13,1
17.25,0.007228,0.005077,0.007078,0.001697,575.5,0.07255,0.0188,0.01752,0.06155,87.76,0.09277,0.1631,1.373,0.2047,0.003828,0.01054,0.4801,773.4,0.1564,0.08704,0.1206,0.07782,101.6,15.85,0.1264,0.2806,20.2,1
24.72,0.03633,0.01843,0.04649,0.004635,432.0,0.17,0.07415,0.1659,0.07371,78.99,0.1091,0.2678,2.281,0.3197,0.005427,0.05628,1.426,591.7,0.4092,0.1865,0.4504,0.103,91.93,13.74,0.1385,0.5774,26.38,0
17.49,0.01395,0.009924,0.01376,0.002928,396.0,0.05008,0.02173,0.02399,0.05955,72.17,0.08713,0.2013,1.954,0.2656,0.006538,0.03416,1.974,459.3,0.09708,0.06203,0.07529,0.06994,79.29,12.36,0.1118,0.3267,26.14,1
9.006,0.00493,0.003762,0.006493,0.00136,476.5,0.03393,0.01108,0.01053,0.05754,78.61,0.07926,0.1546,0.757,0.1153,0.003265,0.0172,0.6745,543.4,0.07776,0.04052,0.06243,0.06783,83.85,13.2,0.1037,0.2901,20.37,1
10.8,0.01877,0.0101,0.02758,0.002917,373.9,0.09097,0.03341,0.05397,0.06907,71.49,0.1033,0.1776,1.355,0.1601,0.007416,0.02348,0.8225,440.0,0.221,0.1075,0.2299,0.0908,79.76,11.92,0.1418,0.3301,19.9,1
103.9,0.04088,0.01834,0.05321,0.004515,1110.0,0.1389,0.08744,0.1594,0.06132,123.7,0.1018,0.1943,4.493,0.8191,0.008074,0.02383,1.931,1603.0,0.3463,0.1708,0.3912,0.08314,145.3,22.66,0.139,0.3007,30.93,0
8.966,0.02213,0.0104,0.03259,0.003806,230.9,0.08201,0.01924,0.04132,0.07633,55.84,0.115,0.1649,1.354,0.1665,0.008261,0.01708,0.5864,284.4,0.2364,0.105,0.2456,0.1017,64.48,9.628,0.1724,0.2926,19.62,1
28.9,0.006021,0.006324,0.005325,0.0008948,664.9,0.03515,0.01877,0.01447,0.05255,92.68,0.07618,0.1632,1.954,0.316,0.005031,0.01494,0.9115,840.8,0.07087,0.05813,0.04746,0.05695,103.7,16.46,0.1011,0.253,21.75,1
25.06,0.01964,0.005398,0.02079,0.003071,431.9,0.06232,0.01638,0.02853,0.06019,75.26,0.09087,0.1847,2.225,0.3438,0.005463,0.01477,1.14,562.0,0.1726,0.05356,0.1449,0.08121,86.0,13.45,0.1244,0.2779,24.49,1
27.48,0.08808,0.0246,0.1197,0.01792,302.4,0.1294,0.03716,0.1307,0.08116,64.6,0.09699,0.1669,3.132,0.4311,0.01286,0.0388,2.261,390.2,0.295,0.0991,0.3486,0.1162,73.07,11.26,0.1301,0.2614,24.39,1
50.95,0.008274,0.007437,0.01153,0.001309,992.1,0.06217,0.04178,0.04445,0.05243,114.6,0.07838,0.122,3.163,0.4834,0.004369,0.01302,1.046,1210.0,0.09976,0.08341,0.1048,0.05871,127.1,19.82,0.09862,0.1783,18.42,1
122.3,0.03634,0.01569,0.04644,0.00512,984.6,0.1603,0.1043,0.2159,0.06365,116.1,0.1049,0.1538,7.337,1.088,0.006174,0.01145,1.41,1660.0,0.383,0.1721,0.489,0.093,155.3,23.14,0.1376,0.216,32.33,0
72.44,0.01906,0.01461,0.02375,0.001906,1293.0,0.1131,0.07785,0.09799,0.05557,133.8,0.0915,0.1618,4.218,0.5781,0.006208,0.01445,0.9168,1780.0,0.2376,0.1765,0.2702,0.06735,161.2,24.31,0.1327,0.2609,26.37,0
11.73,0.06457,0.01364,0.09252,0.007551,170.4,0.1199,0.01364,0.09252,0.07751,48.34,0.08668,0.2037,1.445,0.2196,0.01547,0.02105,1.479,223.6,0.3064,0.05,0.3393,0.1066,54.49,8.678,0.1596,0.279,31.89,1
12.58,0.02198,0.009894,0.03966,0.003813,453.1,0.1152,0.02166,0.08175,0.06894,79.47,0.1096,0.2124,0.9857,0.1811,0.006272,0.0132,0.7959,515.3,0.2315,0.08088,0.3535,0.08839,85.13,13.16,0.1402,0.2709,24.17,1
20.77,0.03867,0.01264,0.05263,0.00483,333.6,0.1013,0.02218,0.06335,0.06915,67.49,0.09816,0.1925,2.564,0.3276,0.007364,0.02161,1.127,440.4,0.2996,0.0931,0.2939,0.09646,81.41,12.13,0.1327,0.302,21.57,1
34.37,0.0138,0.01307,0.02662,0.003707,423.6,0.06095,0.026,0.03592,0.05945,74.72,0.1051,0.1339,3.258,0.4489,0.006578,0.01359,2.508,546.7,0.1028,0.06968,0.1046,0.07343,86.16,13.33,0.1271,0.1712,25.48,1
35.77,0.0156,0.009753,0.02975,0.002436,990.0,0.1232,0.06254,0.109,0.0578,117.5,0.08947,0.172,1.921,0.2986,0.004117,0.01295,0.5906,1292.0,0.2666,0.1535,0.429,0.08225,133.3,20.38,0.1263,0.2842,22.02,0
71.0,0.018,0.01267,0.02749,0.00255,1169.0,0.1188,0.08591,0.1379,0.05647,126.5,0.1035,0.1776,3.797,0.5959,0.004649,0.01365,0.6342,1972.0,0.3161,0.1999,0.4317,0.0895,163.1,25.7,0.1497,0.3379,24.57,0
17.26,0.01646,0.009997,0.01529,0.002133,496.6,0.07952,0.01781,0.02688,0.06183,81.87,0.09676,0.1759,1.535,0.2213,0.005608,0.01909,1.285,579.7,0.1839,0.08312,0.1255,0.07238,87.82,13.75,0.1298,0.2744,25.99,1
19.96,0.03026,0.01087,0.04344,0.004622,462.0,0.07823,0.02534,0.06839,0.06154,78.78,0.08108,0.1646,2.097,0.2666,0.004405,0.01921,0.8309,529.9,0.2431,0.0914,0.3076,0.08824,87.65,13.13,0.1026,0.2677,19.29,1
26.07,0.02052,0.005564,0.01341,0.002701,538.7,0.05275,0.01256,0.018,0.05888,84.06,0.07335,0.1713,2.326,0.3237,0.007802,0.02086,1.473,648.3,0.1646,0.04195,0.07698,0.07429,95.29,14.5,0.1118,0.2687,28.46,1
13.86,0.02589,0.009166,0.02941,0.004302,442.5,0.0645,0.01945,0.04055,0.06104,76.77,0.08437,0.1615,1.516,0.1912,0.007334,0.01745,1.705,523.7,0.1856,0.07116,0.1811,0.08194,85.07,13.09,0.1208,0.2447,37.88,1
35.74,0.02679,0.01342,0.03119,0.002695,602.4,0.1279,0.05246,0.09789,0.0613,91.43,0.1096,0.1908,2.563,0.425,0.006351,0.02062,0.8098,826.0,0.3262,0.1374,0.3209,0.07957,108.1,16.39,0.1512,0.3068,22.07,0
15.46,0.006813,0.003419,0.003223,0.002534,386.8,0.03574,0.006434,0.004967,0.05828,70.79,0.0778,0.1845,1.489,0.2239,0.004359,0.01916,1.647,470.9,0.06885,0.03002,0.02318,0.07307,78.44,12.36,0.09994,0.2911,41.78,1
27.94,0.01515,0.01268,0.01678,0.00233,761.7,0.09462,0.05933,0.07135,0.05723,102.0,0.09462,0.1816,1.972,0.3117,0.005217,0.01669,0.8155,922.8,0.1949,0.1374,0.1709,0.07071,114.3,17.5,0.1223,0.2723,19.25,1
68.17,0.03318,0.009643,0.03497,0.003896,1162.0,0.1719,0.07593,0.1657,0.06261,127.9,0.09401,0.1853,3.528,0.5558,0.005015,0.01543,0.6062,1813.0,0.659,0.1785,0.6091,0.1123,161.4,24.15,0.1509,0.3672,30.9,0
20.95,0.02493,0.01293,0.02703,0.004463,466.1,0.09445,0.03745,0.06015,0.06404,79.78,0.08772,0.193,2.203,0.2978,0.007112,0.01958,1.502,574.7,0.2463,0.1205,0.2434,0.09261,91.46,13.83,0.1304,0.2972,30.5,1
77.11,0.1064,0.02771,0.0996,0.02286,651.0,0.1676,0.06602,0.1362,0.07192,96.03,0.08757,0.1714,4.36,0.8811,0.007762,0.04077,1.77,767.3,0.2472,0.1021,0.222,0.08799,101.7,15.77,0.09983,0.2272,22.13,1
14.49,0.01384,0.006853,0.01452,0.00172,531.5,0.1047,0.05252,0.08259,0.06177,85.42,0.09714,0.1746,1.334,0.1938,0.00335,0.01113,0.6123,740.7,0.3904,0.1607,0.3728,0.09618,105.5,16.23,0.1503,0.3693,29.89,0
18.39,0.03162,0.009259,0.03,0.003048,221.8,0.08963,0.009259,0.03,0.06757,54.66,0.1243,0.1828,2.493,0.3582,0.01193,0.03357,2.067,273.9,0.1698,0.02778,0.09001,0.07712,62.06,9.565,0.1639,0.2972,27.04,1
19.42,0.01597,0.007303,0.02,0.001976,642.7,0.1206,0.0598,0.118,0.06466,94.49,0.09872,0.195,1.446,0.2092,0.004044,0.01522,0.6509,1044.0,0.4056,0.1838,0.4967,0.1013,117.9,18.33,0.1552,0.4753,30.12,0
14.91,0.01812,0.01196,0.01951,0.003696,788.5,0.1438,0.05397,0.06651,0.06572,106.3,0.0988,0.199,1.349,0.1745,0.00451,0.01934,0.489,861.5,0.255,0.1251,0.2114,0.0896,113.1,16.97,0.1235,0.3153,19.14,1
31.24,0.02099,0.009064,0.02021,0.002583,573.2,0.06747,0.02443,0.02974,0.05801,87.19,0.09246,0.1664,2.066,0.346,0.005868,0.02087,1.336,729.8,0.1517,0.07174,0.1049,0.06953,97.58,15.35,0.1216,0.2642,29.09,1
30.66,0.01815,0.01316,0.01737,0.002318,422.9,0.09713,0.0444,0.05282,0.06677,75.89,0.1073,0.1598,3.149,0.4384,0.006587,0.01835,1.907,552.3,0.1854,0.101,0.1366,0.07757,88.52,13.5,0.1349,0.2478,27.98,1
43.52,0.01885,0.01052,0.006021,0.004225,289.7,0.08333,0.01967,0.008934,0.07029,61.93,0.1075,0.2538,4.607,0.6965,0.01307,0.031,1.747,380.9,0.1352,0.04589,0.02085,0.08009,71.79,11.21,0.1398,0.3196,23.17,1
124.4,0.03169,0.01712,0.03446,0.004045,1230.0,0.1306,0.08691,0.1272,0.05581,129.7,0.09383,0.2094,6.487,0.9553,0.006804,0.01897,1.186,2009.0,0.3235,0.182,0.3617,0.08255,170.3,25.73,0.1353,0.307,28.64,0
130.8,0.04732,0.01936,0.07649,0.005928,1247.0,0.1838,0.128,0.2283,0.07469,134.7,0.108,0.2249,7.804,1.072,0.007964,0.02736,1.743,1696.0,0.3391,0.1923,0.4932,0.09469,158.8,23.68,0.1347,0.3294,29.43,0
49.11,0.01005,0.01432,0.01272,0.002758,431.1,0.05914,0.03515,0.02685,0.06287,75.0,0.09968,0.1619,4.138,0.645,0.005596,0.01575,2.105,553.6,0.07974,0.0716,0.0612,0.06915,85.1,13.36,0.1137,0.1978,23.39,0
23.35,0.02065,0.009206,0.01759,0.00313,584.1,0.128,0.05069,0.07789,0.06566,90.43,0.1007,0.1662,1.957,0.2787,0.004717,0.0122,0.6205,812.4,0.3542,0.1383,0.2779,0.103,110.3,16.57,0.1411,0.2589,20.86,0
17.74,0.008153,0.006829,0.004272,0.001802,582.7,0.06221,0.01917,0.01063,0.05912,88.06,0.09198,0.1592,1.479,0.2191,0.004348,0.02154,0.6946,661.1,0.1072,0.05802,0.03732,0.06794,94.17,14.67,0.117,0.2823,16.93,1
45.19,0.02499,0.01195,0.03695,0.002665,869.5,0.1336,0.06018,0.1348,0.05656,110.1,0.0961,0.1896,3.008,0.4615,0.005776,0.02789,0.9197,1229.0,0.3835,0.1813,0.5409,0.08633,133.5,20.01,0.1563,0.4863,29.02,0
24.6,0.01003,0.007895,0.006416,0.004821,477.3,0.04043,0.01149,0.007173,0.06013,78.83,0.07372,0.1613,2.108,0.3276,0.01039,0.02869,1.486,534.0,0.06477,0.0268,0.01674,0.07028,83.24,13.19,0.09439,0.228,16.36,1
61.1,0.03033,0.01354,0.03407,0.003742,955.1,0.1157,0.07953,0.09875,0.06149,115.0,0.09847,0.1739,4.655,0.6003,0.005627,0.01925,0.8225,1227.0,0.2812,0.1456,0.2489,0.07919,134.9,20.01,0.1255,0.2756,19.52,0
115.2,0.02219,0.01458,0.02721,0.004417,930.9,0.111,0.06431,0.1007,0.06281,111.2,0.09898,0.1793,6.051,0.9291,0.00874,0.02045,1.152,1648.0,0.2444,0.1555,0.2639,0.0906,152.1,22.96,0.16,0.301,34.49,0
29.63,0.01095,0.007039,0.005812,0.002326,592.6,0.0633,0.02293,0.01342,0.05673,88.68,0.08684,0.1555,2.331,0.3419,0.005836,0.02014,1.678,749.1,0.1141,0.0589,0.04753,0.06911,100.9,15.63,0.1118,0.2513,28.01,1
19.39,0.02025,0.01665,0.02334,0.003674,441.3,0.09218,0.04274,0.05441,0.0685,77.61,0.103,0.182,1.865,0.2623,0.00832,0.02094,1.204,513.9,0.1822,0.1202,0.1609,0.08251,84.48,12.98,0.1311,0.2599,30.36,1
33.01,0.004711,0.004821,0.002831,0.002273,530.6,0.03735,0.008829,0.004559,0.05518,82.71,0.08352,0.1453,2.567,0.3975,0.004148,0.01422,0.8285,672.4,0.05847,0.03532,0.01824,0.0658,93.96,14.73,0.1016,0.2107,17.4,1
23.11,0.04653,0.01162,0.03829,0.006111,656.4,0.123,0.0389,0.1009,0.06341,95.81,0.08837,0.1872,2.615,0.2542,0.007138,0.02068,1.079,808.9,0.4202,0.1205,0.404,0.1023,113.5,16.22,0.134,0.3187,31.73,1
22.79,0.0312,0.01071,0.05774,0.004613,321.2,0.05907,0.01071,0.05774,0.06315,65.05,0.08054,0.1964,2.747,0.3567,0.00468,0.0256,1.922,403.7,0.1397,0.03571,0.1925,0.07809,75.4,11.48,0.09527,0.2868,24.47,1
93.54,0.02722,0.01911,0.05081,0.004217,1094.0,0.1066,0.07731,0.149,0.05699,122.1,0.0944,0.1697,5.632,0.8529,0.01075,0.02293,1.849,1403.0,0.2117,0.149,0.3446,0.07421,139.9,21.31,0.1338,0.2341,27.26,0
20.52,0.01679,0.00637,0.01971,0.001892,646.1,0.05223,0.01737,0.03476,0.05433,92.25,0.06995,0.1707,1.727,0.2315,0.005356,0.01414,0.9112,734.6,0.146,0.05563,0.1472,0.06464,100.4,15.4,0.1017,0.2345,31.98,1
7.228,0.07643,0.02919,0.1535,0.0122,338.3,0.166,0.05941,0.228,0.0845,70.15,0.09073,0.2188,2.363,0.1115,0.008499,0.01617,1.231,351.9,0.3619,0.1465,0.603,0.12,76.51,10.85,0.1143,0.2597,22.82,1
93.91,0.04954,0.01841,0.05206,0.004968,963.7,0.1665,0.1054,0.1855,0.06166,117.4,0.1115,0.1971,5.54,0.8113,0.009037,0.01778,1.4,1302.0,0.3498,0.1515,0.3583,0.07738,132.9,20.47,0.1418,0.2463,25.11,0
18.76,0.01233,0.009305,0.01328,0.001726,507.9,0.04234,0.01499,0.01997,0.05637,81.35,0.08276,0.1539,1.477,0.2409,0.008835,0.01897,1.367,594.7,0.1064,0.06498,0.08653,0.06484,88.1,13.87,0.1234,0.2407,36.0,1
11.64,0.01796,0.00836,0.03318,0.002289,506.9,0.08269,0.03078,0.05835,0.05913,82.89,0.0904,0.1705,1.195,0.1499,0.004873,0.01601,0.4875,605.8,0.261,0.09783,0.3476,0.07802,93.22,14.09,0.1326,0.3006,19.35,1
101.9,0.0348,0.02801,0.06577,0.002887,678.1,0.1305,0.08624,0.1539,0.06216,96.85,0.1167,0.1957,8.419,1.296,0.01,0.05168,1.452,971.4,0.2164,0.1667,0.3355,0.07147,121.4,18.55,0.1411,0.3414,21.43,0
525.6,0.02772,0.01407,0.06389,0.004476,2499.0,0.1516,0.1595,0.3201,0.05525,188.5,0.1142,0.1648,21.98,2.873,0.01345,0.04783,1.476,2499.0,0.1516,0.1595,0.3201,0.05525,188.5,28.11,0.1142,0.1648,18.47,0
23.13,0.02219,0.008614,0.0288,0.003451,336.1,0.08578,0.01201,0.02995,0.06481,67.41,0.09989,0.2217,2.302,0.355,0.007595,0.0271,1.534,402.8,0.1486,0.03203,0.07987,0.07552,74.22,11.54,0.1219,0.2826,23.31,1
19.75,0.01171,0.006897,0.01758,0.001971,674.8,0.0889,0.0226,0.04069,0.05886,95.88,0.09179,0.1893,1.482,0.2204,0.004796,0.02254,0.6221,829.5,0.1881,0.08308,0.206,0.07285,105.9,16.43,0.1226,0.36,22.74,1
13.12,0.01331,0.01111,0.01993,0.004492,340.9,0.04462,0.01111,0.01993,0.05768,66.82,0.08142,0.2372,1.277,0.1818,0.01072,0.01717,2.542,366.3,0.06542,0.02222,0.03986,0.06736,69.35,10.94,0.09794,0.2699,23.31,1
81.89,0.02075,0.01466,0.03185,0.002205,1384.0,0.1175,0.1155,0.1572,0.05661,138.1,0.09684,0.1554,4.542,0.6643,0.005467,0.01029,1.361,2022.0,0.3101,0.228,0.4399,0.07425,168.2,25.68,0.1368,0.2268,32.07,0
22.69,0.03438,0.01435,0.03909,0.00456,578.9,0.1517,0.05602,0.09901,0.06916,90.96,0.1026,0.2106,1.933,0.2563,0.00596,0.01939,1.194,750.1,0.437,0.1654,0.4636,0.1059,104.4,15.75,0.146,0.363,26.93,0
18.4,0.02502,0.01032,0.02636,0.003563,485.6,0.1334,0.05074,0.08017,0.06854,82.69,0.1076,0.1641,1.696,0.2324,0.005704,0.01759,0.6332,633.7,0.3842,0.1407,0.3582,0.1033,95.29,14.38,0.1533,0.323,22.15,1
18.32,0.02212,0.006433,0.02117,0.001725,463.7,0.07253,0.01654,0.03844,0.05474,78.83,0.0808,0.1667,1.687,0.2382,0.005996,0.02025,0.8355,546.7,0.165,0.04815,0.1423,0.06306,86.65,13.35,0.1096,0.2482,19.59,1
31.0,0.0371,0.01627,0.03688,0.004768,610.7,0.1306,0.06462,0.1115,0.06433,92.87,0.09463,0.2235,3.534,0.4207,0.01088,0.04499,1.845,811.3,0.4059,0.1772,0.3744,0.1026,115.0,16.86,0.1559,0.4724,34.85,0
15.24,0.02042,0.006801,0.01062,0.003494,293.2,0.08419,0.02416,0.0233,0.06891,63.0,0.09492,0.1387,1.976,0.2498,0.008732,0.01824,1.216,376.5,0.2243,0.06528,0.08434,0.09209,74.32,11.24,0.1419,0.2502,22.99,1
30.29,0.01911,0.01037,0.02701,0.003586,481.9,0.1058,0.03821,0.08005,0.06373,81.09,0.09965,0.1925,2.497,0.3961,0.006953,0.01782,1.044,677.9,0.2378,0.1015,0.2671,0.0875,96.05,14.97,0.1426,0.3014,24.64,1
12.64,0.0104,0.009623,0.01186,0.00354,279.6,0.04087,0.01667,0.01652,0.06403,60.21,0.08464,0.1551,1.215,0.2152,0.01164,0.02383,0.8301,335.9,0.09515,0.07222,0.07161,0.08178,65.74,10.51,0.1504,0.2757,19.16,1
23.02,0.02556,0.01022,0.02889,0.003359,744.9,0.1639,0.08399,0.1751,0.0665,103.7,0.1063,0.2091,1.903,0.2419,0.005345,0.009947,1.278,1035.0,0.5564,0.2014,0.5703,0.1204,126.3,18.49,0.1883,0.3512,49.54,0
18.15,0.009216,0.008965,0.02063,0.002146,394.1,0.04701,0.0223,0.03709,0.05667,71.8,0.08139,0.1516,1.831,0.2727,0.009282,0.02183,0.9429,466.7,0.09148,0.06961,0.1444,0.06641,78.0,12.33,0.129,0.24,23.84,1
102.6,0.01882,0.0113,0.02741,0.002801,904.6,0.1457,0.0917,0.1525,0.0633,110.0,0.1121,0.1995,5.455,0.8068,0.006048,0.01468,0.9017,2215.0,0.3578,0.2095,0.4695,0.09564,177.0,26.46,0.1805,0.3613,31.56,0
21.46,0.04192,0.01785,0.05946,0.004775,432.2,0.1154,0.03142,0.06636,0.06314,77.32,0.09363,0.1967,2.087,0.2963,0.008872,0.02793,1.563,531.2,0.3046,0.1138,0.2806,0.08365,86.2,13.25,0.1405,0.3397,27.1,1
133.0,0.03203,0.01733,0.05638,0.004787,1217.0,0.1642,0.1062,0.2197,0.06552,129.5,0.115,0.1792,7.237,1.111,0.006056,0.01884,1.161,2053.0,0.4116,0.198,0.6121,0.09929,171.1,25.93,0.1495,0.2968,26.24,0
32.19,0.02374,0.008637,0.02384,0.003131,761.3,0.1204,0.06462,0.1147,0.06303,102.6,0.1025,0.1935,2.244,0.3473,0.004766,0.01772,0.9209,1088.0,0.448,0.1479,0.3976,0.1064,125.9,19.56,0.1552,0.3993,30.29,0
63.33,0.03179,0.01043,0.04755,0.003224,1192.0,0.1589,0.1149,0.2545,0.06113,130.4,0.1015,0.2202,2.765,0.4953,0.005033,0.01578,1.199,1589.0,0.3861,0.1732,0.5673,0.08465,148.7,22.63,0.1275,0.3305,33.58,0
100.4,0.03089,0.01699,0.04093,0.002719,1299.0,0.1313,0.1015,0.1523,0.05419,134.7,0.09156,0.2166,5.168,0.8336,0.004938,0.02816,1.736,1645.0,0.2534,0.1613,0.3092,0.06386,152.0,23.23,0.1097,0.322,27.15,0
20.48,0.04042,0.02295,0.05101,0.005891,480.4,0.1209,0.06021,0.1065,0.0707,82.15,0.09933,0.1735,2.711,0.3424,0.01291,0.02144,1.803,527.4,0.225,0.1105,0.2216,0.08486,89.0,13.33,0.1287,0.2226,25.47,1
11.48,0.009816,0.005344,0.01099,0.00212,357.6,0.05736,0.01698,0.02531,0.064,68.77,0.09594,0.1381,1.126,0.1728,0.007809,0.01254,0.4064,414.0,0.1257,0.04603,0.1047,0.07699,73.66,11.6,0.1436,0.209,12.02,1
26.76,0.02406,0.009919,0.03099,0.003009,561.0,0.08259,0.02142,0.04072,0.05859,87.16,0.07956,0.1635,2.591,0.338,0.005436,0.0203,1.916,661.5,0.173,0.06189,0.1453,0.07024,97.66,14.8,0.1005,0.2446,30.04,1
12.3,0.02348,0.01285,0.018,0.008313,366.5,0.1071,0.04268,0.04063,0.07976,71.25,0.1194,0.1954,1.318,0.1779,0.01262,0.0222,1.03,411.1,0.2031,0.09514,0.1256,0.1168,76.08,11.69,0.1662,0.278,20.74,1
20.53,0.01102,0.006881,0.0139,0.001286,563.0,0.06031,0.02031,0.0311,0.05587,86.18,0.08162,0.1784,1.572,0.2385,0.00328,0.0138,0.8265,787.9,0.2043,0.1112,0.2085,0.07146,102.5,15.93,0.1094,0.2994,30.25,0
45.81,0.01169,0.008522,0.01622,0.002751,998.9,0.07027,0.04744,0.05699,0.0551,115.2,0.08855,0.1538,2.765,0.4212,0.005444,0.01419,1.433,1320.0,0.1806,0.1136,0.208,0.07948,135.1,20.92,0.1315,0.2504,34.69,0
28.93,0.01246,0.009128,0.007936,0.002985,557.2,0.07426,0.03264,0.02819,0.06016,86.34,0.09245,0.1375,2.287,0.3408,0.005841,0.01564,1.924,705.6,0.1421,0.07763,0.07003,0.07675,96.69,15.05,0.1172,0.2196,41.61,1
20.35,0.01661,0.008179,0.02071,0.002848,506.3,0.09546,0.02315,0.03889,0.05997,83.19,0.09934,0.1718,1.778,0.2655,0.005293,0.01748,1.095,622.1,0.2141,0.07926,0.1731,0.07918,91.88,14.24,0.1289,0.2779,24.82,1
20.21,0.03713,0.01065,0.03452,0.003705,525.2,0.07899,0.01883,0.04057,0.05899,84.18,0.07351,0.1874,2.397,0.2357,0.003629,0.02632,1.299,621.9,0.2318,0.06608,0.1604,0.07247,96.31,14.13,0.09329,0.3207,24.61,1
30.15,0.008491,0.0103,0.01307,0.001432,469.1,0.04571,0.02054,0.02109,0.05708,78.29,0.08682,0.1571,2.602,0.3833,0.007702,0.0297,0.9078,533.1,0.06744,0.04793,0.04921,0.05974,84.11,13.18,0.1048,0.2298,16.85,1
16.97,0.006887,0.003951,0.001184,0.001755,446.0,0.03892,0.005592,0.001546,0.0607,76.09,0.07683,0.1382,1.466,0.2335,0.004729,0.01466,0.9097,523.4,0.0739,0.02796,0.007732,0.07037,82.74,13.07,0.1013,0.2171,22.25,1
36.58,0.03126,0.01992,0.05051,0.003002,782.7,0.1002,0.05364,0.09938,0.05338,103.7,0.08401,0.1847,2.903,0.4033,0.009769,0.02981,1.078,876.5,0.1924,0.1119,0.2322,0.06287,112.0,16.84,0.1131,0.2809,27.66,0
12.68,0.01345,0.005905,0.01652,0.002081,515.9,0.03729,0.01171,0.0226,0.05581,81.89,0.06955,0.1337,1.115,0.1532,0.004731,0.01619,0.469,577.0,0.1147,0.05366,0.1186,0.06915,87.4,13.62,0.09616,0.2309,15.54,1
23.92,0.01132,0.006627,0.005717,0.002476,616.5,0.05306,0.02733,0.01765,0.057,90.03,0.09309,0.1373,1.558,0.2571,0.006692,0.01416,1.081,749.9,0.1109,0.0589,0.05307,0.07083,98.4,15.53,0.1281,0.21,18.0,1
90.47,0.02101,0.01601,0.03342,0.00457,1077.0,0.11,0.08665,0.1457,0.06213,121.4,0.1054,0.1966,4.895,0.7128,0.008102,0.02045,1.581,1549.0,0.2291,0.1674,0.3272,0.08456,145.4,22.25,0.1503,0.2894,24.9,0
26.99,0.01065,0.009175,0.01245,0.001461,407.4,0.05991,0.02069,0.02638,0.05934,73.28,0.09345,0.1834,2.684,0.3927,0.00638,0.02292,0.8429,508.9,0.1049,0.06544,0.08105,0.06487,83.12,12.97,0.1183,0.274,22.46,1
18.51,0.02294,0.008691,0.03016,0.003407,496.4,0.07529,0.02036,0.05438,0.06019,81.35,0.07903,0.1514,1.445,0.2449,0.005169,0.01365,1.066,624.0,0.3454,0.118,0.3911,0.09585,90.67,14.2,0.1227,0.2826,31.31,1
95.77,0.03214,0.01573,0.04435,0.005255,1068.0,0.1317,0.09183,0.1491,0.06697,121.3,0.1012,0.1832,4.851,0.7923,0.007974,0.01617,1.045,1600.0,0.3089,0.1663,0.3533,0.09445,146.4,22.75,0.1412,0.251,22.88,0
119.3,0.03055,0.02794,0.04344,0.003362,1157.0,0.1185,0.09667,0.1193,0.05176,126.3,0.08694,0.1741,6.971,1.0,0.009406,0.03156,0.6336,1495.0,0.2016,0.1777,0.2264,0.06251,146.6,22.03,0.1124,0.2443,17.81,0
67.1,0.0605,0.01843,0.02134,0.01039,1132.0,0.1791,0.1469,0.1937,0.07224,129.1,0.1215,0.1634,5.801,0.519,0.007545,0.03056,2.91,1298.0,0.2817,0.1841,0.2432,0.09203,141.3,20.33,0.1392,0.2311,32.72,0
41.18,0.02563,0.01271,0.03011,0.003884,682.5,0.1649,0.08923,0.169,0.06768,98.64,0.1162,0.2157,2.989,0.4266,0.006985,0.01602,0.9489,1095.0,0.448,0.2027,0.4704,0.1065,127.1,18.81,0.1878,0.3585,27.37,0
14.0,0.01587,0.006335,0.01169,0.002177,579.1,0.06374,0.02031,0.02556,0.05669,87.84,0.08302,0.1872,1.372,0.1705,0.00423,0.01943,0.5066,670.6,0.2096,0.06987,0.1346,0.07701,99.16,14.84,0.1105,0.3323,20.21,1
41.24,0.0448,0.01341,0.05175,0.007731,514.5,0.08316,0.01867,0.06126,0.06114,82.63,0.07551,0.158,2.552,0.4993,0.006011,0.02669,1.798,645.8,0.1936,0.05601,0.1838,0.08151,91.63,14.4,0.09402,0.2488,27.01,1
111.4,0.03799,0.02397,0.03732,0.007444,912.7,0.2276,0.1401,0.2229,0.07413,116.0,0.1186,0.304,7.276,1.046,0.008029,0.02308,0.976,1461.0,0.3949,0.255,0.3853,0.1059,152.4,22.25,0.1545,0.4066,21.4,0
22.87,0.02932,0.01023,0.02722,0.004638,290.2,0.08404,0.01778,0.04334,0.07065,62.5,0.1037,0.1584,2.747,0.403,0.01385,0.03281,1.424,367.0,0.1765,0.05334,0.13,0.08468,71.68,11.05,0.1467,0.2533,21.47,1
21.47,0.01592,0.005828,0.0178,0.001976,585.0,0.06376,0.01329,0.02881,0.0558,88.12,0.07944,0.1473,1.573,0.25,0.002838,0.01329,0.7574,725.9,0.1824,0.06019,0.1564,0.07014,97.19,15.34,0.09711,0.235,22.46,1
49.85,0.09586,0.05279,0.396,0.02984,300.2,0.1599,0.07857,0.4108,0.09296,63.78,0.1072,0.2548,4.073,0.8245,0.01097,0.03546,2.664,380.5,0.2772,0.1571,0.8216,0.1259,71.04,11.02,0.1292,0.3108,19.49,1
45.4,0.01162,0.01109,0.01998,0.002085,684.5,0.072,0.05259,0.07395,0.05922,94.74,0.09867,0.1586,3.195,0.4727,0.005718,0.0141,1.24,1138.0,0.1871,0.1609,0.2914,0.08216,123.4,19.07,0.1464,0.3029,30.88,0
18.85,0.01791,0.009567,0.02185,0.002846,599.5,0.1133,0.06463,0.1126,0.06544,91.12,0.106,0.1669,1.602,0.2208,0.005314,0.01223,0.9533,869.3,0.3568,0.1827,0.4069,0.1055,113.9,17.04,0.1613,0.3179,30.8,0
20.65,0.03255,0.009811,0.04393,0.004572,514.0,0.1125,0.0295,0.07107,0.0654,84.52,0.09579,0.1761,2.465,0.2684,0.005727,0.02751,0.5664,634.3,0.3253,0.09858,0.3439,0.09166,99.21,14.42,0.1288,0.3596,21.95,1
16.41,0.01557,0.006435,0.02443,0.002477,396.5,0.06575,0.01899,0.05133,0.06529,72.48,0.08759,0.1487,1.597,0.2344,0.009113,0.01568,0.9861,518.1,0.2196,0.08278,0.312,0.08832,83.99,13.01,0.1699,0.2829,29.15,1
22.73,0.01989,0.009883,0.02714,0.003913,289.1,0.06258,0.01514,0.02948,0.06413,61.49,0.08946,0.2238,2.569,0.3776,0.007501,0.0196,1.35,385.2,0.1542,0.0656,0.1277,0.08524,70.88,11.14,0.1234,0.3174,25.62,1
20.24,0.06063,0.01553,0.06663,0.008925,432.0,0.1064,0.02386,0.08777,0.06612,76.83,0.06613,0.1349,1.955,0.256,0.006854,0.02354,1.554,507.2,0.3399,0.0875,0.3218,0.09952,83.51,12.79,0.09457,0.2305,28.18,1
26.33,0.03498,0.01965,0.02187,0.003442,384.8,0.1136,0.04796,0.04635,0.06072,73.0,0.1164,0.1771,1.851,0.3384,0.01127,0.0158,1.343,434.0,0.1822,0.08611,0.08669,0.06784,76.53,11.92,0.1367,0.2102,15.77,1
83.5,0.03133,0.01671,0.04257,0.003933,1306.0,0.08348,0.06022,0.09042,0.05177,132.5,0.08355,0.1467,5.144,0.6874,0.007959,0.01341,1.041,1750.0,0.2311,0.1445,0.3158,0.07127,161.7,24.22,0.1228,0.2238,26.17,0
52.34,0.01578,0.008185,0.02117,0.001892,1288.0,0.1088,0.09333,0.1519,0.05572,132.9,0.1,0.1814,2.587,0.3977,0.005043,0.01282,1.033,1844.0,0.2945,0.1697,0.3788,0.07999,162.3,24.33,0.1522,0.3151,39.16,0
153.1,0.04243,0.01508,0.04266,0.003385,2010.0,0.2363,0.1913,0.3368,0.06121,174.2,0.1149,0.1956,7.222,0.9948,0.006369,0.02335,0.8509,3234.0,0.5937,0.2756,0.6451,0.08815,229.3,33.13,0.153,0.369,23.58,0
23.13,0.02418,0.009215,0.04275,0.002128,415.1,0.08574,0.02017,0.0716,0.06166,74.87,0.09357,0.1799,2.15,0.3135,0.009861,0.02475,2.426,527.8,0.2031,0.06835,0.2923,0.0722,86.04,13.12,0.1406,0.2884,38.81,1
48.9,0.01659,0.01143,0.02408,0.002451,1027.0,0.1117,0.0795,0.113,0.05664,118.7,0.09746,0.1807,2.547,0.4041,0.004821,0.01275,0.5503,1485.0,0.2763,0.1776,0.3853,0.08198,140.9,21.84,0.1434,0.2812,25.0,0
69.06,0.02431,0.01369,0.0319,0.003345,1264.0,0.1875,0.1504,0.2565,0.0667,135.9,0.117,0.2569,4.012,0.5702,0.005485,0.02768,1.023,1938.0,0.4492,0.2685,0.5344,0.1024,171.1,25.3,0.1592,0.5558,31.86,0
37.11,0.01812,0.008648,0.03035,0.002281,658.8,0.08918,0.04349,0.08222,0.0564,94.29,0.09832,0.1739,2.561,0.4165,0.004953,0.01539,0.6237,862.0,0.1928,0.09186,0.2492,0.07048,108.5,16.76,0.1223,0.2626,17.24,1
16.64,0.01035,0.006245,0.01081,0.002619,347.0,0.07234,0.01615,0.02379,0.06329,68.01,0.09657,0.1897,1.497,0.2497,0.007189,0.02158,1.493,455.7,0.1398,0.06136,0.1125,0.08147,77.98,12.25,0.1499,0.3409,35.19,1
13.66,0.009947,0.005872,0.01163,0.001659,399.8,0.05313,0.021,0.02783,0.05913,72.49,0.08858,0.1601,1.359,0.1916,0.005391,0.01341,1.555,521.3,0.1622,0.08698,0.1811,0.07745,85.07,13.05,0.1453,0.2973,36.32,1
15.89,0.02005,0.01304,0.02631,0.001982,408.2,0.1168,0.04497,0.07097,0.0632,75.46,0.1088,0.1886,1.667,0.2456,0.005884,0.01848,0.7339,475.7,0.217,0.1105,0.2302,0.07427,81.93,12.64,0.1415,0.2787,19.67,1
11.91,0.01371,0.007096,0.01346,0.001541,480.1,0.0763,0.02369,0.03609,0.06046,80.45,0.08928,0.1526,1.253,0.1532,0.003796,0.01536,0.781,607.3,0.2506,0.1053,0.2028,0.07661,92.82,14.06,0.1276,0.3035,24.34,1
23.56,0.0146,0.01315,0.02387,0.0023,566.3,0.08129,0.04781,0.06664,0.05766,87.46,0.09779,0.1885,2.058,0.2699,0.008462,0.0198,0.7886,711.2,0.1773,0.1288,0.239,0.07259,99.7,15.11,0.144,0.2977,19.26,1
44.41,0.02083,0.01392,0.03248,0.002789,813.7,0.1319,0.08488,0.1478,0.06277,106.9,0.1169,0.1948,3.27,0.4375,0.006697,0.01536,1.232,1121.0,0.2947,0.1583,0.3597,0.082,129.8,19.28,0.159,0.3103,30.38,0
11.09,0.01221,0.009393,0.01072,0.003428,363.7,0.04721,0.01369,0.01236,0.06031,69.14,0.08518,0.1449,1.267,0.1753,0.003478,0.02941,1.027,392.2,0.07506,0.03194,0.02884,0.06643,72.42,11.37,0.09312,0.2143,14.82,1
20.64,0.008186,0.009233,0.01698,0.001524,571.1,0.07957,0.0316,0.04548,0.06088,87.76,0.0995,0.1732,1.564,0.2431,0.003245,0.01285,0.9462,686.5,0.1346,0.09077,0.1742,0.0696,95.78,14.96,0.1199,0.2518,23.53,1
20.74,0.04785,0.01745,0.07339,0.00761,344.9,0.1289,0.02867,0.08448,0.06862,69.5,0.1082,0.1668,2.23,0.3198,0.008902,0.02728,1.489,410.4,0.255,0.086,0.2534,0.08701,76.51,11.69,0.1335,0.2605,25.21,1
33.58,0.01805,0.01033,0.01832,0.002001,838.1,0.08468,0.04835,0.05862,0.05593,106.6,0.09686,0.1495,2.344,0.3389,0.007257,0.01694,1.439,1009.0,0.1679,0.09123,0.1663,0.06469,117.2,18.13,0.1338,0.2394,25.45,1
11.86,0.008061,0.004972,0.002817,0.002821,329.6,0.07722,0.01216,0.006643,0.0645,66.62,0.1053,0.1788,1.208,0.1913,0.006513,0.01502,0.9027,395.4,0.1153,0.04464,0.02639,0.08269,73.47,11.52,0.1341,0.2615,19.8,1
21.84,0.01371,0.01183,0.02153,0.001812,680.9,0.08345,0.04951,0.06824,0.05748,96.12,0.09587,0.1487,1.596,0.2323,0.005415,0.01959,1.636,783.6,0.1388,0.1017,0.17,0.06599,103.9,16.01,0.1216,0.2369,28.48,1
27.23,0.07458,0.01867,0.05661,0.009208,386.1,0.2839,0.1052,0.2414,0.09744,77.58,0.1425,0.2597,3.445,0.4956,0.00911,0.05963,1.156,567.7,0.8663,0.2575,0.6869,0.173,98.87,14.91,0.2098,0.6638,26.5,0
43.95,0.02015,0.0111,0.03697,0.002556,981.6,0.1314,0.08293,0.1698,0.05916,117.3,0.09997,0.1713,2.873,0.3897,0.004714,0.01237,1.077,1437.0,0.3762,0.197,0.6399,0.09075,145.4,21.53,0.1401,0.2972,38.54,0
17.91,0.009169,0.004814,0.009127,0.001708,588.7,0.06136,0.01141,0.0142,0.0589,88.44,0.08785,0.1614,1.495,0.2185,0.004599,0.01247,0.8561,725.9,0.135,0.05104,0.08115,0.07182,100.3,15.49,0.1157,0.2364,23.58,1
69.65,0.02449,0.01293,0.03988,0.003446,1138.0,0.1453,0.09664,0.1921,0.0622,126.2,0.102,0.1902,4.321,0.6361,0.007392,0.01435,1.001,1724.0,0.3841,0.1872,0.5754,0.0972,159.8,23.72,0.1782,0.3258,35.9,0
21.91,0.05156,0.01633,0.04387,0.008015,441.0,0.1011,0.03791,0.06574,0.06766,77.87,0.08605,0.1588,3.198,0.2742,0.006719,0.01872,1.39,546.1,0.2813,0.1155,0.2365,0.09981,92.2,13.24,0.1116,0.2465,27.29,1
134.8,0.05839,0.0207,0.04658,0.007054,1006.0,0.2146,0.108,0.1684,0.06673,120.2,0.1065,0.2152,6.311,0.9806,0.00794,0.02591,0.5505,1610.0,0.5634,0.2102,0.3786,0.1108,150.1,22.39,0.1478,0.3751,18.91,0
19.53,0.01395,0.006009,0.01774,0.002575,710.6,0.1052,0.03263,0.05375,0.06317,98.92,0.09057,0.1727,1.344,0.2054,0.00329,0.01172,0.4956,973.1,0.3299,0.1226,0.363,0.09772,113.8,17.8,0.1301,0.3175,28.03,0
17.72,0.01485,0.009155,0.01551,0.001767,711.8,0.06934,0.02657,0.03393,0.05544,97.65,0.07963,0.1721,1.338,0.1783,0.005012,0.01647,0.4125,819.1,0.1737,0.08178,0.1362,0.06766,104.5,16.2,0.1126,0.2487,15.73,1
30.19,0.07471,0.02721,0.1114,0.009627,476.7,0.1511,0.04846,0.1544,0.07325,82.85,0.09514,0.2082,5.004,0.3921,0.007234,0.03232,1.207,580.6,0.4061,0.1342,0.4896,0.1034,97.82,13.78,0.1175,0.3231,21.03,1
16.8,0.02222,0.007082,0.004174,0.002278,311.7,0.07504,0.01116,0.005025,0.06331,64.73,0.1003,0.1791,1.648,0.2441,0.01291,0.02572,2.09,347.3,0.12,0.02232,0.01005,0.06742,67.88,10.65,0.1265,0.2262,22.88,1
48.84,0.01489,0.0191,0.01267,0.003002,435.6,0.0721,0.07404,0.05929,0.05875,76.2,0.1225,0.2015,4.021,0.6412,0.01418,0.02678,2.293,472.4,0.08368,0.08946,0.07153,0.06033,79.46,12.4,0.1359,0.222,18.99,1
13.38,0.0118,0.007978,0.006564,0.001392,492.1,0.08393,0.01924,0.01288,0.061,81.78,0.09667,0.1638,1.34,0.1807,0.006064,0.01374,0.6931,553.7,0.1472,0.06343,0.05233,0.06922,88.54,13.5,0.1298,0.2369,17.48,1
87.78,0.02616,0.01421,0.04005,0.002689,1308.0,0.1739,0.1322,0.2085,0.06251,137.8,0.1046,0.2127,4.706,0.6986,0.004578,0.01948,0.9901,1809.0,0.3135,0.2148,0.4433,0.07569,160.2,24.3,0.1268,0.3077,25.48,0
40.98,0.02263,0.009767,0.01954,0.00243,766.6,0.08799,0.05189,0.06593,0.05549,101.2,0.09597,0.1618,2.406,0.3699,0.004626,0.01547,1.15,1269.0,0.3547,0.1541,0.2902,0.08631,129.3,20.11,0.1414,0.3437,32.82,0
67.78,0.03082,0.01112,0.05042,0.003854,899.3,0.1496,0.1203,0.2417,0.06382,112.8,0.1197,0.2248,3.999,0.6009,0.008268,0.02102,1.398,1344.0,0.3559,0.1847,0.5588,0.08482,136.1,20.88,0.1634,0.353,32.09,0
24.62,0.01706,0.007506,0.02586,0.003976,401.5,0.09362,0.02233,0.04591,0.07005,73.81,0.1102,0.1842,2.077,0.3251,0.01037,0.01816,2.174,525.1,0.1676,0.06127,0.1755,0.08851,84.53,13.11,0.1557,0.2762,32.16,1
9.789,0.004883,0.003472,0.003681,0.002153,246.3,0.03116,0.003472,0.003681,0.06833,56.36,0.07005,0.1788,1.144,0.1746,0.007389,0.02701,1.305,285.5,0.05232,0.01389,0.01472,0.07804,60.9,9.699,0.09861,0.2991,20.07,1
138.5,0.05995,0.03024,0.08232,0.006042,773.5,0.3114,0.1377,0.3176,0.08104,110.2,0.1109,0.2495,10.12,1.292,0.01236,0.02337,2.454,1226.0,0.5172,0.2462,0.6181,0.1019,143.7,19.85,0.1504,0.3277,31.64,0
54.16,0.04061,0.01282,0.02791,0.004144,781.0,0.1292,0.06606,0.09954,0.06082,103.6,0.0971,0.1842,3.564,0.5058,0.005771,0.02008,0.9849,1299.0,0.5609,0.181,0.3965,0.1048,136.5,20.42,0.1396,0.3792,27.28,0
28.3,0.004693,0.003617,0.0007929,0.001058,491.9,0.0265,0.005449,0.001194,0.05185,79.42,0.07436,0.1528,2.329,0.3511,0.005783,0.02043,0.9527,585.7,0.04327,0.01635,0.003581,0.05521,86.82,13.72,0.09293,0.2233,20.98,1
31.01,0.03288,0.0135,0.02821,0.002744,618.4,0.1108,0.03058,0.05063,0.06009,92.41,0.08931,0.1506,2.749,0.3478,0.004107,0.0161,1.018,828.5,0.3429,0.1339,0.2512,0.07858,112.1,16.45,0.1153,0.2534,27.26,1
38.87,0.02983,0.01761,0.05371,0.003249,648.2,0.09947,0.04938,0.1204,0.05636,94.25,0.09444,0.2075,3.301,0.4204,0.009369,0.02418,2.22,808.9,0.1976,0.1225,0.3349,0.06846,108.4,16.21,0.1306,0.302,29.25,0
27.1,0.03581,0.01365,0.03354,0.003318,346.4,0.1147,0.02642,0.06387,0.06491,69.28,0.09688,0.1922,3.43,0.4505,0.00747,0.03504,1.197,424.8,0.2515,0.07926,0.1916,0.07587,78.28,11.88,0.1213,0.294,22.94,1
24.91,0.02995,0.01161,0.04815,0.004022,633.0,0.1098,0.05598,0.1319,0.06125,93.63,0.09823,0.1885,2.657,0.286,0.005878,0.02028,1.019,799.6,0.4238,0.1447,0.5186,0.1014,116.2,15.89,0.1446,0.3591,30.36,0
34.44,0.03845,0.01321,0.03763,0.005672,477.4,0.1353,0.04562,0.1085,0.06937,81.15,0.1034,0.1943,2.642,0.4053,0.009098,0.01878,1.809,768.9,0.4706,0.1459,0.4425,0.1205,101.7,15.65,0.1785,0.3215,39.34,0
32.96,0.008593,0.004167,0.000692,0.00299,527.2,0.03789,0.004167,0.000692,0.05501,82.61,0.0806,0.1819,2.595,0.404,0.007491,0.0219,1.214,624.1,0.06191,0.01111,0.001845,0.06289,90.24,14.23,0.1021,0.2439,22.25,1
16.97,0.01764,0.01037,0.02595,0.00304,371.1,0.1218,0.05669,0.1044,0.0687,71.9,0.1227,0.1895,1.822,0.2366,0.008064,0.01357,1.428,514.0,0.2698,0.1424,0.4023,0.09606,87.22,12.84,0.1909,0.2964,35.34,0
10.77,0.00371,0.003608,0.004826,0.001381,632.6,0.02675,0.00625,0.00725,0.05376,90.3,0.06429,0.1508,0.8439,0.1302,0.003492,0.01536,0.7198,684.6,0.05036,0.03333,0.03866,0.0612,94.44,14.91,0.08567,0.2458,20.65,1
13.54,0.009355,0.007483,0.01056,0.002198,373.2,0.07804,0.0248,0.03046,0.0634,70.92,0.1077,0.1714,1.342,0.1967,0.005158,0.01718,1.387,471.4,0.1482,0.07431,0.1067,0.07881,79.93,12.41,0.1369,0.2998,26.44,1
28.47,0.009758,0.007445,0.01168,0.001769,427.9,0.04966,0.01115,0.01657,0.05888,74.72,0.08637,0.1495,2.635,0.4062,0.005857,0.02406,1.21,516.5,0.08615,0.03715,0.05523,0.06563,82.98,12.98,0.1085,0.2433,25.72,1
20.0,0.01236,0.007373,0.01841,0.001656,725.5,0.0623,0.03157,0.05892,0.05526,98.17,0.08182,0.1359,1.525,0.2134,0.004291,0.009539,0.3628,932.7,0.2186,0.1035,0.2962,0.07474,113.7,17.38,0.1222,0.232,15.92,1
20.72,0.01197,0.01056,0.01482,0.001779,680.7,0.05016,0.02541,0.03416,0.05348,94.66,0.08472,0.1659,1.677,0.2182,0.006708,0.0158,0.6232,760.2,0.1011,0.07955,0.1101,0.06142,101.7,15.61,0.1139,0.2334,17.58,1
20.86,0.04112,0.01494,0.05553,0.005512,402.9,0.112,0.02594,0.06737,0.06782,74.65,0.09984,0.1818,1.628,0.2784,0.01215,0.0184,1.768,457.8,0.2118,0.06918,0.1797,0.08134,78.78,12.26,0.1345,0.2329,19.68,1
9.332,0.0059,0.004065,0.003846,0.002295,388.1,0.04413,0.005664,0.005067,0.06343,71.3,0.08511,0.1637,0.9812,0.1344,0.0042,0.01487,1.083,435.9,0.07723,0.02832,0.02533,0.07613,76.38,11.93,0.1108,0.2557,26.43,1
139.9,0.03212,0.01597,0.03571,0.00476,1841.0,0.2106,0.1471,0.231,0.06739,165.5,0.103,0.1991,7.05,0.9915,0.004989,0.01879,0.9004,2642.0,0.4188,0.2475,0.4658,0.09671,205.7,29.92,0.1342,0.3157,26.93,0
56.18,0.01929,0.01499,0.04907,0.001807,1191.0,0.09871,0.09063,0.1655,0.05391,127.7,0.1032,0.1663,2.916,0.4674,0.0119,0.01641,1.375,1421.0,0.1845,0.1466,0.3977,0.06091,139.8,21.44,0.1528,0.2293,30.96,0
24.19,0.01276,0.012,0.02882,0.002808,640.7,0.1099,0.05778,0.08842,0.06402,94.28,0.1101,0.1856,1.928,0.2929,0.003818,0.0191,0.857,745.5,0.1788,0.1221,0.256,0.08006,102.8,15.7,0.1313,0.2889,15.98,1
15.05,0.014,0.007624,0.008534,0.003761,313.1,0.08502,0.01915,0.01768,0.06908,65.12,0.1061,0.191,1.641,0.2467,0.007899,0.02637,1.217,375.6,0.144,0.05575,0.06572,0.08797,71.94,11.17,0.1406,0.3055,22.84,1
18.99,0.009442,0.006159,0.006972,0.00206,380.3,0.05978,0.01076,0.008955,0.06144,70.95,0.1018,0.1615,1.968,0.2865,0.006908,0.02694,1.678,458.0,0.1108,0.04306,0.03582,0.07123,79.26,12.36,0.1282,0.2976,28.92,1
60.78,0.07056,0.01848,0.06899,0.006113,645.7,0.2008,0.08653,0.2135,0.07292,96.42,0.1049,0.1949,5.373,0.7036,0.009407,0.017,1.268,959.5,0.6247,0.1785,0.6922,0.1132,119.1,17.67,0.164,0.2844,29.51,0
19.15,0.00466,0.0,0.0,0.002783,181.0,0.04362,0.0,0.0,0.05884,47.92,0.05263,0.1587,2.548,0.3857,0.007189,0.02676,1.428,268.6,0.06444,0.0,0.0,0.07039,59.16,9.456,0.08996,0.2871,30.37,1
14.91,0.01203,0.005179,0.007508,0.001684,562.1,0.04726,0.01117,0.01271,0.05763,85.89,0.07517,0.1421,1.4,0.1689,0.004942,0.01442,1.15,680.6,0.1457,0.05781,0.07934,0.07061,97.11,14.69,0.1108,0.2694,35.63,1
15.24,0.02456,0.008094,0.01018,0.004143,455.8,0.09509,0.02882,0.02855,0.06471,79.08,0.1066,0.188,1.973,0.2005,0.006773,0.02662,0.8163,545.2,0.2585,0.08187,0.09915,0.09241,91.38,13.34,0.1427,0.3469,17.81,1
17.86,0.008704,0.01185,0.01978,0.001671,420.3,0.06141,0.03239,0.03809,0.06095,74.68,0.09774,0.1516,1.742,0.2451,0.006905,0.01897,0.7655,521.5,0.104,0.1099,0.1521,0.07097,84.42,13.01,0.1323,0.2572,21.39,1
93.99,0.01259,0.01038,0.01715,0.001987,1404.0,0.1022,0.08632,0.1097,0.05278,137.2,0.09428,0.1769,4.303,0.6917,0.004728,0.01083,1.127,2615.0,0.26,0.2009,0.3155,0.07526,188.0,29.17,0.1401,0.2822,35.59,0
16.26,0.01666,0.005161,0.01397,0.001858,455.3,0.07838,0.01527,0.02916,0.06284,78.29,0.09087,0.1464,1.678,0.2194,0.004911,0.01454,1.19,547.4,0.2279,0.0569,0.162,0.07729,88.83,13.34,0.1208,0.2406,27.87,1
32.52,0.0494,0.02041,0.06019,0.006,731.3,0.187,0.0852,0.203,0.07083,103.8,0.1183,0.1807,2.937,0.3331,0.009538,0.02105,1.961,909.4,0.4967,0.2163,0.5911,0.1067,117.7,17.11,0.1732,0.3013,36.33,0
31.33,0.02147,0.00956,0.02185,0.003317,545.2,0.1436,0.06158,0.09847,0.06782,87.32,0.1041,0.1974,2.427,0.3704,0.005072,0.01719,0.8249,907.2,0.3724,0.1492,0.3664,0.1027,113.1,17.38,0.153,0.3739,28.0,0
45.5,0.03917,0.01656,0.06072,0.004085,840.4,0.1497,0.08773,0.1811,0.06218,109.0,0.09742,0.2175,2.972,0.4312,0.005635,0.03197,1.022,1165.0,0.4665,0.2248,0.7087,0.09614,129.3,19.38,0.1415,0.4824,31.03,0
22.22,0.01631,0.007513,0.01843,0.001798,446.2,0.09758,0.03326,0.04783,0.06161,78.07,0.1029,0.1937,1.869,0.2841,0.008146,0.02015,1.652,559.5,0.1773,0.06266,0.1603,0.07081,88.33,13.56,0.1432,0.3049,25.8,1
153.4,0.04904,0.01587,0.05373,0.006193,1001.0,0.2776,0.1471,0.3001,0.07871,122.8,0.1184,0.2419,8.589,1.095,0.006399,0.03003,0.9053,2019.0,0.6656,0.2654,0.7119,0.1189,184.6,25.38,0.1622,0.4601,17.33,0
19.2,0.03705,0.01051,0.04757,0.006884,462.9,0.1297,0.0288,0.05892,0.06588,80.64,0.1042,0.1779,2.117,0.2608,0.006715,0.01838,0.873,600.5,0.3593,0.09804,0.3206,0.1118,95.23,14.18,0.1427,0.2819,23.13,1
40.73,0.02569,0.01345,0.02713,0.002658,951.6,0.1198,0.07488,0.1036,0.05491,115.1,0.08968,0.1506,3.088,0.3971,0.00609,0.01594,0.8282,1239.0,0.342,0.1939,0.3508,0.07867,139.5,20.42,0.1381,0.2928,25.84,0
25.78,0.02134,0.01155,0.0199,0.002701,370.0,0.0746,0.02932,0.04944,0.06615,70.39,0.1004,0.1486,3.018,0.3796,0.009519,0.02079,1.743,472.4,0.1644,0.07887,0.1412,0.07732,82.76,12.4,0.1363,0.2251,25.58,1
224.1,0.01112,0.01197,0.02096,0.001803,1546.0,0.08562,0.08465,0.1168,0.05054,140.9,0.09384,0.1717,7.733,1.207,0.005568,0.01263,1.051,3143.0,0.1628,0.182,0.2861,0.06494,199.5,30.75,0.1363,0.251,26.44,0
542.2,0.05374,0.02598,0.08055,0.004558,2501.0,0.1988,0.1689,0.3635,0.05623,186.9,0.1084,0.2061,18.65,2.547,0.00765,0.01697,1.306,4254.0,0.4256,0.2625,0.6833,0.07427,251.2,36.04,0.1357,0.2641,31.37,0
18.54,0.01153,0.007986,0.01798,0.002234,445.2,0.09009,0.02798,0.03781,0.06608,77.83,0.11,0.1657,1.714,0.2513,0.007327,0.01962,0.504,549.9,0.1632,0.07393,0.1622,0.08052,86.92,13.45,0.1521,0.2781,15.77,1
15.75,0.0133,0.006884,0.01693,0.002551,412.6,0.07525,0.0335,0.04196,0.06582,74.34,0.08983,0.162,1.475,0.2315,0.006153,0.01651,0.5391,512.5,0.1851,0.08449,0.1922,0.08756,82.96,13.06,0.1431,0.2772,17.16,1
23.12,0.01415,0.007016,0.01988,0.00197,596.6,0.04831,0.008507,0.02045,0.05474,88.37,0.07026,0.1607,1.709,0.2541,0.003728,0.01647,0.6218,745.3,0.1233,0.04537,0.1091,0.06623,99.66,15.51,0.08484,0.2542,19.97,1
26.65,0.02417,0.01052,0.007816,0.003114,426.7,0.1206,0.01787,0.01171,0.06581,77.23,0.1158,0.2459,2.455,0.361,0.0058,0.02734,1.05,496.2,0.1885,0.04766,0.03122,0.0759,83.09,12.81,0.1293,0.3124,17.72,1
22.93,0.02652,0.007807,0.02221,0.003411,403.1,0.07694,0.01502,0.03344,0.06243,73.59,0.08853,0.1411,2.475,0.3278,0.006652,0.01894,1.059,489.8,0.1789,0.05509,0.1226,0.07638,82.69,12.68,0.1144,0.2208,21.61,1
17.37,0.01263,0.008231,0.009075,0.004414,495.0,0.05794,0.02402,0.0236,0.06275,80.88,0.08785,0.1583,1.527,0.2253,0.006131,0.01713,0.6457,566.9,0.1607,0.08224,0.09385,0.09464,88.12,13.65,0.1314,0.2775,16.92,1
17.67,0.02003,0.01132,0.02335,0.004726,513.7,0.07943,0.0337,0.06155,0.0647,83.14,0.1005,0.173,1.231,0.2094,0.008725,0.02625,0.7636,585.4,0.2068,0.1056,0.2241,0.09584,88.81,13.74,0.1483,0.338,19.93,1
14.34,0.002252,0.001852,0.001595,0.0009683,526.4,0.01938,0.001852,0.001595,0.05234,82.01,0.06251,0.1395,1.101,0.1731,0.003418,0.01613,1.142,608.8,0.03432,0.009259,0.007977,0.05843,88.18,14.0,0.08125,0.2295,29.02,1
130.2,0.02821,0.01471,0.03576,0.003796,1482.0,0.1954,0.1501,0.2448,0.0614,147.2,0.1063,0.1824,7.561,1.008,0.003978,0.01518,0.6999,2227.0,0.3885,0.2432,0.4756,0.08574,195.0,27.66,0.1294,0.2741,25.8,0
106.4,0.04765,0.01519,0.03863,0.005252,1207.0,0.2063,0.1144,0.1784,0.06232,133.6,0.0926,0.1893,7.158,0.8426,0.006356,0.01936,1.199,1926.0,0.5329,0.1941,0.4251,0.1005,178.6,25.05,0.1281,0.2818,36.27,0
47.14,0.03715,0.01851,0.04867,0.00352,705.6,0.1553,0.08815,0.17,0.06284,100.3,0.1039,0.1855,3.706,0.4768,0.00925,0.01498,0.9644,1025.0,0.4203,0.2115,0.5203,0.08234,123.5,18.23,0.1551,0.2834,24.23,0
76.36,0.05296,0.01444,0.0611,0.005036,1024.0,0.08642,0.05778,0.1103,0.0534,117.4,0.07371,0.177,4.312,0.6362,0.00553,0.0214,1.305,1228.0,0.1963,0.09181,0.2535,0.06558,129.1,19.76,0.08822,0.2369,24.7,0
87.87,0.03482,0.01269,0.04232,0.004411,1264.0,0.1313,0.08683,0.1465,0.05649,132.4,0.09078,0.2095,4.554,0.7576,0.006016,0.02657,1.509,1750.0,0.3539,0.1573,0.4098,0.08368,156.1,24.22,0.119,0.3689,31.59,0
19.54,0.04639,0.01606,0.06578,0.004406,657.1,0.133,0.03736,0.1029,0.06147,96.39,0.08473,0.1454,2.224,0.2254,0.004242,0.01638,1.108,733.5,0.3171,0.1105,0.3662,0.08004,105.9,15.48,0.1026,0.2258,27.27,1
21.55,0.03175,0.01135,0.03125,0.005348,464.5,0.1015,0.02822,0.0537,0.06761,79.85,0.1012,0.1551,1.955,0.2949,0.01134,0.01879,1.656,553.0,0.2338,0.08194,0.1688,0.09082,87.36,13.58,0.1452,0.2268,28.68,1
24.28,0.0137,0.009073,0.007276,0.001706,685.9,0.07885,0.03781,0.02602,0.0565,96.22,0.09855,0.178,1.893,0.2713,0.00508,0.0135,1.217,793.7,0.1637,0.08485,0.06648,0.06428,104.6,16.11,0.1216,0.2404,23.0,1
18.33,0.005612,0.008662,0.01585,0.001906,502.5,0.05234,0.02864,0.03653,0.05653,81.37,0.09831,0.159,1.471,0.2368,0.007962,0.02254,0.8732,554.9,0.07061,0.05882,0.1039,0.0641,85.67,13.46,0.1296,0.2383,19.76,1
18.21,0.02337,0.006998,0.01596,0.002211,417.2,0.05688,0.01313,0.01974,0.05878,74.23,0.07474,0.1935,1.961,0.2512,0.006122,0.03194,1.786,476.5,0.1361,0.04815,0.07239,0.06745,81.39,12.44,0.09545,0.3244,31.62,1
19.87,0.01427,0.00566,0.02322,0.002422,449.3,0.09092,0.02749,0.06592,0.06043,78.04,0.1031,0.1675,1.848,0.2636,0.005488,0.01428,0.7294,582.6,0.2156,0.06548,0.305,0.08301,89.88,13.76,0.1494,0.2747,20.7,1
12.07,0.03471,0.00851,0.05028,0.004031,280.5,0.09228,0.02292,0.08422,0.07125,61.64,0.08481,0.2036,1.429,0.1844,0.005954,0.0175,0.9429,353.6,0.3416,0.0812,0.4341,0.09825,71.25,10.75,0.1233,0.2982,23.07,1
77.02,0.01895,0.01232,0.02681,0.001711,1335.0,0.1076,0.08941,0.1527,0.05478,134.8,0.09446,0.1571,4.119,0.6137,0.006211,0.01276,0.6575,1946.0,0.3055,0.2112,0.4159,0.07055,166.8,25.37,0.1562,0.2689,23.17,0
30.57,0.03477,0.01384,0.04545,0.004067,508.3,0.08895,0.04083,0.0739,0.0575,83.05,0.08044,0.1574,2.668,0.3639,0.005421,0.01869,1.265,591.0,0.1812,0.08296,0.1901,0.07053,90.72,13.74,0.09534,0.1988,21.06,1
68.46,0.01503,0.01123,0.01946,0.002581,904.3,0.07304,0.0539,0.0695,0.05223,109.7,0.08772,0.2026,4.106,0.5858,0.005038,0.02294,0.8554,1210.0,0.1486,0.1096,0.1932,0.06469,130.0,19.8,0.1111,0.3275,25.05,0
19.41,0.01541,0.01043,0.01457,0.001593,587.4,0.07688,0.03711,0.04479,0.05853,88.99,0.09516,0.211,1.83,0.2479,0.004235,0.01528,0.9195,670.0,0.1724,0.09993,0.1456,0.06912,98.37,14.98,0.1185,0.2955,21.74,1
44.74,0.03247,0.02853,0.04763,0.005528,594.2,0.09755,0.06615,0.101,0.06457,90.31,0.1248,0.1976,4.091,0.5461,0.01004,0.01715,2.635,653.3,0.1364,0.1015,0.1559,0.07253,94.52,14.62,0.1394,0.216,15.38,1
19.88,0.03207,0.01155,0.03644,0.003204,684.5,0.1096,0.0378,0.06505,0.05907,97.45,0.08371,0.1881,2.276,0.2318,0.004119,0.01391,0.4966,808.2,0.3627,0.1379,0.3402,0.08362,114.2,16.41,0.1136,0.2954,19.31,1
21.2,0.02297,0.01493,0.03114,0.002528,640.1,0.1021,0.05532,0.08487,0.06081,93.97,0.0997,0.1724,2.12,0.2406,0.005706,0.01454,0.7394,766.9,0.2735,0.1599,0.3103,0.07683,108.6,15.85,0.1316,0.2691,19.85,1
16.64,0.01563,0.007584,0.0151,0.001887,512.2,0.09509,0.03088,0.04894,0.06235,83.74,0.08677,0.1778,1.689,0.2143,0.005324,0.02104,0.7712,643.8,0.2548,0.1012,0.209,0.08118,97.17,14.48,0.1312,0.3549,21.82,1
128.7,0.02537,0.01241,0.03109,0.002747,2250.0,0.1914,0.1878,0.2871,0.0577,182.1,0.1094,0.18,5.82,0.8361,0.004631,0.01575,1.481,3216.0,0.4034,0.2688,0.534,0.08082,220.8,33.12,0.1472,0.2856,32.85,0
48.31,0.01484,0.01093,0.02813,0.002461,748.9,0.1223,0.08087,0.1466,0.05796,101.7,0.1092,0.1931,3.094,0.4743,0.00624,0.01397,0.7859,1156.0,0.2394,0.1514,0.3791,0.08019,124.9,19.26,0.1546,0.2837,26.0,0
24.25,0.02336,0.01215,0.02905,0.003643,534.6,0.1231,0.0734,0.1226,0.06777,85.98,0.1158,0.2128,1.897,0.2871,0.006532,0.01743,0.8937,759.4,0.4166,0.2088,0.5006,0.1179,102.8,15.67,0.1786,0.39,27.95,0
19.01,0.01418,0.005142,0.01051,0.002065,457.9,0.06545,0.01692,0.01994,0.06129,78.01,0.08673,0.1638,1.959,0.2575,0.005403,0.01333,0.8073,583.1,0.1928,0.05556,0.1167,0.07961,91.11,13.75,0.1256,0.2661,21.38,1
52.72,0.03108,0.01291,0.03112,0.004506,597.8,0.1768,0.09176,0.1558,0.07421,91.56,0.1323,0.2251,3.909,0.5648,0.008824,0.01998,1.93,1153.0,0.5209,0.2013,0.4646,0.1086,128.5,19.2,0.2226,0.4432,41.85,0
16.16,0.01812,0.007027,0.02007,0.002607,443.3,0.07165,0.01863,0.04151,0.05968,76.95,0.09723,0.2079,1.441,0.2271,0.005969,0.01972,1.255,567.9,0.2003,0.07632,0.2267,0.07924,87.78,13.67,0.1377,0.3379,24.9,1
12.98,0.01469,0.004168,0.0194,0.003537,378.2,0.04768,0.007246,0.02712,0.06214,70.31,0.07741,0.1535,1.263,0.1855,0.004259,0.01191,0.6881,496.7,0.1879,0.05556,0.2079,0.09158,80.79,12.68,0.112,0.259,20.35,1
29.44,0.02444,0.01763,0.04531,0.002142,728.2,0.1036,0.07483,0.1122,0.06097,100.2,0.092,0.1717,2.075,0.3129,0.009882,0.02471,0.8413,830.9,0.1997,0.1476,0.2846,0.06828,107.5,16.43,0.1257,0.2556,25.84,0
120.0,0.05693,0.0203,0.0573,0.005893,1878.0,0.2665,0.1845,0.3339,0.06782,171.5,0.1063,0.1829,7.382,0.8973,0.008166,0.01065,1.474,2562.0,0.6076,0.2867,0.6476,0.1051,211.7,30.0,0.1573,0.2355,33.62,0
24.19,0.06213,0.02234,0.07926,0.005784,685.0,0.2225,0.09711,0.2733,0.06898,102.1,0.09947,0.2041,3.466,0.253,0.006965,0.01499,0.8749,832.7,0.709,0.2475,0.9019,0.1155,125.4,16.35,0.1419,0.2866,27.57,0
54.04,0.008422,0.009863,0.02291,0.001902,982.0,0.06722,0.05596,0.07293,0.05025,114.2,0.08402,0.2129,3.357,0.5506,0.004024,0.05014,1.214,1261.0,0.1202,0.1185,0.2249,0.06111,129.2,20.58,0.1072,0.4882,27.83,0
24.87,0.02115,0.01187,0.01536,0.002815,687.3,0.09823,0.04819,0.0594,0.05852,97.03,0.08992,0.1879,2.171,0.2877,0.005332,0.01522,0.948,809.8,0.303,0.1489,0.1804,0.08472,109.1,16.25,0.1313,0.2962,26.19,1
40.09,0.02855,0.01272,0.02572,0.004108,656.9,0.1365,0.08123,0.1293,0.06758,95.55,0.1137,0.2027,2.735,0.4226,0.003659,0.01817,1.15,985.5,0.429,0.1834,0.3587,0.1094,115.7,17.87,0.1368,0.3698,30.7,0
74.85,0.01376,0.01247,0.02645,0.001589,1274.0,0.08564,0.07726,0.1155,0.05096,131.1,0.0802,0.1928,3.868,0.5925,0.004536,0.02193,0.6863,1657.0,0.1537,0.1425,0.2606,0.05933,150.2,23.06,0.1054,0.3055,23.03,0
59.46,0.04588,0.02127,0.04983,0.00866,713.3,0.2284,0.1242,0.2448,0.07596,103.2,0.1335,0.2398,4.061,0.6592,0.01015,0.01884,1.059,928.8,0.4503,0.2229,0.4429,0.1191,119.8,17.73,0.1765,0.3258,22.66,0
29.34,0.01156,0.005657,0.007741,0.002564,585.9,0.06718,0.009937,0.01055,0.05848,88.37,0.08817,0.1405,2.235,0.3563,0.006432,0.01227,0.4833,706.6,0.1071,0.03312,0.03517,0.0681,97.9,15.27,0.1072,0.1859,17.5,1
104.9,0.1006,0.02638,0.09723,0.007646,1104.0,0.219,0.09961,0.2107,0.06343,128.3,0.09081,0.231,8.83,0.9811,0.006548,0.05333,1.666,1651.0,0.7444,0.2493,0.7242,0.1038,177.4,24.09,0.1247,0.467,33.17,0
22.97,0.06669,0.02047,0.09472,0.01233,392.0,0.1114,0.02757,0.1007,0.07252,73.38,0.08365,0.181,2.569,0.3305,0.01038,0.01219,1.067,450.0,0.2809,0.08272,0.3021,0.1043,79.73,12.04,0.1102,0.2157,18.93,1
87.17,0.01797,0.01744,0.04502,0.003733,918.6,0.1056,0.09934,0.1508,0.06071,111.8,0.1119,0.1727,6.076,0.8161,0.006455,0.01829,2.129,1362.0,0.2053,0.1827,0.392,0.07599,143.2,20.99,0.1449,0.2623,33.15,0
16.39,0.01067,0.009472,0.008347,0.004261,289.9,0.04689,0.01407,0.01103,0.06312,61.5,0.09037,0.2081,1.75,0.2684,0.0138,0.01798,1.409,355.2,0.0937,0.05159,0.04043,0.08175,68.09,10.75,0.1467,0.2841,20.88,1
27.57,0.01292,0.01167,0.01851,0.003213,420.5,0.09263,0.03132,0.04279,0.06401,75.49,0.1128,0.1853,2.554,0.3713,0.008998,0.02152,1.154,549.8,0.1477,0.09815,0.149,0.08024,86.57,13.32,0.1526,0.2804,21.59,1
98.81,0.02961,0.009222,0.02817,0.005126,1033.0,0.1485,0.106,0.1772,0.0631,120.3,0.1148,0.2092,4.877,0.8337,0.003899,0.02674,1.593,1321.0,0.2297,0.1325,0.2623,0.07987,135.1,20.6,0.128,0.3021,24.13,0
18.54,0.02583,0.01276,0.04645,0.003756,629.8,0.1154,0.06139,0.1463,0.05982,93.77,0.1038,0.1926,1.895,0.2027,0.006113,0.01451,1.851,728.3,0.2733,0.1362,0.4234,0.08351,104.3,15.29,0.138,0.2698,34.27,0
39.84,0.04185,0.02258,0.03204,0.004984,674.5,0.1807,0.08534,0.1138,0.06467,99.58,0.115,0.2001,2.796,0.4309,0.009006,0.02353,1.068,762.6,0.2883,0.1423,0.196,0.07779,105.9,16.11,0.1386,0.259,18.33,1
43.5,0.03057,0.01083,0.03576,0.002967,732.4,0.1697,0.08751,0.1683,0.0654,102.4,0.1082,0.1926,3.498,0.439,0.005233,0.01768,1.012,1269.0,0.611,0.2024,0.6335,0.09876,149.3,20.27,0.1641,0.4027,36.71,0
22.77,0.03728,0.01712,0.05915,0.004784,402.0,0.08155,0.02361,0.06181,0.06217,73.53,0.09059,0.1167,1.902,0.3344,0.007356,0.02165,1.108,467.2,0.161,0.06296,0.1648,0.07427,79.12,12.37,0.1121,0.1811,17.7,1
11.28,0.0127,0.006104,0.0145,0.002268,290.9,0.04626,0.01043,0.01541,0.05952,61.68,0.07984,0.1621,1.243,0.1781,0.006588,0.01574,1.687,349.9,0.1109,0.04866,0.0719,0.07211,68.03,10.67,0.111,0.2321,36.92,1
13.04,0.03916,0.01528,0.04017,0.006822,426.0,0.09661,0.02639,0.06726,0.06758,76.31,0.08099,0.1499,1.345,0.1924,0.006982,0.0226,0.6417,473.8,0.2793,0.1056,0.269,0.09879,81.25,12.45,0.1073,0.2604,17.6,1
10.21,0.05416,0.01022,0.07753,0.01178,203.9,0.1305,0.02168,0.1321,0.08261,53.27,0.09405,0.2222,1.243,0.1935,0.01243,0.02309,1.962,249.8,0.431,0.07879,0.5381,0.1486,58.08,9.092,0.163,0.3322,29.72,1
60.41,0.03252,0.01559,0.03915,0.003949,1155.0,0.1558,0.08886,0.2049,0.06,129.1,0.1027,0.1978,4.037,0.5243,0.01061,0.02186,1.802,1417.0,0.2968,0.1564,0.3458,0.07614,144.9,21.65,0.1463,0.292,30.53,0
17.85,0.01372,0.009117,0.01498,0.001343,538.4,0.06877,0.03275,0.02987,0.05781,84.88,0.08671,0.1628,1.539,0.2351,0.004973,0.01724,1.597,629.6,0.1381,0.07958,0.1062,0.06443,92.48,14.37,0.1072,0.2473,37.17,1
23.12,0.02172,0.009061,0.02615,0.003599,584.8,0.1018,0.02369,0.03688,0.06688,89.77,0.09578,0.162,2.076,0.272,0.006298,0.0149,1.047,688.6,0.2037,0.06845,0.1377,0.08492,99.17,15.05,0.1264,0.2249,24.75,1
199.7,0.01478,0.00928,0.02143,0.002299,1419.0,0.1143,0.08646,0.1367,0.05674,135.7,0.09469,0.1769,7.749,1.172,0.004551,0.01367,1.617,3432.0,0.2644,0.1659,0.3442,0.08218,214.0,32.49,0.1401,0.2868,47.16,0
34.68,0.08262,0.03487,0.08099,0.006517,394.1,0.1181,0.05588,0.09274,0.06233,73.72,0.0802,0.2595,2.877,0.4866,0.01574,0.03418,1.905,437.6,0.1843,0.09314,0.1546,0.07009,78.27,11.86,0.1028,0.2955,22.33,1
19.36,0.02809,0.01274,0.03669,0.003956,575.3,0.1147,0.04812,0.09657,0.06181,89.46,0.09057,0.1848,1.804,0.2244,0.00398,0.01581,0.895,708.8,0.3167,0.1407,0.366,0.08839,101.4,15.14,0.1147,0.2744,25.5,1
39.43,0.04877,0.01527,0.05303,0.009368,689.5,0.1167,0.03562,0.0905,0.06493,97.84,0.08138,0.1744,3.271,0.422,0.00579,0.03356,1.909,809.7,0.2521,0.08405,0.25,0.09218,107.1,16.25,0.0997,0.2852,25.47,1
31.59,0.04094,0.01813,0.05371,0.004584,832.9,0.1556,0.08866,0.1793,0.06323,109.3,0.09831,0.1794,2.482,0.3037,0.006627,0.01682,1.284,981.2,0.4667,0.2035,0.5862,0.09519,123.5,17.79,0.1415,0.3054,28.45,0
26.85,0.02895,0.01424,0.03321,0.004452,642.5,0.1141,0.05839,0.09388,0.0639,94.48,0.09752,0.1879,2.376,0.2895,0.008005,0.01462,1.851,826.4,0.3026,0.1565,0.3194,0.09353,109.5,16.33,0.1431,0.2718,30.86,0
23.04,0.02048,0.008848,0.03379,0.002327,659.7,0.078,0.02925,0.08817,0.05746,94.25,0.08388,0.1473,1.994,0.2535,0.004147,0.01394,1.354,830.5,0.2649,0.09594,0.3779,0.07463,108.1,16.3,0.1089,0.2471,28.39,1
15.43,0.03295,0.01167,0.04861,0.006005,467.8,0.1316,0.02799,0.07741,0.07102,81.47,0.1054,0.1811,2.204,0.1767,0.01,0.02187,1.46,515.8,0.2629,0.0737,0.2403,0.09359,89.61,12.88,0.145,0.2556,22.91,1
24.79,0.02507,0.007711,0.01835,0.003856,438.6,0.07849,0.02008,0.03328,0.06194,76.53,0.09768,0.1688,2.0,0.3118,0.007803,0.01278,0.9227,583.0,0.2399,0.07247,0.1503,0.08541,87.54,13.67,0.15,0.2438,26.15,1
69.47,0.05616,0.01127,0.04252,0.006299,929.4,0.183,0.07944,0.1692,0.06487,114.2,0.1071,0.1927,3.705,0.5907,0.00582,0.01527,1.041,1681.0,0.7394,0.1899,0.6566,0.1339,151.6,23.32,0.1585,0.3313,33.82,0
20.95,0.03495,0.01766,0.01865,0.005824,406.4,0.1552,0.04531,0.04515,0.07405,76.37,0.1236,0.2131,2.158,0.2957,0.01288,0.0156,1.978,487.7,0.3251,0.1308,0.1395,0.0997,86.12,12.98,0.1768,0.2803,32.19,1
21.98,0.01017,0.0,0.0,0.001002,349.6,0.04302,0.0,0.0,0.05975,67.49,0.08792,0.1928,2.155,0.3309,0.008713,0.03265,1.925,408.3,0.06791,0.0,0.0,0.06164,73.2,11.54,0.1076,0.271,19.2,1
57.65,0.01842,0.012,0.0371,0.003337,1076.0,0.1206,0.08271,0.1468,0.05629,122.0,0.09029,0.1953,3.055,0.5495,0.003872,0.01964,0.6636,1623.0,0.3206,0.1956,0.5755,0.09288,152.9,24.56,0.1249,0.3956,30.41,0
17.85,0.03051,0.01024,0.03445,0.004723,378.4,0.08194,0.02257,0.04824,0.06552,71.49,0.09566,0.203,1.994,0.28,0.003495,0.02912,1.467,436.6,0.1782,0.06413,0.1564,0.08032,77.8,12.02,0.1087,0.3169,28.26,1
19.98,0.01393,0.006144,0.018,0.001219,666.0,0.06698,0.02791,0.05192,0.05355,94.21,0.08641,0.1409,1.471,0.2204,0.003535,0.01254,1.006,831.0,0.207,0.07828,0.2437,0.06596,106.0,16.46,0.1142,0.2455,25.44,1
17.81,0.01403,0.0,0.0,0.00682,221.2,0.05847,0.0,0.0,0.07359,54.09,0.1074,0.2163,2.222,0.3368,0.02075,0.06146,2.777,240.1,0.07767,0.0,0.0,0.08116,56.65,8.952,0.1347,0.3142,22.44,1
19.29,0.01957,0.01367,0.03304,0.002464,558.1,0.1147,0.05381,0.0858,0.06079,88.1,0.1059,0.1806,1.513,0.2136,0.005442,0.01315,1.332,675.2,0.257,0.1453,0.3438,0.07686,97.33,14.8,0.1428,0.2666,27.2,1
23.31,0.0177,0.008399,0.0231,0.002379,686.9,0.08549,0.03221,0.05539,0.05669,96.45,0.08098,0.1687,1.826,0.2446,0.003271,0.01148,0.4334,906.6,0.2791,0.1147,0.3151,0.08273,112.0,17.18,0.1065,0.2688,18.22,1
96.05,0.01652,0.0137,0.02269,0.001698,1130.0,0.1029,0.07951,0.108,0.05461,123.6,0.09009,0.1582,5.486,0.7888,0.004444,0.01386,0.7975,1866.0,0.2336,0.1789,0.2687,0.06589,165.9,24.86,0.1193,0.2551,26.58,0
36.74,0.01114,0.01463,0.02623,0.001676,1102.0,0.05884,0.05843,0.0802,0.04996,120.9,0.08923,0.155,2.363,0.3283,0.007571,0.0193,0.828,1236.0,0.116,0.1294,0.221,0.05737,129.0,19.96,0.1243,0.2567,24.3,0
23.94,0.07217,0.01432,0.07743,0.01008,475.9,0.2396,0.08543,0.2273,0.08243,83.97,0.1186,0.203,2.039,0.2976,0.007149,0.01789,1.599,711.4,1.058,0.221,1.105,0.2075,97.65,15.09,0.1853,0.4366,40.68,0
30.48,0.008982,0.006565,0.02348,0.002713,278.6,0.05956,0.01406,0.0271,0.06959,59.82,0.1009,0.1506,3.267,0.5079,0.006836,0.01942,1.247,439.6,0.1049,0.05052,0.1144,0.08136,75.79,12.02,0.1333,0.2454,25.02,1
21.69,0.006736,0.0,0.0,0.001688,288.1,0.02344,0.0,0.0,0.06447,60.73,0.0695,0.1653,2.23,0.3539,0.001713,0.03799,4.885,303.8,0.02729,0.0,0.0,0.06559,62.25,9.968,0.07117,0.1909,20.83,1
16.97,0.02982,0.01267,0.05738,0.004738,403.5,0.1021,0.04105,0.1112,0.0657,74.52,0.09261,0.1388,1.936,0.2388,0.0082,0.01488,2.904,474.2,0.2517,0.09653,0.363,0.08732,82.28,12.48,0.1298,0.2112,37.16,1
