id,Date,Location,MinTemp,MaxTemp,Rainfall,Evaporation,Sunshine,WindGustDir,WindGustSpeed,WindDir9am,WindDir3pm,WindSpeed9am,WindSpeed3pm,Humidity9am,Humidity3pm,Pressure9am,Pressure3pm,Cloud9am,Cloud3pm,Temp9am,Temp3pm,RainToday,RISK_MM,y
16342,2013-09-08,Newcastle,16.8,22.5,0.4,,,,,SW,SE,4.0,9.0,78.0,64.0,,,6.0,6.0,19.8,22.0,No,0.0,No
4967,2014-10-01,BadgerysCreek,13.7,20.9,0.0,,,WSW,61.0,SW,SSW,44.0,19.0,26.0,21.0,1017.7,1017.7,,,16.2,20.0,No,0.0,No
19869,2015-05-22,NorahHead,13.5,17.5,2.4,,,S,96.0,WSW,S,17.0,63.0,95.0,77.0,1015.7,1017.6,,,13.5,16.8,Yes,24.4,Yes
17134,2015-11-27,Newcastle,18.6,22.7,0.0,,,,,SE,,9.0,,62.0,,,,8.0,,20.0,,No,0.0,No
1041,2011-11-21,Albury,8.1,23.5,0.0,,,W,33.0,ENE,WSW,4.0,19.0,54.0,36.0,1018.1,1014.3,,,17.0,22.6,No,2.6,Yes
2948,2017-04-24,Albury,11.0,23.3,0.0,,,ESE,17.0,ENE,SE,2.0,9.0,81.0,59.0,1022.3,1016.9,1.0,2.0,15.8,22.8,No,9.6,Yes
1273,2012-07-10,Albury,5.2,11.9,2.4,,,ENE,44.0,SSE,NE,7.0,22.0,95.0,97.0,1020.8,1015.6,7.0,8.0,9.1,11.2,Yes,27.2,Yes
10408,2013-04-24,CoffsHarbour,12.1,23.7,0.0,3.0,10.4,NE,24.0,SSW,ENE,2.0,15.0,64.0,55.0,1019.1,1016.1,1.0,2.0,20.6,22.7,No,0.0,No
7984,2014-11-11,Cobar,16.4,33.0,0.0,11.6,,SW,33.0,SSE,SW,15.0,22.0,21.0,3.0,1016.9,1013.2,1.0,0.0,21.2,31.3,No,0.0,No
14506,2016-11-10,Moree,16.6,31.8,19.6,,,WSW,31.0,ESE,SSW,13.0,13.0,70.0,37.0,1009.4,1007.1,,2.0,22.8,29.9,Yes,0.0,No
21990,2012-11-04,NorfolkIsland,15.7,19.6,0.0,6.0,6.2,ESE,37.0,SE,SE,20.0,22.0,63.0,49.0,1020.7,1019.8,7.0,5.0,17.8,18.6,No,0.0,No
17352,2016-07-10,Newcastle,8.2,18.7,0.2,,,,,,,0.0,,94.0,,,,2.0,,10.9,,No,0.0,No
24101,2010-05-28,Penrith,11.6,20.4,,,,NE,20.0,,NE,,13.0,,54.0,,,,,,20.0,,3.2,Yes
14970,2009-07-25,Newcastle,4.4,18.8,0.0,,,,,N,,4.0,0.0,94.0,38.0,,,0.0,0.0,8.0,17.8,No,0.0,No
7411,2013-04-17,Cobar,9.7,22.9,0.0,7.0,,SW,33.0,SSE,WSW,7.0,15.0,36.0,22.0,1016.6,1013.4,4.0,6.0,16.8,21.8,No,0.0,No
619,2010-08-21,Albury,6.3,12.9,0.0,,,WNW,39.0,WNW,W,17.0,19.0,86.0,68.0,1018.7,1017.8,8.0,3.0,7.0,12.0,No,0.2,No
12466,2010-08-10,Moree,14.1,16.8,3.0,4.2,0.0,NE,56.0,NE,NNE,37.0,17.0,93.0,93.0,1017.5,1013.6,8.0,8.0,14.6,16.2,Yes,10.8,Yes
9067,2009-05-22,CoffsHarbour,15.7,20.2,76.0,,0.0,ESE,87.0,ESE,E,46.0,44.0,90.0,78.0,1014.4,1011.0,8.0,7.0,17.6,19.8,Yes,19.6,Yes
1166,2012-03-25,Albury,6.2,21.0,0.0,,,SSW,24.0,SSE,WNW,2.0,13.0,85.0,46.0,1022.4,1020.5,,,10.2,19.8,No,0.0,No
13638,2014-02-09,Moree,20.2,36.8,0.0,11.2,12.9,NE,39.0,NE,E,28.0,6.0,53.0,29.0,1018.3,1014.1,0.0,1.0,24.4,34.6,No,0.0,No
20714,2009-04-07,NorfolkIsland,18.4,24.5,0.4,5.6,5.4,NE,28.0,NE,SE,13.0,6.0,68.0,63.0,1018.2,1016.3,5.0,6.0,22.3,22.4,No,0.2,No
23334,2016-09-08,NorfolkIsland,15.3,19.0,0.4,4.0,,S,50.0,SSE,SSE,24.0,31.0,63.0,53.0,1026.7,1023.9,8.0,2.0,17.1,16.8,No,0.3,No
21504,2011-07-07,NorfolkIsland,16.6,20.4,0.0,3.8,6.7,W,69.0,NW,WNW,20.0,35.0,70.0,70.0,1013.0,1010.5,1.0,2.0,18.5,19.8,No,1.0,No
14147,2015-10-24,Moree,16.0,30.7,0.0,,,NE,39.0,ENE,N,20.0,9.0,48.0,26.0,1022.1,1017.6,,1.0,21.6,28.8,No,0.0,No
24872,2012-09-08,Penrith,8.1,21.2,0.0,,,W,48.0,SSE,SW,6.0,22.0,41.0,34.0,,,,,15.6,19.8,No,0.0,No
24448,2011-07-08,Penrith,0.6,18.1,0.0,,,WNW,24.0,SSE,NW,4.0,4.0,92.0,40.0,,,,,4.8,16.9,No,0.0,No
16833,2015-01-20,Newcastle,17.4,26.2,38.4,,,,,,NE,0.0,28.0,95.0,68.0,,,8.0,2.0,18.8,25.0,Yes,1.0,No
19599,2014-08-23,NorahHead,10.9,17.8,8.4,,,SE,39.0,SW,SSE,9.0,20.0,97.0,83.0,1030.7,1028.4,,,13.5,16.4,Yes,5.2,Yes
2902,2017-03-05,Albury,19.2,32.4,0.0,,,SE,33.0,S,E,9.0,9.0,77.0,28.0,1013.2,1010.1,2.0,,20.7,31.0,No,0.0,No
12599,2010-12-21,Moree,8.1,28.9,0.0,9.2,13.0,S,39.0,SSE,S,11.0,19.0,36.0,15.0,1011.7,1009.7,1.0,6.0,20.2,27.6,No,0.0,No
5911,2017-05-29,BadgerysCreek,6.9,17.3,0.2,,,WSW,37.0,WSW,SW,15.0,19.0,49.0,35.0,1018.1,1018.6,,,13.0,16.2,No,0.6,No
6168,2009-08-18,Cobar,5.2,18.8,0.0,3.4,10.7,ESE,26.0,ENE,ESE,7.0,11.0,36.0,24.0,1029.4,1025.8,0.0,0.0,13.4,18.4,No,0.0,No
17463,2016-10-30,Newcastle,16.0,30.2,0.0,,,,,NW,,9.0,,75.0,,,,6.0,,21.2,,No,0.0,No
18596,2011-09-05,NorahHead,12.8,22.5,0.0,,,NNE,43.0,N,NE,11.0,24.0,79.0,76.0,1026.9,1023.5,,,17.4,18.7,No,0.0,No
24763,2012-05-21,Penrith,8.2,20.5,0.0,,,NNE,19.0,,ENE,0.0,6.0,99.0,56.0,,,,,12.3,19.8,No,0.4,No
20613,2017-06-21,NorahHead,10.7,18.2,1.6,,,S,44.0,W,WSW,9.0,9.0,83.0,74.0,1025.3,1024.6,,,12.2,17.3,Yes,0.0,No
15384,2010-09-12,Newcastle,6.2,22.0,0.0,,,,,,,,,,,,,2.0,,14.3,,No,0.0,No
7514,2013-07-29,Cobar,10.6,22.7,0.0,4.0,,NNE,35.0,NNE,NW,22.0,15.0,62.0,41.0,1022.8,1019.3,6.0,7.0,13.8,20.9,No,3.4,Yes
14415,2016-08-11,Moree,12.0,16.3,7.6,5.4,,,,,,,,90.0,56.0,1022.1,1020.3,6.0,,13.5,15.8,Yes,0.0,No
1570,2013-07-05,Albury,8.4,12.2,0.0,,,WNW,72.0,WNW,WNW,30.0,20.0,73.0,56.0,1011.7,1014.0,8.0,1.0,9.0,11.5,No,1.6,Yes
6258,2009-11-17,Cobar,23.6,38.2,0.0,16.8,12.1,SW,43.0,SSE,SW,11.0,20.0,16.0,9.0,1006.8,1004.6,1.0,1.0,28.8,36.8,No,0.0,No
4180,2012-05-26,BadgerysCreek,3.1,17.0,0.0,,,WSW,54.0,NW,WSW,15.0,9.0,50.0,50.0,1014.6,1013.1,,,12.3,14.9,No,0.0,No
15857,2012-02-13,Newcastle,18.2,25.8,0.0,,,,,,,0.0,,81.0,,,,2.0,,22.5,,No,3.4,Yes
16555,2014-04-16,Newcastle,15.0,23.2,21.8,,,,,SW,S,4.0,9.0,77.0,59.0,,,7.0,5.0,18.0,21.8,Yes,0.0,No
9939,2011-11-10,CoffsHarbour,18.3,31.5,0.0,5.0,7.7,NE,33.0,NNW,NE,17.0,28.0,46.0,62.0,1012.6,1011.8,3.0,7.0,28.7,25.6,No,0.0,No
16944,2015-05-17,Newcastle,10.5,19.8,12.0,,,,,,SE,0.0,4.0,99.0,65.0,,,6.0,6.0,15.1,18.5,Yes,0.2,No
4476,2013-05-18,BadgerysCreek,5.9,18.5,0.0,,,WSW,33.0,WSW,SW,20.0,17.0,52.0,38.0,1015.0,1012.2,,,13.9,17.9,No,0.0,No
17951,2009-09-22,NorahHead,13.2,29.5,,,,NNW,70.0,,NNW,,43.0,,49.0,,999.7,,,,26.7,,1.6,Yes
9320,2010-01-30,CoffsHarbour,22.3,28.7,0.0,3.2,9.9,SSW,44.0,SSW,SSE,31.0,22.0,70.0,68.0,1014.8,1014.4,5.0,3.0,26.0,27.7,No,10.8,Yes
8130,2015-04-06,Cobar,15.5,26.7,4.4,5.0,,WNW,39.0,N,WNW,4.0,24.0,93.0,37.0,1007.3,1002.2,7.0,6.0,16.5,25.7,Yes,0.0,No
19647,2014-10-11,NorahHead,15.4,22.2,0.0,,,NNE,30.0,,ENE,0.0,15.0,80.0,74.0,1016.7,1014.6,,,18.8,21.5,No,0.2,No
24575,2011-11-14,Penrith,16.6,38.7,0.0,,,W,59.0,SE,NW,2.0,22.0,97.0,23.0,,,,,19.6,36.3,No,0.0,No
5741,2016-11-22,BadgerysCreek,14.5,36.8,0.0,,,E,30.0,S,NNE,4.0,13.0,56.0,22.0,1014.6,1010.6,,,26.2,34.2,No,0.0,No
13024,2012-03-26,Moree,15.7,29.2,0.0,6.8,11.1,NE,37.0,NNE,NNW,15.0,13.0,61.0,34.0,1021.1,1017.6,2.0,4.0,19.6,28.0,No,0.0,No
15993,2012-07-14,Newcastle,4.6,17.2,13.0,,,,,NW,NW,19.0,15.0,74.0,53.0,,,0.0,0.0,11.5,16.2,Yes,0.0,No
55,2009-01-26,Albury,15.7,38.4,0.0,,,S,33.0,SSE,WSW,7.0,7.0,48.0,12.0,1017.7,1014.6,,,23.4,36.5,No,0.0,No
24000,2010-02-06,Penrith,20.0,23.9,92.2,,,S,35.0,SSW,S,13.0,22.0,99.0,89.0,,,,,21.0,23.2,Yes,44.8,Yes
1204,2012-05-02,Albury,7.6,16.3,0.0,,,W,30.0,NE,WNW,17.0,22.0,94.0,89.0,1021.7,1019.5,7.0,8.0,14.2,15.8,No,1.6,Yes
8753,2016-12-31,Cobar,24.0,37.0,2.6,,,NNW,41.0,NNE,SSE,9.0,11.0,,,1004.6,1002.1,5.0,7.0,27.9,36.0,Yes,0.6,No
21037,2010-02-24,NorfolkIsland,19.5,24.1,0.0,5.2,0.3,NE,20.0,NE,S,11.0,13.0,74.0,91.0,1015.9,1015.0,7.0,7.0,23.3,22.6,No,2.2,Yes
10401,2013-04-17,CoffsHarbour,14.7,22.8,7.6,0.4,6.8,SW,26.0,SW,ESE,17.0,9.0,69.0,71.0,1015.9,1013.3,2.0,7.0,20.9,21.9,Yes,0.8,No
17709,2009-01-21,NorahHead,21.1,27.6,0.0,,,S,72.0,N,NE,15.0,37.0,77.0,71.0,1012.3,1008.3,,,24.5,25.6,No,2.0,Yes
21098,2010-04-26,NorfolkIsland,19.7,22.1,1.4,3.2,0.2,N,41.0,NE,NNE,19.0,24.0,93.0,90.0,1018.6,1015.4,8.0,8.0,20.5,21.3,Yes,32.0,Yes
8023,2014-12-20,Cobar,15.5,32.6,0.0,13.8,,SE,33.0,ESE,SE,15.0,13.0,19.0,10.0,1016.3,1012.5,0.0,0.0,23.4,30.7,No,0.0,No
16299,2013-07-27,Newcastle,4.4,19.8,0.0,,,,,,,0.0,0.0,80.0,62.0,,,0.0,2.0,10.0,18.0,No,0.0,No
18511,2011-06-11,NorahHead,10.9,17.1,9.4,,,S,57.0,SW,SSW,15.0,30.0,93.0,85.0,1023.6,1023.7,,,11.9,15.3,Yes,69.2,Yes
6932,2011-10-25,Cobar,17.3,27.0,2.8,11.2,,SSW,41.0,SSE,SW,7.0,20.0,75.0,52.0,1011.4,1011.1,6.0,7.0,21.1,24.4,Yes,0.0,No
16590,2014-05-21,Newcastle,12.7,23.5,0.0,,,,,NW,SW,2.0,4.0,70.0,65.0,,,1.0,3.0,18.0,21.8,No,0.1,No
24961,2013-01-06,Penrith,20.1,35.7,0.0,,,SE,33.0,SSW,SSE,7.0,7.0,75.0,35.0,,,,,24.0,34.3,No,0.0,No
24822,2012-07-19,Penrith,3.9,15.8,0.0,,,SW,31.0,SSE,SSE,2.0,13.0,85.0,58.0,,,,,9.4,14.1,No,0.2,No
7599,2013-10-22,Cobar,21.8,38.1,5.0,13.0,,NW,69.0,N,NNW,19.0,26.0,29.0,14.0,1011.0,1006.7,4.0,7.0,29.0,37.1,Yes,1.4,Yes
18481,2011-05-11,NorahHead,9.2,16.3,0.0,,,WNW,37.0,NW,WNW,11.0,13.0,55.0,51.0,1010.4,1007.1,,,13.7,14.7,No,0.0,No
4246,2012-07-31,BadgerysCreek,2.4,15.2,0.0,,,SW,37.0,SW,S,22.0,11.0,65.0,46.0,1026.5,1023.2,,,10.3,13.4,No,0.0,No
24612,2011-12-21,Penrith,17.5,25.4,0.0,,,ESE,22.0,WSW,E,2.0,7.0,80.0,63.0,,,,,20.1,22.8,No,0.6,No
1683,2013-10-27,Albury,5.3,21.3,0.0,,,NNW,22.0,SSE,WSW,6.0,13.0,68.0,36.0,1023.8,1020.6,,,11.9,20.3,No,0.0,No
17278,2016-04-27,Newcastle,9.8,23.3,0.0,,,,,,,0.0,,88.0,,,,7.0,,15.5,,No,0.2,No
420,2010-01-27,Albury,17.7,36.4,0.0,,,W,43.0,S,WSW,7.0,15.0,45.0,14.0,1011.4,1007.9,,,24.2,35.3,No,0.0,No
4108,2012-03-15,BadgerysCreek,18.4,28.6,0.0,,,E,28.0,,NE,0.0,7.0,89.0,60.0,1017.4,1013.9,,,21.0,27.4,No,0.0,No
21746,2012-03-05,NorfolkIsland,19.1,24.2,0.0,6.8,10.3,E,41.0,ESE,E,17.0,28.0,56.0,52.0,1017.0,1015.2,4.0,4.0,22.4,22.8,No,0.8,No
15362,2010-08-21,Newcastle,5.8,18.0,0.0,,,,,W,NW,4.0,11.0,47.0,52.0,,,0.0,1.0,11.5,16.5,No,0.0,No
4308,2012-10-03,BadgerysCreek,5.0,30.6,0.0,,,NNE,24.0,N,ENE,4.0,7.0,61.0,22.0,1026.2,1019.8,,,17.7,28.7,No,0.0,No
12440,2010-07-15,Moree,6.2,15.9,0.0,3.4,10.1,SSW,41.0,WSW,SW,24.0,28.0,78.0,48.0,1022.5,1021.1,0.0,1.0,10.1,14.8,No,0.0,No
3919,2011-09-05,BadgerysCreek,9.3,24.2,0.0,,,ENE,22.0,S,E,2.0,9.0,100.0,41.0,1026.6,1022.4,,,15.6,23.6,No,0.6,No
20516,2017-03-16,NorahHead,21.5,26.1,12.4,,,NE,54.0,ENE,NE,39.0,31.0,100.0,91.0,1012.1,1008.9,,,23.1,25.4,Yes,9.0,Yes
21375,2011-01-28,NorfolkIsland,20.7,24.1,2.6,2.0,0.9,SE,46.0,S,SW,24.0,24.0,99.0,89.0,1006.1,1006.8,8.0,6.0,21.6,23.1,Yes,0.4,No
13829,2014-09-20,Moree,3.9,24.2,0.0,,,SSW,43.0,ENE,SW,9.0,15.0,22.0,12.0,1022.6,1018.5,,,17.7,23.4,No,0.0,No
20089,2016-01-14,NorahHead,22.2,37.5,0.0,,,S,85.0,NNE,NE,17.0,28.0,91.0,68.0,1012.3,1008.5,,,25.9,30.3,No,26.6,Yes
12260,2010-01-16,Moree,21.6,32.9,0.0,9.6,9.9,SW,59.0,NNE,WNW,28.0,15.0,58.0,40.0,1012.6,1008.0,3.0,4.0,24.9,32.9,No,0.0,No
13607,2014-01-09,Moree,20.3,30.8,0.0,14.2,2.3,ENE,52.0,ENE,NNE,19.0,20.0,56.0,31.0,1019.4,1016.6,7.0,7.0,22.1,29.4,No,0.0,No
19863,2015-05-16,NorahHead,13.8,17.8,7.0,,,SSE,50.0,S,SSE,26.0,31.0,93.0,89.0,1034.4,1032.8,,,16.5,17.2,Yes,0.8,No
2615,2016-05-21,Albury,4.7,17.9,0.0,,,SE,13.0,,ESE,0.0,7.0,91.0,64.0,1027.1,1022.9,,,9.4,16.6,No,0.0,No
12204,2009-11-21,Moree,26.7,42.2,0.0,15.4,12.7,NNE,50.0,NNE,NNE,24.0,19.0,39.0,15.0,1010.6,1006.3,0.0,1.0,31.1,40.3,No,0.0,No
14918,2009-06-03,Newcastle,14.3,20.7,3.4,,,,,,,0.0,0.0,97.0,77.0,,,8.0,7.0,15.8,19.4,Yes,0.0,No
11058,2015-03-25,CoffsHarbour,22.0,24.8,0.0,,,S,37.0,S,SSW,26.0,13.0,81.0,91.0,1015.4,1015.5,8.0,8.0,24.1,22.0,No,0.4,No
16374,2013-10-10,Newcastle,13.8,34.4,0.0,,,,,NW,NW,9.0,46.0,34.0,15.0,,,0.0,0.0,23.5,33.8,No,0.0,No
5738,2016-11-19,BadgerysCreek,15.2,27.3,0.0,,,SE,28.0,SE,E,6.0,15.0,65.0,58.0,1017.8,1017.5,,,22.9,24.7,No,0.0,No
23643,2009-02-02,Penrith,21.2,35.4,0.0,,,ENE,39.0,NE,NE,4.0,13.0,71.0,36.0,,,,,25.4,34.1,No,0.2,No
7242,2012-08-30,Cobar,7.1,17.4,0.0,6.2,,SW,37.0,SSW,SW,19.0,20.0,62.0,25.0,1018.9,1017.2,7.0,7.0,10.7,16.4,No,0.0,No
2069,2014-11-22,Albury,12.6,33.2,0.0,,,W,35.0,ESE,W,9.0,15.0,58.0,21.0,1013.0,1010.1,,2.0,20.1,32.7,No,0.6,No
15602,2011-05-29,Newcastle,7.2,17.8,5.8,,,,,,,0.0,0.0,97.0,79.0,,,7.0,6.0,13.5,16.2,Yes,0.0,No
15952,2012-05-29,Newcastle,12.2,18.7,5.4,,,,,,,0.0,0.0,87.0,66.0,,,7.0,6.0,14.0,17.4,Yes,4.2,Yes
3271,2009-09-20,BadgerysCreek,7.2,28.7,0.0,,,WSW,69.0,ENE,SSW,6.0,19.0,56.0,42.0,1015.2,1010.7,,,19.1,25.9,No,1.0,No
19669,2014-11-02,NorahHead,14.2,21.5,1.2,,,SE,43.0,WSW,SSE,13.0,37.0,32.0,44.0,1017.6,1017.3,,,17.3,19.9,Yes,0.2,No
4146,2012-04-22,BadgerysCreek,12.7,19.8,1.2,,,WSW,11.0,NE,WSW,6.0,6.0,100.0,92.0,1014.5,1011.2,,,15.6,19.3,Yes,1.6,Yes
11060,2015-03-27,CoffsHarbour,20.0,24.7,3.6,,,SSW,50.0,SW,SE,22.0,17.0,49.0,54.0,1020.1,1018.9,,,22.2,23.9,Yes,0.0,No
12220,2009-12-07,Moree,19.7,41.2,0.0,11.4,13.1,NNE,43.0,NNE,NNW,28.0,19.0,33.0,9.0,1012.4,1008.1,0.0,3.0,30.0,40.0,No,0.0,No
11922,2009-02-12,Moree,16.1,33.4,0.0,10.2,12.3,NE,54.0,E,N,26.0,11.0,53.0,22.0,1010.5,1007.6,1.0,7.0,23.0,32.1,No,0.0,No
9116,2009-07-10,CoffsHarbour,10.9,17.5,13.6,3.8,5.3,SSW,46.0,SW,SSW,28.0,31.0,77.0,74.0,1023.4,1021.0,6.0,5.0,14.1,16.4,Yes,9.0,Yes
16329,2013-08-26,Newcastle,7.6,22.2,0.0,,,,,NW,,4.0,0.0,67.0,54.0,,,0.0,6.0,14.6,20.5,No,0.0,No
16275,2013-07-03,Newcastle,6.6,18.5,0.2,,,,,,NE,0.0,4.0,97.0,61.0,,,1.0,0.0,9.2,17.0,No,0.2,No
18877,2012-06-13,NorahHead,12.6,18.3,16.8,,,SSE,52.0,SSE,SW,26.0,13.0,76.0,88.0,1020.1,1018.6,,,16.7,16.0,Yes,1.6,Yes
14522,2016-11-26,Moree,13.5,33.0,0.0,,,W,31.0,E,ESE,13.0,9.0,33.0,17.0,1015.2,1011.5,,,23.5,31.2,No,0.0,No
7585,2013-10-08,Cobar,10.1,25.9,0.0,9.0,,SW,48.0,SE,S,9.0,20.0,32.0,19.0,1017.3,1016.3,0.0,0.0,18.5,24.5,No,0.0,No
24608,2011-12-17,Penrith,14.8,25.3,0.0,,,ESE,22.0,S,NE,2.0,9.0,74.0,47.0,,,,,18.3,23.6,No,0.0,No
2252,2015-05-24,Albury,-0.2,13.9,0.0,,,SE,13.0,,ESE,0.0,9.0,99.0,65.0,1033.3,1030.6,,1.0,3.5,13.3,No,0.0,No
10528,2013-08-22,CoffsHarbour,2.2,18.0,0.0,3.2,,SW,28.0,SW,NE,11.0,20.0,41.0,38.0,1017.3,1014.5,3.0,3.0,14.9,16.9,No,0.0,No
13726,2014-05-21,Moree,9.8,26.4,0.0,3.2,9.9,SW,31.0,ENE,S,11.0,11.0,58.0,30.0,1024.2,1020.9,0.0,2.0,17.5,25.4,No,0.0,No
13634,2014-02-05,Moree,20.0,33.6,0.0,13.4,10.2,ENE,48.0,ESE,SE,19.0,20.0,44.0,29.0,1016.4,1012.5,3.0,7.0,25.2,32.2,No,0.0,No
11345,2016-01-08,CoffsHarbour,17.5,25.8,0.0,,,SW,35.0,SW,SSE,20.0,24.0,53.0,60.0,1019.5,1018.5,,,23.6,24.6,No,0.0,No
8599,2016-07-21,Cobar,11.7,22.1,6.4,0.6,,E,22.0,ENE,WNW,7.0,9.0,93.0,68.0,1018.9,1015.7,1.0,,15.4,21.7,Yes,0.2,No
7570,2013-09-23,Cobar,17.7,32.2,0.0,25.2,,NW,48.0,NNW,N,22.0,26.0,10.0,4.0,1010.8,1006.7,0.0,7.0,25.7,30.7,No,0.0,No
8768,2017-01-15,Cobar,16.5,35.2,0.0,,,S,37.0,SSE,SSW,19.0,19.0,36.0,12.0,1013.3,1010.9,,,22.8,33.7,No,0.0,No
20174,2016-04-08,NorahHead,17.6,22.3,0.0,,,S,28.0,WSW,S,6.0,11.0,90.0,87.0,1023.2,1020.8,,,19.0,20.5,No,1.0,No
9797,2011-06-21,CoffsHarbour,5.3,21.0,0.0,1.6,9.5,NNW,35.0,NW,N,13.0,20.0,58.0,43.0,1013.1,1005.5,1.0,1.0,15.3,20.1,No,0.0,No
13141,2012-07-23,Moree,4.0,17.9,0.0,1.8,10.3,ESE,33.0,SSE,S,17.0,15.0,65.0,41.0,1026.2,1022.5,1.0,2.0,12.5,17.6,No,0.0,No
9816,2011-07-10,CoffsHarbour,0.8,17.5,0.0,1.6,9.5,N,20.0,WSW,NE,9.0,13.0,60.0,47.0,1017.3,1012.7,0.0,0.0,10.0,17.2,No,0.0,No
24475,2011-08-04,Penrith,5.8,25.9,0.0,,,NE,30.0,,NNW,0.0,7.0,97.0,35.0,,,,,11.0,25.6,No,0.0,No
11340,2016-01-03,CoffsHarbour,19.8,22.0,0.0,,,SW,30.0,SW,WSW,17.0,13.0,69.0,87.0,1012.9,1012.5,7.0,8.0,21.3,21.0,No,4.8,Yes
9948,2011-11-19,CoffsHarbour,19.1,28.2,0.2,4.0,13.0,NE,57.0,N,NE,19.0,39.0,67.0,66.0,1017.5,1013.8,1.0,1.0,25.4,25.6,No,0.0,No
18121,2010-04-02,NorahHead,16.5,22.3,0.0,,,S,46.0,WSW,S,7.0,33.0,78.0,67.0,1019.6,1018.2,,,18.7,21.4,No,0.0,No
9874,2011-09-06,CoffsHarbour,11.2,22.5,0.0,3.0,10.6,NE,44.0,NNW,NNE,24.0,31.0,55.0,55.0,1024.6,1019.5,1.0,1.0,19.4,20.3,No,0.0,No
14523,2016-11-27,Moree,14.3,33.9,0.0,,,NE,35.0,NNE,NW,19.0,15.0,56.0,13.0,1015.0,1011.6,,,23.4,33.1,No,0.0,No
22089,2013-04-11,NorfolkIsland,17.3,21.5,16.6,6.8,0.6,E,50.0,E,E,26.0,31.0,85.0,76.0,1019.1,1018.0,7.0,7.0,19.7,20.0,Yes,0.0,No
7907,2014-08-26,Cobar,7.3,18.9,0.4,4.4,,,,,,,,,,,,2.0,3.0,11.2,17.8,No,0.6,No
20755,2009-05-18,NorfolkIsland,17.2,20.5,0.6,1.8,8.3,SSE,41.0,S,S,28.0,24.0,71.0,57.0,1015.6,1014.1,6.0,7.0,18.5,19.7,No,0.0,No
24255,2010-11-11,Penrith,17.2,29.6,21.4,,,NNE,28.0,NNE,WNW,4.0,9.0,78.0,49.0,,,,,20.9,26.9,Yes,0.2,No
7339,2013-01-07,Cobar,27.7,41.1,0.0,18.8,,NE,44.0,NNE,E,30.0,20.0,32.0,17.0,1017.0,1012.8,0.0,0.0,30.4,38.6,No,0.0,No
23489,2017-03-22,NorfolkIsland,19.0,24.0,0.0,6.2,,SSE,30.0,ESE,SE,13.0,15.0,53.0,55.0,1020.1,1017.5,,,22.2,22.4,No,0.0,No
1994,2014-09-04,Albury,0.2,16.3,0.0,,,WSW,24.0,SE,SSW,2.0,9.0,70.0,49.0,1020.1,1017.2,5.0,7.0,8.2,15.5,No,0.0,No
175,2009-05-26,Albury,11.6,18.1,4.2,,,E,19.0,E,SSE,2.0,6.0,97.0,74.0,1021.4,1019.2,8.0,3.0,13.6,17.4,Yes,0.8,No
17403,2016-08-30,Newcastle,9.3,22.2,0.0,,,,,N,,9.0,,94.0,,,,7.0,,13.0,,No,0.0,No
6473,2010-06-20,Cobar,9.5,17.0,0.0,1.8,0.2,SSW,28.0,SW,SW,6.0,9.0,78.0,65.0,1028.2,1027.0,7.0,7.0,13.1,16.0,No,0.0,No
17186,2016-01-18,Newcastle,16.6,26.8,4.2,,,,,,,0.0,,69.0,,,,1.0,,22.0,,Yes,0.0,No
18510,2011-06-10,NorahHead,8.6,16.6,0.0,,,SW,43.0,WNW,SW,9.0,20.0,62.0,62.0,1016.1,1016.5,,,12.6,14.9,No,9.4,Yes
5268,2015-08-01,BadgerysCreek,1.9,21.5,0.0,,,NNW,31.0,SSE,NW,4.0,19.0,100.0,33.0,,,,,7.9,21.0,No,0.0,No
17378,2016-08-05,Newcastle,11.0,15.8,7.6,,,,,,,0.0,,76.0,,,,7.0,,11.5,,Yes,1.2,Yes
12857,2011-10-06,Moree,13.3,16.6,5.0,2.6,0.3,NE,33.0,ENE,NE,15.0,22.0,95.0,94.0,1015.1,1011.4,8.0,8.0,14.4,15.2,Yes,1.8,Yes
21231,2010-09-06,NorfolkIsland,16.8,21.9,0.0,4.4,8.8,N,44.0,NNE,N,20.0,20.0,71.0,65.0,1026.0,1021.9,6.0,1.0,18.8,21.3,No,0.0,No
20700,2009-03-24,NorfolkIsland,18.2,22.6,0.0,6.4,1.1,ESE,50.0,ESE,ESE,17.0,19.0,63.0,63.0,1016.4,1015.0,7.0,7.0,21.5,22.1,No,2.4,Yes
7899,2014-08-18,Cobar,7.3,14.3,1.8,0.8,,SW,39.0,SW,SW,20.0,22.0,93.0,61.0,1015.5,1014.8,8.0,6.0,7.4,13.4,Yes,0.0,No
8041,2015-01-07,Cobar,23.6,36.3,0.0,5.2,,NW,52.0,NE,ENE,20.0,19.0,40.0,24.0,1015.5,1012.7,1.0,6.0,28.7,34.3,No,0.2,No
23248,2016-06-14,NorfolkIsland,14.7,18.5,0.4,14.4,,ESE,54.0,ESE,ESE,24.0,22.0,59.0,66.0,1031.0,1027.4,8.0,8.0,17.7,17.4,No,0.0,No
19265,2013-09-10,NorahHead,17.7,30.3,0.0,,,NNW,57.0,NNW,NNW,31.0,20.0,34.0,33.0,1007.2,1001.4,,,25.1,28.4,No,0.0,No
14160,2015-11-07,Moree,16.9,31.9,0.0,,,SW,35.0,SSW,SSW,15.0,22.0,56.0,31.0,1012.8,1010.1,,3.0,24.3,30.8,No,0.0,No
14122,2015-09-29,Moree,8.1,28.2,0.0,7.4,11.2,WSW,39.0,NNE,WSW,19.0,22.0,45.0,13.0,1020.5,1016.2,1.0,4.0,20.2,27.3,No,0.0,No
1217,2012-05-15,Albury,0.4,17.5,0.0,,,WSW,17.0,N,NW,2.0,6.0,84.0,52.0,1027.0,1024.1,,,7.5,17.2,No,0.0,No
15004,2009-08-28,Newcastle,8.4,26.0,0.0,,,,,NW,,11.0,0.0,35.0,18.0,,,0.0,1.0,17.4,25.4,No,0.2,No
21217,2010-08-23,NorfolkIsland,14.3,18.2,2.0,5.4,10.1,SW,39.0,S,S,17.0,17.0,56.0,57.0,1020.8,1019.2,3.0,4.0,16.2,17.1,Yes,0.0,No
20244,2016-06-17,NorahHead,12.5,19.4,0.0,,,N,39.0,NNW,N,17.0,30.0,73.0,69.0,1018.5,1015.1,,,16.1,19.1,No,4.6,Yes
21506,2011-07-09,NorfolkIsland,11.2,18.1,0.4,4.2,8.4,WSW,48.0,WSW,W,13.0,19.0,57.0,50.0,1019.0,1016.5,1.0,3.0,16.2,17.5,No,0.2,No
24564,2011-11-03,Penrith,14.1,18.1,3.6,,,SE,26.0,ESE,E,4.0,6.0,98.0,83.0,,,,,14.3,16.1,Yes,3.8,Yes
17870,2009-07-02,NorahHead,10.6,18.5,0.0,,,NW,35.0,NNW,W,24.0,13.0,55.0,41.0,1008.2,1006.4,,,15.2,17.8,No,0.0,No
4671,2013-12-02,BadgerysCreek,15.3,27.3,0.0,,,NE,26.0,N,ENE,9.0,9.0,68.0,37.0,1022.6,1018.7,,,18.7,24.9,No,0.0,No
4024,2011-12-21,BadgerysCreek,17.0,24.8,0.0,,,ESE,20.0,SW,E,2.0,9.0,81.0,63.0,1018.5,1016.2,,,18.8,22.7,No,0.6,No
10353,2013-01-30,CoffsHarbour,21.5,26.4,0.2,2.8,9.0,SSW,35.0,SW,S,15.0,17.0,88.0,80.0,1013.4,1013.4,8.0,2.0,22.4,25.6,No,0.0,No
3891,2011-08-08,BadgerysCreek,2.7,17.4,5.0,,,W,30.0,WNW,SSW,2.0,9.0,100.0,45.0,1010.9,1007.8,,,9.9,15.5,Yes,0.0,No
1666,2013-10-09,Albury,5.6,24.3,0.0,,,NNE,28.0,SE,N,9.0,15.0,83.0,45.0,1019.9,1015.2,,,11.9,23.2,No,0.0,No
12273,2010-01-29,Moree,22.2,32.9,1.4,13.4,2.8,,,,,,,70.0,44.0,1008.9,1008.0,7.0,4.0,24.0,30.4,Yes,0.0,No
19831,2015-04-13,NorahHead,14.6,20.2,1.6,,,S,37.0,SW,S,11.0,28.0,84.0,72.0,1023.0,1021.0,,,17.9,19.7,Yes,0.0,No
14518,2016-11-22,Moree,17.3,34.3,0.0,,,ENE,35.0,NNE,ESE,19.0,13.0,40.0,15.0,1017.3,1012.0,,,24.0,33.7,No,0.0,No
10917,2014-09-27,CoffsHarbour,11.0,22.0,0.0,,,,,,,,,62.0,62.0,,,,,19.5,20.9,No,0.2,No
18498,2011-05-28,NorahHead,10.1,16.3,2.8,,,SSE,39.0,W,WSW,15.0,17.0,73.0,91.0,1023.3,1022.2,,,11.9,14.0,Yes,31.4,Yes
389,2009-12-27,Albury,17.6,27.3,0.0,,,ENE,24.0,S,NE,11.0,15.0,61.0,74.0,1016.3,1013.9,1.0,,22.1,22.7,No,0.0,No
8439,2016-02-11,Cobar,23.5,38.0,0.0,12.0,,W,44.0,NNW,NNW,13.0,9.0,25.0,12.0,1011.5,1008.4,7.0,7.0,30.3,37.3,No,0.2,No
56,2009-01-27,Albury,18.5,38.2,0.0,,,NNE,31.0,SE,NNW,9.0,17.0,48.0,25.0,1017.8,1014.1,,,25.8,36.2,No,0.0,No
5046,2014-12-21,BadgerysCreek,13.4,30.5,0.0,,,E,35.0,NNW,ENE,4.0,13.0,66.0,43.0,1018.7,1014.5,,,20.8,29.7,No,0.0,No
11918,2009-02-08,Moree,19.8,36.1,0.0,11.2,12.9,N,30.0,N,NE,19.0,7.0,63.0,25.0,1012.4,1008.4,0.0,0.0,24.0,34.0,No,0.0,No
7084,2012-03-25,Cobar,10.3,24.0,0.0,4.8,,SSE,31.0,SSE,S,7.0,13.0,62.0,29.0,1020.5,1018.2,1.0,0.0,15.4,22.5,No,0.0,No
8266,2015-08-20,Cobar,5.6,21.1,0.0,3.4,,N,31.0,NE,NE,17.0,15.0,48.0,23.0,1026.6,1022.7,1.0,0.0,12.8,20.9,No,0.0,No
23718,2009-04-18,Penrith,13.3,24.1,0.0,,,S,50.0,SSW,SSE,19.0,13.0,62.0,47.0,,,,,19.7,22.9,No,0.0,No
11540,2016-07-21,CoffsHarbour,16.1,18.8,2.8,,,SW,22.0,WSW,SW,13.0,13.0,89.0,89.0,1019.3,1016.2,8.0,8.0,17.1,17.3,Yes,5.8,Yes
14023,2015-06-04,Moree,-0.1,16.4,0.0,2.4,,WSW,22.0,ENE,W,9.0,13.0,76.0,33.0,1023.5,1020.7,0.0,1.0,8.3,15.7,No,0.0,No
23131,2016-02-17,NorfolkIsland,22.7,27.3,15.2,3.6,4.1,NNW,48.0,NNE,NW,24.0,19.0,88.0,83.0,1005.0,1004.1,7.0,7.0,25.0,25.6,Yes,7.0,Yes
8661,2016-09-21,Cobar,13.0,16.0,6.2,2.6,,NW,43.0,WNW,W,19.0,24.0,96.0,84.0,1010.5,1010.0,8.0,8.0,14.8,14.9,Yes,1.4,Yes
7936,2014-09-24,Cobar,16.2,23.2,0.0,8.6,,NE,48.0,NNE,NE,30.0,17.0,52.0,93.0,1018.4,1014.9,7.0,7.0,20.1,16.5,No,13.6,Yes
16661,2014-07-31,Newcastle,13.2,24.5,0.0,,,,,N,NW,19.0,28.0,54.0,21.0,,,0.0,0.0,14.4,23.8,No,0.0,No
1302,2012-08-08,Albury,-0.5,16.3,0.0,,,W,35.0,,NNE,0.0,15.0,87.0,54.0,1022.9,1016.5,1.0,,6.1,15.9,No,11.2,Yes
17096,2015-10-17,Newcastle,16.8,25.2,0.0,,,,,SE,,19.0,,81.0,,,,4.0,,22.0,,No,1.2,Yes
10586,2013-10-19,CoffsHarbour,15.0,22.7,27.2,1.8,,SSW,39.0,SW,S,22.0,22.0,66.0,67.0,1026.8,1024.2,7.0,5.0,19.0,21.1,Yes,2.4,Yes
8941,2009-01-15,CoffsHarbour,19.1,32.2,0.0,7.6,13.2,NNE,61.0,NNW,NNE,31.0,46.0,50.0,57.0,1013.9,1010.4,0.0,1.0,25.1,27.6,No,0.0,No
13271,2013-01-04,Moree,20.9,35.8,0.0,,,ENE,52.0,NNE,NNW,28.0,17.0,57.0,32.0,1014.4,1010.8,,,24.4,33.5,No,0.0,No
24488,2011-08-17,Penrith,6.7,12.7,0.0,,,N,9.0,,NNE,0.0,6.0,99.0,99.0,,,,,9.7,12.3,No,11.2,Yes
9668,2011-01-13,CoffsHarbour,21.1,27.1,9.8,2.4,7.1,ENE,31.0,NE,NNE,11.0,19.0,74.0,63.0,1015.2,1013.6,6.0,2.0,24.8,26.4,Yes,1.2,Yes
2829,2016-12-21,Albury,9.7,28.3,1.2,,,ESE,44.0,NW,WSW,6.0,20.0,47.0,28.0,1013.3,1012.7,,,19.5,26.8,Yes,0.0,No
13132,2012-07-14,Moree,12.5,15.1,40.2,0.6,0.1,WNW,26.0,NW,NW,15.0,9.0,94.0,84.0,1018.0,1016.1,8.0,8.0,13.5,14.2,Yes,0.2,No
16615,2014-06-15,Newcastle,9.0,16.2,0.0,,,,,NE,NW,28.0,28.0,70.0,64.0,,,2.0,7.0,12.4,16.0,No,0.0,No
8227,2015-07-12,Cobar,4.5,10.4,6.2,4.4,,W,65.0,W,W,24.0,31.0,77.0,59.0,1013.1,1010.9,3.0,6.0,6.4,9.2,Yes,4.8,Yes
18054,2010-01-20,NorahHead,17.1,26.6,0.0,,,E,26.0,WNW,E,7.0,22.0,40.0,56.0,1010.6,1008.3,,,23.4,24.8,No,0.0,No
10890,2014-08-30,CoffsHarbour,11.8,22.2,0.0,,,,,,,,,59.0,55.0,,,,,18.2,21.5,No,0.0,No
6670,2011-01-03,Cobar,21.7,36.3,0.0,8.4,,W,50.0,E,SSW,4.0,22.0,46.0,26.0,1009.1,1006.5,3.0,2.0,29.2,34.7,No,0.0,No
711,2010-11-21,Albury,12.7,29.7,0.0,,,N,22.0,E,W,11.0,9.0,70.0,29.0,1022.1,1019.1,5.0,,20.0,29.5,No,0.0,No
11903,2009-01-24,Moree,23.2,35.5,0.0,5.2,10.9,NNE,28.0,N,WNW,15.0,11.0,79.0,47.0,1010.1,1007.4,5.0,7.0,27.0,34.2,No,0.0,No
12943,2012-01-01,Moree,16.9,31.3,0.0,9.2,13.3,NE,33.0,NNE,SSE,17.0,9.0,58.0,34.0,1016.5,1012.6,1.0,4.0,22.4,29.0,No,0.0,No
3396,2010-01-31,BadgerysCreek,19.0,29.8,0.4,,,NNE,54.0,E,,4.0,,79.0,,1016.9,,,,23.9,,No,0.6,No
15400,2010-09-28,Newcastle,13.2,27.5,0.8,,,,,NE,NW,2.0,15.0,70.0,23.0,,,2.0,2.0,21.2,27.0,No,0.0,No
21310,2010-11-24,NorfolkIsland,16.5,20.9,0.0,8.0,8.5,SE,48.0,SE,SE,26.0,26.0,57.0,64.0,1024.5,1022.8,7.0,2.0,17.7,19.7,No,0.0,No
24802,2012-06-29,Penrith,9.1,20.3,0.0,,,SW,11.0,,W,0.0,4.0,99.0,64.0,,,,,10.5,19.5,No,0.2,No
8346,2015-11-08,Cobar,12.9,29.1,0.0,8.8,,S,39.0,SSE,SSW,13.0,24.0,41.0,26.0,1017.2,1014.2,2.0,2.0,18.8,27.9,No,0.0,No
6516,2010-08-02,Cobar,3.8,12.0,0.0,2.4,,SW,46.0,SW,SW,26.0,28.0,73.0,61.0,1026.5,1023.7,1.0,6.0,6.8,10.6,No,0.0,No
6365,2010-03-04,Cobar,18.4,22.5,2.6,7.0,1.8,NE,43.0,ENE,ENE,20.0,24.0,86.0,88.0,1009.8,1007.2,8.0,8.0,18.9,20.8,Yes,12.8,Yes
9277,2009-12-18,CoffsHarbour,21.6,30.6,0.0,8.0,7.9,N,46.0,NNW,SSW,20.0,33.0,57.0,67.0,1014.1,1015.7,1.0,6.0,27.0,24.2,No,7.2,Yes
23822,2009-07-31,Penrith,3.2,20.8,0.2,,,WSW,35.0,WNW,WSW,4.0,15.0,81.0,39.0,,,,,9.2,19.8,No,0.0,No
21045,2010-03-04,NorfolkIsland,19.7,25.0,0.0,6.8,5.9,SE,43.0,SSE,SE,20.0,24.0,74.0,56.0,1012.9,1012.0,7.0,7.0,20.9,24.0,No,0.0,No
5948,2009-01-10,Cobar,19.0,35.5,0.0,12.0,12.3,ENE,48.0,ENE,WSW,30.0,9.0,46.0,28.0,1008.3,1004.0,1.0,5.0,23.4,33.3,No,0.0,No
13083,2012-05-26,Moree,2.1,15.1,0.2,0.3,9.7,WSW,37.0,,SW,0.0,17.0,80.0,41.0,1021.9,1018.5,2.0,3.0,9.1,14.7,No,0.0,No
7145,2012-05-25,Cobar,3.9,13.5,1.6,1.0,,WSW,39.0,NW,WNW,19.0,17.0,75.0,57.0,1017.2,1017.3,6.0,7.0,7.4,12.0,Yes,0.0,No
24269,2010-11-25,Penrith,16.2,33.1,0.0,,,E,35.0,SSE,SE,7.0,13.0,72.0,31.0,,,,,22.4,32.4,No,0.0,No
16902,2015-04-03,Newcastle,18.8,21.3,0.4,,,,,,,0.0,0.0,91.0,90.0,,,8.0,8.0,19.4,20.5,No,31.4,Yes
22482,2014-05-09,NorfolkIsland,15.8,19.4,1.8,2.6,0.1,SSW,37.0,SW,SW,20.0,22.0,67.0,59.0,1017.5,1015.9,8.0,8.0,18.4,18.5,Yes,0.0,No
4004,2011-12-01,BadgerysCreek,13.4,21.4,2.0,,,S,39.0,S,ESE,19.0,11.0,59.0,48.0,1021.3,1020.2,,,15.4,20.0,Yes,0.2,No
24887,2012-09-23,Penrith,7.8,30.6,0.0,,,NNW,41.0,N,W,7.0,15.0,98.0,23.0,,,,,13.6,29.7,No,0.0,No
13997,2015-04-25,Moree,10.5,26.3,0.0,,,WNW,48.0,NNE,NW,13.0,31.0,52.0,24.0,1010.5,1007.5,,,19.0,25.4,No,0.0,No
1589,2013-07-24,Albury,1.9,14.7,0.0,,,W,17.0,SE,W,7.0,6.0,100.0,56.0,1030.7,1028.9,7.0,,3.6,14.0,No,0.0,No
87,2009-02-27,Albury,15.4,32.6,0.0,,,W,24.0,,S,0.0,6.0,53.0,25.0,1016.2,1012.6,,,20.0,30.8,No,0.0,No
19911,2015-07-03,NorahHead,8.0,15.1,0.0,,,SSW,41.0,SW,SSW,19.0,22.0,60.0,68.0,1025.5,1024.3,,,10.5,14.3,No,0.0,No
15082,2009-11-14,Newcastle,12.0,27.0,0.0,,,,,N,NE,4.0,4.0,69.0,55.0,,,2.0,1.0,21.0,26.0,No,0.0,No
19891,2015-06-13,NorahHead,13.2,20.4,0.0,,,N,28.0,NW,NNE,6.0,15.0,70.0,63.0,1031.1,1027.1,,,15.8,18.0,No,0.2,No
8695,2016-10-25,Cobar,8.8,28.4,0.0,6.6,,WNW,33.0,NNE,NNW,17.0,17.0,,,1018.8,1015.3,,,17.9,27.6,No,0.0,No
9869,2011-09-01,CoffsHarbour,10.6,21.1,0.0,2.0,,WSW,26.0,SE,ENE,9.0,15.0,64.0,57.0,1023.3,1020.5,1.0,2.0,19.3,20.7,No,6.6,Yes
19993,2015-10-09,NorahHead,17.2,24.7,0.0,,,NE,41.0,NNE,NE,28.0,31.0,61.0,68.0,1034.2,1029.8,,,19.5,22.1,No,0.0,No
14275,2016-03-24,Moree,16.4,32.9,0.0,8.0,,NE,33.0,ENE,NE,20.0,7.0,58.0,23.0,1020.0,1016.2,1.0,2.0,22.2,31.2,No,0.0,No
11255,2015-10-08,CoffsHarbour,17.0,20.0,0.0,,,SW,48.0,SW,SSE,24.0,17.0,77.0,79.0,1036.3,1034.0,8.0,8.0,18.0,19.5,No,2.6,Yes
8639,2016-08-30,Cobar,11.5,23.3,0.0,,,N,35.0,NE,NNE,17.0,20.0,59.0,50.0,1022.0,1018.5,4.0,8.0,14.4,20.6,No,23.6,Yes
17683,2017-06-19,Newcastle,13.0,20.3,20.0,,,,,W,,28.0,,84.0,,,,6.0,,15.0,,Yes,0.6,No
19843,2015-04-25,NorahHead,16.4,25.9,0.0,,,NE,65.0,WNW,NE,9.0,20.0,64.0,64.0,1008.7,1005.0,,,20.5,22.6,No,22.4,Yes
4570,2013-08-22,BadgerysCreek,-0.1,17.5,,,,WNW,43.0,NNE,NW,9.0,17.0,84.0,43.0,1013.5,1010.2,,,6.1,15.9,,0.0,No
13752,2014-06-23,Moree,5.3,21.4,0.4,10.2,9.2,NNW,37.0,ENE,NW,15.0,19.0,70.0,26.0,1019.2,1014.5,4.0,7.0,11.6,20.9,No,0.0,No
13700,2014-04-22,Moree,11.4,29.8,0.0,5.0,10.0,N,35.0,N,N,22.0,17.0,51.0,31.0,1020.4,1016.3,7.0,7.0,22.6,28.4,No,0.0,No
10378,2013-03-24,CoffsHarbour,19.5,30.0,1.4,2.8,,WNW,33.0,SE,W,4.0,17.0,82.0,83.0,1015.8,1013.2,1.0,8.0,24.5,22.0,Yes,1.7,Yes
14164,2015-11-11,Moree,19.0,32.5,0.0,8.8,12.0,NE,41.0,NNE,E,28.0,11.0,55.0,30.0,1016.1,1013.9,2.0,6.0,23.9,31.3,No,0.0,No
2053,2014-11-06,Albury,7.8,25.8,0.0,,,WNW,30.0,SE,W,9.0,13.0,62.0,25.0,1015.5,1013.0,2.0,2.0,15.7,24.7,No,0.0,No
13780,2014-07-23,Moree,5.3,20.8,0.0,2.8,8.3,E,28.0,E,NNE,19.0,11.0,59.0,32.0,1024.4,1019.5,6.0,7.0,12.5,20.8,No,0.0,No
20956,2009-12-05,NorfolkIsland,16.8,23.2,0.0,7.4,13.1,S,30.0,S,SSE,15.0,19.0,48.0,45.0,1019.8,1018.4,2.0,1.0,21.3,22.6,No,0.0,No
8729,2016-12-07,Cobar,14.0,32.0,5.4,31.2,,SSE,41.0,ESE,S,9.0,11.0,,,1015.4,1011.8,,,20.4,29.8,Yes,0.2,No
21855,2012-06-22,NorfolkIsland,13.3,19.4,0.0,2.8,9.0,NE,22.0,S,NE,2.0,13.0,62.0,63.0,1023.8,1022.7,1.0,1.0,18.0,18.0,No,0.0,No
1699,2013-11-12,Albury,12.1,18.6,4.4,,,W,46.0,SSE,W,11.0,26.0,75.0,65.0,1015.0,1011.4,8.0,8.0,14.3,17.1,Yes,0.4,No
8415,2016-01-18,Cobar,19.3,34.5,0.0,9.0,,E,33.0,ENE,S,19.0,9.0,38.0,19.0,1016.8,1014.0,7.0,5.0,24.5,32.2,No,0.0,No
8642,2016-09-02,Cobar,13.0,16.0,22.0,,,N,52.0,SE,NE,13.0,22.0,97.0,97.0,1004.4,995.8,8.0,8.0,13.7,16.3,Yes,19.8,Yes
4858,2014-06-14,BadgerysCreek,13.2,20.2,5.6,,,W,24.0,,W,0.0,6.0,100.0,55.0,1012.5,1009.0,,,12.5,19.9,Yes,0.0,No
6482,2010-06-29,Cobar,0.0,12.7,0.0,1.4,10.6,N,24.0,NE,NNE,7.0,11.0,67.0,39.0,1022.6,1019.7,0.0,0.0,6.6,11.8,No,0.0,No
3703,2011-01-01,BadgerysCreek,16.8,37.4,0.0,,,E,28.0,N,ENE,2.0,7.0,74.0,27.0,1013.8,1009.3,,,24.4,36.7,No,0.0,No
10106,2012-04-26,CoffsHarbour,8.3,22.9,,,,S,35.0,SW,WSW,19.0,13.0,49.0,47.0,1017.2,1016.4,,,18.7,22.3,,0.0,No
1499,2013-04-22,Albury,10.6,14.6,7.0,,,WNW,26.0,NNW,W,11.0,11.0,90.0,79.0,1010.7,1010.3,8.0,8.0,11.7,14.2,Yes,1.6,Yes
7270,2012-09-27,Cobar,14.3,34.9,0.0,8.0,,NNE,52.0,NNE,NNW,19.0,20.0,27.0,6.0,1015.4,1010.6,1.0,3.0,24.8,33.9,No,0.0,No
10268,2012-10-05,CoffsHarbour,10.6,32.7,0.0,4.4,,SSW,41.0,ESE,NNE,7.0,26.0,41.0,26.0,1019.0,1014.5,0.0,1.0,26.5,28.9,No,0.0,No
24367,2011-03-18,Penrith,20.1,26.0,0.2,,,S,31.0,S,SE,17.0,20.0,77.0,65.0,,,,,20.9,23.7,No,0.0,No
15501,2011-01-13,Newcastle,22.4,29.9,0.0,,,,,NE,NE,6.0,11.0,67.0,57.0,,,2.0,4.0,25.6,28.5,No,0.0,No
22760,2015-02-11,NorfolkIsland,20.7,25.5,0.4,7.8,11.0,ESE,54.0,ESE,ESE,28.0,31.0,66.0,62.0,1019.9,1018.2,3.0,3.0,22.7,24.3,No,0.8,No
18280,2010-09-19,NorahHead,12.5,18.8,0.0,,,SSE,30.0,SW,SE,6.0,7.0,63.0,73.0,1021.9,1020.0,,,15.5,17.1,No,0.0,No
23520,2017-04-24,NorfolkIsland,18.5,23.7,0.0,,,ESE,33.0,ESE,SE,17.0,15.0,61.0,53.0,1018.1,1016.5,8.0,1.0,21.5,22.0,No,0.0,No
18251,2010-08-20,NorahHead,10.9,19.3,,,,WNW,35.0,WNW,W,7.0,9.0,48.0,34.0,1013.4,1011.1,,,15.5,19.0,,0.0,No
18484,2011-05-14,NorahHead,10.7,16.2,0.0,,,SW,39.0,WSW,SW,15.0,17.0,44.0,40.0,1015.8,1017.5,,,13.4,15.7,No,0.0,No
11262,2015-10-15,CoffsHarbour,17.6,24.4,4.4,,,NE,33.0,SW,NE,7.0,22.0,89.0,67.0,1026.7,1024.5,6.0,,19.9,23.7,Yes,0.0,No
14616,2017-02-28,Moree,17.0,30.5,0.0,,,ESE,46.0,ESE,ESE,13.0,33.0,54.0,39.0,1018.1,1015.1,1.0,8.0,23.5,28.2,No,0.0,No
1658,2013-10-01,Albury,15.8,17.2,1.6,,,WNW,72.0,N,WNW,17.0,30.0,87.0,56.0,1002.9,1008.0,8.0,8.0,16.3,15.7,Yes,4.0,Yes
13068,2012-05-09,Moree,6.8,27.4,0.0,4.6,10.5,SW,28.0,E,SW,13.0,13.0,47.0,18.0,1023.0,1019.7,0.0,0.0,16.9,26.7,No,0.0,No
9024,2009-04-09,CoffsHarbour,16.1,22.3,9.2,3.0,1.8,WSW,31.0,SW,SE,19.0,7.0,89.0,74.0,1024.4,1022.0,7.0,5.0,18.1,21.0,Yes,2.0,Yes
4220,2012-07-05,BadgerysCreek,5.5,15.3,0.0,,,SSW,39.0,SW,SSW,20.0,15.0,63.0,57.0,1031.8,1030.7,,,11.0,14.8,No,1.2,Yes
7465,2013-06-10,Cobar,9.2,18.4,18.2,1.6,,SW,31.0,E,SE,7.0,7.0,97.0,82.0,1021.4,1019.6,7.0,7.0,13.5,18.1,Yes,0.8,No
21094,2010-04-22,NorfolkIsland,16.3,22.2,0.4,3.4,8.1,SSE,33.0,ESE,SE,17.0,20.0,71.0,58.0,1024.0,1021.8,6.0,7.0,19.6,21.3,No,0.4,No
14381,2016-07-08,Moree,8.8,17.8,0.0,,,SW,28.0,WSW,WSW,9.0,15.0,84.0,62.0,1020.9,1019.0,5.0,8.0,11.9,17.0,No,0.2,No
11203,2015-08-17,CoffsHarbour,9.9,20.4,0.6,,,NNW,28.0,NW,E,13.0,13.0,57.0,54.0,1018.4,1014.1,,,17.9,20.0,No,0.0,No
9611,2010-11-17,CoffsHarbour,17.4,20.6,50.2,5.8,0.3,SW,39.0,SW,SW,17.0,22.0,94.0,80.0,1014.1,1013.2,8.0,8.0,17.9,20.2,Yes,4.4,Yes
10791,2014-05-23,CoffsHarbour,14.6,24.4,0.0,,,,,,,,,72.0,58.0,,,,,20.3,23.4,No,0.0,No
3635,2010-10-24,BadgerysCreek,11.8,16.9,4.0,,,S,35.0,SW,SSW,17.0,19.0,90.0,92.0,1022.3,1021.6,,,11.8,13.6,Yes,7.0,Yes
20116,2016-02-10,NorahHead,19.7,29.8,0.4,,,NE,39.0,NW,NE,6.0,26.0,74.0,63.0,1016.5,1013.3,,,23.7,27.3,No,0.0,No
24854,2012-08-20,Penrith,2.5,18.9,0.0,,,NNE,17.0,E,NNE,2.0,6.0,79.0,36.0,,,,,8.9,18.5,No,0.0,No
15695,2011-08-30,Newcastle,12.2,19.2,0.0,,,,,SW,S,4.0,9.0,78.0,62.0,,,6.0,4.0,16.6,18.5,No,0.0,No
13201,2012-09-22,Moree,7.0,26.9,0.0,2.8,11.5,S,31.0,SSW,SW,9.0,11.0,46.0,10.0,1016.5,1011.9,0.0,0.0,18.2,26.1,No,0.0,No
4115,2012-03-22,BadgerysCreek,16.6,18.9,0.0,,,SSE,35.0,SSW,,9.0,0.0,82.0,78.0,1010.0,1008.1,,,16.7,18.5,No,3.6,Yes
16634,2014-07-04,Newcastle,4.4,20.2,0.0,,,,,NW,N,4.0,9.0,58.0,36.0,,,0.0,0.0,10.6,19.2,No,0.1,No
9840,2011-08-03,CoffsHarbour,8.5,21.3,0.0,2.0,10.2,NE,37.0,NNW,NE,9.0,28.0,62.0,56.0,1025.5,1024.0,0.0,0.0,17.5,19.7,No,0.0,No
3827,2011-06-04,BadgerysCreek,6.2,17.9,0.0,,,SW,17.0,NE,,2.0,0.0,98.0,69.0,1015.5,1013.9,,,10.0,17.1,No,0.0,No
6509,2010-07-26,Cobar,1.1,17.5,0.0,2.2,,SE,30.0,SSE,ESE,4.0,13.0,85.0,41.0,1032.8,1030.6,0.0,1.0,6.6,17.1,No,0.0,No
10159,2012-06-18,CoffsHarbour,5.1,19.1,0.0,2.4,9.5,SW,33.0,NW,SSE,6.0,13.0,62.0,40.0,1022.3,1019.9,1.0,1.0,14.7,18.2,No,0.0,No
20601,2017-06-09,NorahHead,13.2,19.4,3.4,,,S,61.0,WSW,S,11.0,39.0,87.0,88.0,1026.6,1025.4,,,14.8,17.3,Yes,26.6,Yes
11277,2015-10-30,CoffsHarbour,14.4,24.0,2.6,,,NNE,35.0,SSE,NE,13.0,24.0,71.0,58.0,1023.6,1021.2,7.0,,19.7,23.5,Yes,0.0,No
3847,2011-06-24,BadgerysCreek,0.8,17.7,0.0,,,W,22.0,NNE,SW,2.0,7.0,90.0,48.0,1026.7,1024.6,,,8.5,17.1,No,0.0,No
13862,2014-11-01,Moree,19.3,36.4,,,,SW,69.0,NNE,NNW,37.0,30.0,65.0,24.0,1011.1,1005.0,1.0,,23.8,34.6,,3.8,Yes
3789,2011-03-28,BadgerysCreek,13.7,24.3,1.2,,,E,26.0,WSW,ENE,13.0,15.0,82.0,70.0,1027.4,1026.0,,,17.5,21.4,Yes,0.0,No
4287,2012-09-12,BadgerysCreek,5.8,24.9,0.0,,,NNE,28.0,N,NNE,9.0,13.0,76.0,41.0,1023.3,1014.9,,,14.6,24.2,No,0.0,No
22917,2015-07-18,NorfolkIsland,15.9,19.4,27.8,3.8,7.7,WNW,65.0,W,W,39.0,43.0,58.0,63.0,1012.1,1011.1,2.0,2.0,17.6,18.8,Yes,0.0,No
18255,2010-08-24,NorahHead,9.6,19.8,1.2,,,NW,35.0,WNW,W,9.0,7.0,62.0,36.0,1013.0,1008.4,,,14.4,19.2,Yes,0.0,No
15877,2012-03-06,Newcastle,17.6,24.0,0.0,,,,,SE,SE,4.0,28.0,66.0,63.0,,,3.0,5.0,22.0,23.0,No,50.4,Yes
10233,2012-08-31,CoffsHarbour,10.0,17.7,0.0,2.5,,S,41.0,SW,SE,20.0,13.0,48.0,40.0,1018.3,1014.6,6.0,1.0,15.6,16.9,No,0.0,No
12264,2010-01-20,Moree,11.5,32.3,0.0,10.4,13.4,SW,35.0,NNE,WSW,7.0,6.0,52.0,17.0,1013.2,1010.1,0.0,0.0,19.8,30.2,No,0.0,No
19772,2015-02-13,NorahHead,22.2,28.0,0.0,,,NNE,41.0,SE,SE,13.0,19.0,69.0,64.0,1023.7,1022.7,,,24.7,27.1,No,0.0,No
5830,2017-03-09,BadgerysCreek,16.0,23.5,0.4,,,SSW,28.0,SSW,ESE,9.0,9.0,94.0,61.0,1017.5,1016.1,,,18.7,22.4,No,0.0,No
16581,2014-05-12,Newcastle,11.9,22.2,15.7,,,,,,SE,0.0,9.0,90.0,59.0,,,6.0,5.0,16.0,21.0,Yes,8.6,Yes
1151,2012-03-10,Albury,10.8,25.9,0.0,,,W,28.0,,WNW,0.0,13.0,77.0,39.0,1014.3,1013.9,,,15.5,24.8,No,0.0,No
13110,2012-06-22,Moree,6.6,22.2,0.0,3.6,6.7,WSW,44.0,N,WNW,22.0,28.0,65.0,28.0,1014.1,1011.9,6.0,7.0,15.4,20.5,No,0.0,No
22709,2014-12-22,NorfolkIsland,19.4,23.0,71.0,,0.2,E,39.0,WNW,ENE,9.0,13.0,95.0,95.0,1014.0,1013.7,8.0,8.0,20.5,20.4,Yes,32.6,Yes
921,2011-07-19,Albury,0.4,14.5,1.8,,,WSW,13.0,NW,,4.0,0.0,99.0,66.0,1020.4,1017.8,,,3.4,14.0,Yes,0.2,No
1123,2012-02-11,Albury,11.5,27.8,0.0,,,S,35.0,SSE,WNW,9.0,11.0,69.0,42.0,1011.7,1009.2,,8.0,16.6,25.1,No,3.2,Yes
10920,2014-09-30,CoffsHarbour,11.0,30.0,0.0,,,,,,,,,66.0,62.0,,,,,22.5,24.5,No,0.0,No
16315,2013-08-12,Newcastle,9.4,27.0,0.0,,,,,,NW,0.0,19.0,70.0,27.0,,,2.0,6.0,15.2,26.0,No,0.0,No
15922,2012-04-29,Newcastle,10.7,21.7,0.0,,,,,NW,SE,6.0,9.0,68.0,80.0,,,1.0,8.0,17.0,17.0,No,1.0,No
15987,2012-07-03,Newcastle,4.9,16.8,0.0,,,,,NW,,4.0,0.0,73.0,38.0,,,0.0,2.0,8.5,15.2,No,0.0,No
2156,2015-02-17,Albury,20.5,33.9,0.0,,,NNE,37.0,SE,NW,9.0,20.0,66.0,27.0,1014.1,1012.4,,8.0,25.2,32.6,No,0.0,No
20723,2009-04-16,NorfolkIsland,20.2,23.7,0.0,5.4,1.7,NE,54.0,NE,NE,31.0,33.0,65.0,78.0,1014.6,1011.1,8.0,8.0,21.9,22.0,No,5.8,Yes
11146,2015-06-21,CoffsHarbour,9.7,18.6,0.0,,,SSW,37.0,WSW,S,22.0,24.0,60.0,54.0,1026.7,1025.9,5.0,,14.9,17.9,No,0.0,No
17959,2009-09-30,NorahHead,12.9,25.3,0.0,,,NE,50.0,NE,NE,9.0,31.0,64.0,60.0,1018.2,1012.6,,,19.7,20.6,No,0.0,No
15536,2011-02-17,Newcastle,21.1,32.2,0.0,,,,,,SE,0.0,7.0,75.0,91.0,,,6.0,7.0,24.0,21.5,No,41.8,Yes
23276,2016-07-12,NorfolkIsland,13.1,19.7,3.0,2.6,,E,30.0,E,ENE,17.0,15.0,68.0,59.0,1022.7,1021.3,1.0,1.0,17.5,18.7,Yes,0.0,No
24172,2010-08-09,Penrith,3.2,18.7,0.0,,,NE,20.0,WNW,N,6.0,9.0,99.0,42.0,,,,,7.3,18.0,No,5.4,Yes
6101,2009-06-12,Cobar,1.9,12.8,0.0,1.2,6.8,NE,26.0,E,NNW,11.0,7.0,73.0,50.0,1025.4,1021.3,3.0,7.0,6.9,12.1,No,0.0,No
15623,2011-06-19,Newcastle,6.5,18.1,0.0,,,,,NW,,4.0,0.0,72.0,49.0,,,1.0,0.0,11.5,16.2,No,0.0,No
17294,2016-05-13,Newcastle,12.8,25.2,0.0,,,,,N,,19.0,,69.0,,,,1.0,,16.6,,No,0.0,No
21278,2010-10-23,NorfolkIsland,14.8,19.2,0.8,3.0,1.0,E,37.0,E,ENE,24.0,20.0,68.0,66.0,1023.5,1021.5,7.0,8.0,17.6,17.7,No,4.6,Yes
19248,2013-08-19,NorahHead,13.1,22.3,0.0,,,WSW,44.0,N,W,24.0,17.0,42.0,31.0,1010.9,1006.7,,,18.0,20.4,No,0.0,No
11979,2009-04-10,Moree,14.8,28.1,0.0,6.2,6.0,NE,41.0,NE,NNE,24.0,15.0,58.0,36.0,1022.9,1019.0,6.0,6.0,21.2,26.6,No,0.0,No
14615,2017-02-27,Moree,15.8,32.7,0.0,,,E,57.0,ESE,SE,13.0,13.0,54.0,27.0,1019.0,1014.9,1.0,5.0,22.4,31.0,No,0.0,No
19696,2014-11-29,NorahHead,19.3,27.7,0.0,,,NNE,46.0,NNE,NE,13.0,28.0,69.0,66.0,1019.3,1015.5,,,22.9,24.7,No,0.0,No
129,2009-04-10,Albury,11.6,26.7,0.0,,,W,48.0,SE,NE,6.0,11.0,59.0,42.0,1021.5,1017.7,8.0,7.0,16.4,24.3,No,8.4,Yes
2286,2015-06-27,Albury,2.3,13.2,0.0,,,W,19.0,,SE,0.0,6.0,100.0,68.0,1035.0,1032.2,7.0,5.0,6.1,11.3,No,0.2,No
12028,2009-05-29,Moree,9.0,19.9,2.8,1.6,5.9,SSW,28.0,SW,SW,2.0,19.0,100.0,47.0,1021.3,1019.0,8.0,1.0,10.7,19.6,Yes,0.0,No
6688,2011-01-21,Cobar,23.3,36.0,0.0,11.6,,SE,54.0,NE,NE,22.0,11.0,53.0,25.0,1010.8,1008.6,2.0,5.0,26.6,35.1,No,5.0,Yes
22902,2015-07-03,NorfolkIsland,15.8,19.7,3.2,2.6,3.1,WSW,54.0,NNW,WNW,9.0,13.0,93.0,75.0,1013.1,1008.0,8.0,2.0,16.9,18.6,Yes,8.0,Yes
14313,2016-05-01,Moree,21.4,24.7,0.0,,,SW,48.0,WNW,SSW,19.0,2.0,72.0,83.0,1018.6,1017.0,8.0,8.0,22.6,19.6,No,3.0,Yes
12318,2010-03-15,Moree,16.6,30.4,0.0,8.0,9.6,SSW,43.0,ESE,E,15.0,7.0,46.0,26.0,1023.9,1019.0,6.0,6.0,22.9,29.2,No,0.0,No
12724,2011-05-25,Moree,7.8,14.3,1.6,1.4,5.7,WSW,43.0,SW,SW,20.0,28.0,91.0,69.0,1013.3,1011.5,7.0,6.0,9.3,13.7,Yes,0.0,No
2032,2014-10-16,Albury,3.5,19.3,0.2,,,WNW,39.0,E,WNW,2.0,26.0,70.0,44.0,1019.5,1018.3,,2.0,10.0,17.9,No,0.0,No
4109,2012-03-16,BadgerysCreek,19.3,29.6,0.0,,,NW,78.0,,NNE,0.0,6.0,92.0,63.0,1013.0,1008.7,,,21.6,28.3,No,39.2,Yes
3163,2009-06-02,BadgerysCreek,10.5,18.7,0.0,,,SSW,15.0,SW,,9.0,0.0,91.0,75.0,1030.2,1027.3,,,13.6,17.2,No,8.6,Yes
1281,2012-07-18,Albury,7.7,15.3,0.0,,,WSW,39.0,SW,NW,4.0,19.0,84.0,69.0,1020.7,1017.8,2.0,8.0,10.8,11.9,No,0.6,No
5721,2016-11-02,BadgerysCreek,6.4,27.6,0.0,,,S,37.0,WSW,WSW,15.0,13.0,47.0,24.0,1014.9,1012.0,,,18.6,26.6,No,0.0,No
20212,2016-05-16,NorahHead,16.0,23.1,0.0,,,NE,28.0,WSW,NE,9.0,11.0,64.0,69.0,1021.1,1018.0,,,18.9,21.5,No,0.0,No
4040,2012-01-06,BadgerysCreek,17.8,21.9,1.8,,,SSE,31.0,S,SE,13.0,15.0,76.0,63.0,1015.7,1016.2,,,18.3,19.8,Yes,0.0,No
922,2011-07-20,Albury,0.3,16.7,0.2,,,SE,33.0,SE,SE,2.0,19.0,99.0,54.0,1021.5,1020.2,1.0,5.0,3.6,15.8,No,0.0,No
19576,2014-07-31,NorahHead,11.6,23.5,0.0,,,N,48.0,N,NW,35.0,22.0,52.0,30.0,1015.3,1009.0,,,18.1,22.9,No,0.0,No
10797,2014-05-29,CoffsHarbour,11.3,22.5,0.0,,,,,,,,,64.0,53.0,,,,,19.8,21.8,No,0.0,No
15284,2010-06-04,Newcastle,16.0,19.0,44.6,,,,,,,0.0,0.0,94.0,97.0,,,8.0,8.0,16.5,16.5,Yes,25.8,Yes
9914,2011-10-16,CoffsHarbour,12.5,25.2,0.2,0.4,12.2,S,30.0,ESE,S,6.0,13.0,73.0,62.0,1013.1,1014.0,0.0,1.0,21.2,23.5,No,9.8,Yes
10112,2012-05-02,CoffsHarbour,12.9,22.6,1.2,1.6,5.5,NE,30.0,NW,NW,13.0,15.0,73.0,78.0,1024.6,1021.0,4.0,6.0,20.0,20.0,Yes,0.6,No
2243,2015-05-15,Albury,2.3,17.8,0.0,,,SSE,15.0,SE,SSE,2.0,6.0,100.0,53.0,1034.4,1031.9,8.0,,6.0,17.0,No,0.0,No
13404,2013-06-14,Moree,8.4,15.8,0.0,3.0,4.5,WSW,37.0,WNW,WSW,13.0,19.0,79.0,56.0,1013.4,1011.2,6.0,7.0,11.6,14.5,No,0.0,No
18475,2011-05-04,NorahHead,14.5,19.7,0.8,,,SSW,57.0,SW,S,19.0,33.0,74.0,69.0,1016.0,1015.2,,,16.6,19.3,No,5.0,Yes
10084,2012-04-03,CoffsHarbour,14.9,26.5,1.0,4.4,10.3,SSE,35.0,SW,SSE,20.0,24.0,62.0,62.0,1015.9,1014.1,1.0,5.0,23.6,25.1,No,0.0,No
11576,2016-08-26,CoffsHarbour,4.9,17.5,0.0,,,SW,37.0,SW,S,22.0,28.0,44.0,38.0,1018.3,1015.6,,,13.6,16.6,No,0.0,No
14530,2016-12-04,Moree,24.1,41.7,0.0,,,NE,52.0,NNE,NE,24.0,15.0,44.0,14.0,1013.7,1008.7,,,28.7,39.7,No,0.0,No
7537,2013-08-21,Cobar,1.5,15.7,0.0,4.0,,WSW,28.0,WNW,WSW,7.0,13.0,45.0,34.0,1021.5,1017.1,1.0,2.0,10.2,14.5,No,0.0,No
9123,2009-07-17,CoffsHarbour,7.5,18.2,0.0,1.2,9.0,SW,56.0,SW,SSW,28.0,31.0,48.0,45.0,1015.5,1015.8,2.0,5.0,14.5,17.5,No,0.0,No
10603,2013-11-05,CoffsHarbour,13.6,23.1,0.0,9.2,5.7,S,48.0,SW,S,20.0,31.0,45.0,51.0,1026.2,1024.1,7.0,7.0,17.5,22.0,No,0.0,No
8832,2017-03-23,Cobar,22.0,37.6,0.0,,,NNE,39.0,NNE,N,19.0,17.0,67.0,29.0,1013.0,1010.8,,2.0,25.5,35.8,No,0.0,No
14767,2009-01-03,Newcastle,16.4,22.6,0.8,,,,,SE,NE,4.0,4.0,64.0,60.0,,,8.0,8.0,19.6,22.2,No,0.0,No
5688,2016-09-30,BadgerysCreek,7.6,18.7,1.0,,,NW,52.0,NNW,NW,19.0,30.0,52.0,48.0,998.5,997.9,,,16.4,16.6,No,0.0,No
21890,2012-07-27,NorfolkIsland,13.5,17.7,0.0,2.6,0.3,WNW,22.0,SSW,WNW,11.0,13.0,66.0,69.0,1017.3,1015.2,7.0,7.0,16.3,15.9,No,0.0,No
21000,2010-01-18,NorfolkIsland,19.6,25.2,0.0,5.4,10.7,ENE,37.0,NNE,NNE,13.0,20.0,61.0,70.0,1012.5,1011.1,6.0,6.0,23.0,23.5,No,0.0,No
19212,2013-07-14,NorahHead,11.5,19.1,0.0,,,WSW,19.0,WSW,E,11.0,7.0,82.0,67.0,1028.2,1025.7,,,13.8,17.2,No,1.4,Yes
13253,2012-11-13,Moree,14.8,32.5,0.0,8.6,12.7,NE,35.0,N,NNW,26.0,9.0,51.0,18.0,1021.2,1016.7,1.0,1.0,20.9,31.1,No,0.0,No
2904,2017-03-07,Albury,16.8,29.9,0.0,,,SE,28.0,SE,ESE,20.0,11.0,47.0,23.0,1018.2,1015.6,,,20.1,27.7,No,0.0,No
16791,2014-12-08,Newcastle,19.2,31.0,20.2,,,,,NW,NE,4.0,4.0,63.0,67.0,,,6.0,7.0,25.8,27.2,Yes,0.2,No
12319,2010-03-16,Moree,15.3,31.8,0.0,8.6,11.6,S,35.0,E,S,19.0,20.0,52.0,24.0,1021.4,1017.7,0.0,4.0,22.0,29.7,No,0.0,No
7022,2012-01-23,Cobar,19.7,31.2,0.0,14.2,,E,46.0,ENE,ENE,24.0,22.0,62.0,30.0,1016.3,1012.9,7.0,7.0,21.1,30.1,No,1.6,Yes
22784,2015-03-07,NorfolkIsland,20.8,25.7,3.4,4.2,11.1,SSW,30.0,SSW,SSW,13.0,13.0,83.0,70.0,1010.4,1009.7,2.0,1.0,23.7,24.8,Yes,0.0,No
7755,2014-03-27,Cobar,17.6,26.9,4.2,3.2,,NE,39.0,NNE,E,11.0,6.0,93.0,58.0,1017.2,1014.0,8.0,7.0,18.2,24.9,Yes,0.0,No
21210,2010-08-16,NorfolkIsland,13.4,20.2,0.6,3.0,7.9,NW,48.0,NW,NW,11.0,26.0,69.0,74.0,1016.5,1014.3,2.0,3.0,17.5,19.3,No,3.8,Yes
19657,2014-10-21,NorahHead,15.5,18.6,1.2,,,ESE,35.0,ESE,E,20.0,19.0,62.0,62.0,1032.3,1030.6,,,16.8,18.0,Yes,0.0,No
3005,2017-06-20,Albury,1.2,14.9,0.2,,,ESE,11.0,SW,SE,4.0,2.0,100.0,66.0,1030.6,1027.2,8.0,,3.4,14.0,No,0.4,No
4172,2012-05-18,BadgerysCreek,4.2,21.5,0.0,,,SW,11.0,,NNE,0.0,7.0,100.0,44.0,1025.3,1021.1,,,10.3,20.4,No,0.2,No
15412,2010-10-10,Newcastle,13.2,24.0,0.0,,,,,,,,,,,,,,,,,No,0.0,No
18483,2011-05-13,NorahHead,9.7,20.7,0.0,,,WNW,28.0,NW,W,15.0,7.0,65.0,47.0,1012.5,1008.7,,,15.0,20.1,No,0.0,No
3817,2011-05-25,BadgerysCreek,9.5,16.7,1.2,,,S,50.0,SW,SSW,20.0,20.0,58.0,52.0,1011.9,1011.7,,,13.3,15.5,Yes,0.0,No
14533,2016-12-07,Moree,21.9,30.8,1.4,,,WSW,30.0,WSW,W,13.0,17.0,74.0,47.0,1012.6,1011.4,6.0,6.0,24.5,29.6,Yes,0.2,No
14258,2016-02-29,Moree,21.9,36.5,0.0,12.2,12.0,E,44.0,E,WSW,20.0,11.0,49.0,19.0,1016.8,1013.1,1.0,3.0,26.3,34.6,No,0.0,No
471,2010-03-25,Albury,11.6,29.6,0.0,,,NNW,24.0,E,NNW,4.0,6.0,75.0,32.0,1021.8,1018.0,,,15.4,28.9,No,0.0,No
2458,2015-12-16,Albury,15.5,34.3,0.0,,,SE,30.0,SE,SSE,22.0,15.0,39.0,17.0,1014.0,1011.2,,,24.0,33.4,No,0.0,No
11252,2015-10-05,CoffsHarbour,10.4,30.7,0.0,,,NE,24.0,WNW,NE,2.0,15.0,45.0,27.0,1025.5,1023.4,,,25.1,29.6,No,0.0,No
11503,2016-06-14,CoffsHarbour,11.2,19.8,1.5,,,WSW,24.0,WSW,SW,7.0,13.0,91.0,72.0,1035.6,1032.3,8.0,,14.5,19.4,Yes,0.1,No
7189,2012-07-08,Cobar,4.4,19.2,0.0,2.2,,NE,39.0,ENE,NE,19.0,20.0,60.0,36.0,1028.4,1024.8,3.0,7.0,9.6,19.0,No,0.0,No
12396,2010-06-01,Moree,8.6,18.6,2.4,0.8,2.3,W,17.0,NE,NW,9.0,4.0,100.0,65.0,1019.1,1016.2,7.0,7.0,11.1,18.4,Yes,0.4,No
19931,2015-07-23,NorahHead,11.7,17.9,0.4,,,WNW,30.0,W,SSE,11.0,7.0,93.0,74.0,1025.4,1023.2,,,12.8,16.5,No,0.8,No
16768,2014-11-15,Newcastle,19.5,26.2,0.0,,,,,,,0.0,,61.0,68.0,,,4.0,7.0,22.5,22.3,No,0.0,No
11884,2009-01-05,Moree,19.2,34.5,0.0,12.6,13.4,SE,35.0,ENE,S,19.0,11.0,44.0,22.0,1015.1,1010.6,1.0,6.0,24.2,32.9,No,0.0,No
22072,2013-03-25,NorfolkIsland,18.8,24.5,0.0,6.6,8.2,E,43.0,E,E,19.0,31.0,62.0,62.0,1019.0,1017.1,7.0,6.0,22.1,22.7,No,1.0,No
8514,2016-04-27,Cobar,14.7,27.7,0.0,6.6,,NNE,39.0,NE,N,26.0,9.0,50.0,33.0,1023.7,1019.6,2.0,7.0,20.4,26.6,No,0.0,No
12351,2010-04-17,Moree,11.7,29.0,0.0,6.6,9.3,E,31.0,ESE,E,19.0,17.0,47.0,23.0,1025.6,1020.9,1.0,4.0,21.8,28.4,No,0.0,No
12743,2011-06-13,Moree,10.0,16.5,0.6,1.6,0.2,S,43.0,SSW,SSW,9.0,19.0,92.0,70.0,1018.0,1014.4,7.0,7.0,11.8,16.1,No,21.6,Yes
10351,2013-01-28,CoffsHarbour,20.9,23.3,208.5,,0.0,NNE,65.0,NE,NNE,37.0,31.0,96.0,96.0,1006.8,1004.2,8.0,8.0,21.5,21.3,Yes,172.2,Yes
7906,2014-08-25,Cobar,5.7,18.1,0.0,3.8,,,,,,,,,,,,0.0,1.0,11.4,17.8,No,0.4,No
24528,2011-09-28,Penrith,9.2,16.2,,,,N,19.0,,N,0.0,2.0,91.0,98.0,,,,,13.3,14.9,,8.8,Yes
11517,2016-06-28,CoffsHarbour,3.2,19.2,0.0,,,SSW,65.0,SW,SSW,33.0,31.0,48.0,44.0,1018.5,1019.7,2.0,,14.2,18.9,No,0.0,No
17284,2016-05-03,Newcastle,14.9,24.8,0.4,,,,,NW,,9.0,,78.0,,,,1.0,,19.5,,No,0.1,No
5658,2016-08-31,BadgerysCreek,10.4,23.5,0.0,,,NNW,44.0,NNW,NNW,7.0,13.0,90.0,52.0,1018.5,1013.5,,,14.6,21.4,No,0.0,No
9986,2011-12-27,CoffsHarbour,19.6,27.7,0.0,5.8,10.4,SSW,72.0,SW,S,20.0,41.0,73.0,62.0,1005.3,1004.6,5.0,3.0,24.1,25.7,No,1.0,No
24683,2012-03-01,Penrith,19.1,30.0,27.8,,,S,44.0,NNE,NNE,7.0,2.0,100.0,70.0,,,,,21.2,29.7,Yes,18.8,Yes
23052,2015-11-30,NorfolkIsland,20.7,25.0,0.0,3.8,11.4,ENE,44.0,NE,ENE,24.0,28.0,71.0,71.0,1020.9,1019.8,2.0,2.0,24.6,24.3,No,0.0,No
22840,2015-05-02,NorfolkIsland,18.3,21.4,0.2,5.2,1.2,E,54.0,E,ENE,28.0,28.0,65.0,79.0,1027.0,1024.0,8.0,7.0,20.4,19.8,No,1.6,Yes
13047,2012-04-18,Moree,12.8,25.7,0.0,3.2,9.1,E,24.0,E,ESE,11.0,13.0,78.0,46.0,1017.6,1013.5,5.0,6.0,18.9,25.3,No,0.0,No
5072,2015-01-17,BadgerysCreek,14.3,34.8,0.0,,,WSW,39.0,,W,0.0,15.0,51.0,20.0,1007.8,1005.2,,,23.4,34.1,No,0.0,No
9284,2009-12-25,CoffsHarbour,23.0,29.0,0.0,7.0,9.0,NNE,57.0,N,NNE,24.0,41.0,65.0,68.0,1012.6,1010.0,7.0,6.0,25.8,27.2,No,0.0,No
11033,2015-02-28,CoffsHarbour,19.3,28.6,6.4,,,NE,41.0,NW,NE,7.0,28.0,80.0,70.0,1011.3,1009.2,,,24.4,27.2,Yes,0.0,No
2596,2016-05-02,Albury,3.8,16.9,0.0,,,N,26.0,SE,NNW,7.0,15.0,88.0,44.0,1017.8,1014.4,5.0,8.0,9.7,16.1,No,0.0,No
22643,2014-10-17,NorfolkIsland,17.5,21.3,2.6,3.6,1.5,NE,35.0,NNE,NE,22.0,17.0,94.0,88.0,1021.3,1019.3,7.0,7.0,17.5,19.7,Yes,18.8,Yes
16757,2014-11-04,Newcastle,15.1,24.5,0.0,,,,,NE,NE,4.0,19.0,74.0,57.0,,,7.0,7.0,19.6,23.5,No,0.0,No
16192,2013-03-30,Newcastle,12.5,24.5,0.0,,,,,,SW,0.0,4.0,71.0,55.0,,,1.0,2.0,18.5,23.8,No,0.0,No
16123,2012-11-21,Newcastle,13.1,26.0,0.8,,,,,NE,SE,4.0,4.0,70.0,59.0,,,3.0,7.0,19.7,24.0,No,0.0,No
7461,2013-06-06,Cobar,9.2,16.8,0.0,2.4,,NE,26.0,NNE,NW,17.0,6.0,63.0,60.0,1021.9,1020.5,8.0,8.0,13.7,16.7,No,1.2,Yes
13167,2012-08-18,Moree,0.7,16.5,0.0,7.8,10.8,WSW,44.0,WNW,WSW,19.0,30.0,46.0,25.0,1018.8,1016.6,0.0,4.0,10.3,16.0,No,0.0,No
17154,2015-12-17,Newcastle,17.2,27.8,0.0,,,,,SE,,9.0,,73.0,,,,5.0,,23.5,,No,0.0,No
20658,2009-02-10,NorfolkIsland,22.2,26.3,20.6,3.4,10.6,NNW,33.0,NNW,WNW,15.0,20.0,85.0,80.0,1013.6,1012.3,3.0,5.0,24.3,25.5,Yes,0.2,No
5893,2017-05-11,BadgerysCreek,7.2,20.9,0.0,,,ESE,17.0,WSW,S,6.0,4.0,80.0,45.0,1025.1,1022.9,,,13.1,20.4,No,0.0,No
2276,2015-06-17,Albury,11.3,12.6,11.6,,,W,20.0,S,WSW,2.0,6.0,100.0,100.0,1010.9,1009.1,8.0,8.0,12.2,12.6,Yes,22.4,Yes
20739,2009-05-02,NorfolkIsland,16.4,20.3,11.4,4.2,9.9,S,61.0,S,S,26.0,26.0,68.0,55.0,1017.2,1016.2,5.0,2.0,18.3,19.2,Yes,0.0,No
20512,2017-03-12,NorahHead,17.1,27.3,0.0,,,NE,54.0,N,NE,13.0,33.0,76.0,65.0,1010.9,1007.9,,,21.7,25.5,No,0.0,No
9191,2009-09-23,CoffsHarbour,17.8,24.5,2.0,1.8,1.5,WNW,69.0,W,WNW,24.0,35.0,29.0,20.0,1001.9,1001.6,8.0,7.0,23.2,23.0,Yes,0.0,No
3366,2009-12-28,BadgerysCreek,19.0,26.2,23.4,,,E,31.0,W,,9.0,,99.0,,1015.6,,,,19.6,,Yes,1.6,Yes
24027,2010-03-08,Penrith,20.7,31.6,0.0,,,N,44.0,NNE,N,9.0,28.0,95.0,51.0,,,,,23.0,29.6,No,0.0,No
14826,2009-03-03,Newcastle,20.2,28.0,0.0,,,,,NE,NE,4.0,11.0,69.0,62.0,,,5.0,3.0,23.6,27.6,No,0.0,No
124,2009-04-05,Albury,7.8,21.7,0.0,,,WSW,31.0,E,NW,6.0,19.0,72.0,37.0,1020.4,1016.5,,,12.9,21.2,No,0.0,No
14339,2016-05-27,Moree,12.9,17.1,12.0,2.4,,WSW,35.0,SW,WSW,19.0,24.0,87.0,51.0,1011.4,1010.4,8.0,1.0,13.3,16.8,Yes,0.0,No
4459,2013-05-01,BadgerysCreek,16.1,26.4,0.0,,,SE,24.0,,E,0.0,4.0,82.0,57.0,1018.7,1013.9,,,18.7,24.8,No,0.0,No
5589,2016-06-23,BadgerysCreek,5.8,18.2,0.0,,,WNW,35.0,NNE,WNW,7.0,19.0,78.0,49.0,1012.4,1007.1,,,9.5,15.8,No,0.0,No
21159,2010-06-26,NorfolkIsland,14.5,18.5,0.0,4.0,7.7,WSW,37.0,WSW,SW,17.0,20.0,52.0,52.0,1022.0,1020.0,4.0,4.0,17.4,18.1,No,0.0,No
23293,2016-07-29,NorfolkIsland,13.7,19.1,0.4,1.0,,SSW,30.0,S,S,17.0,17.0,54.0,52.0,1021.5,1019.2,8.0,1.0,17.6,18.1,No,0.0,No
1720,2013-12-03,Albury,15.1,37.1,0.0,,,W,44.0,SSE,NW,9.0,30.0,47.0,15.0,1013.9,1009.3,,,25.8,34.8,No,0.0,No
8920,2017-06-19,Cobar,4.2,20.3,0.0,,,E,26.0,ESE,SSE,13.0,9.0,70.0,28.0,1030.7,1027.6,,,11.0,19.9,No,0.0,No
22047,2013-01-31,NorfolkIsland,20.6,24.9,0.0,7.4,8.0,ESE,50.0,ESE,SE,26.0,28.0,69.0,67.0,1013.8,1011.7,7.0,3.0,22.5,23.9,No,0.0,No
3033,2009-01-23,BadgerysCreek,20.3,36.1,0.2,,,NE,43.0,E,ENE,6.0,24.0,63.0,44.0,1009.4,1006.5,,,28.2,33.3,No,0.0,No
8746,2016-12-24,Cobar,25.0,36.0,0.0,,,NE,44.0,NE,NW,20.0,9.0,,,1012.3,1009.4,2.0,2.0,27.3,34.5,No,1.8,Yes
8934,2009-01-08,CoffsHarbour,22.7,29.2,0.0,6.4,1.9,SSW,44.0,NW,NNE,9.0,20.0,70.0,71.0,1009.4,1008.8,7.0,8.0,25.8,26.4,No,7.8,Yes
20917,2009-10-27,NorfolkIsland,16.7,20.2,0.0,8.0,10.0,SW,54.0,SW,S,28.0,26.0,63.0,58.0,1019.7,1018.9,3.0,7.0,18.6,17.3,No,0.0,No
16586,2014-05-17,Newcastle,9.4,23.5,0.1,,,,,NE,NE,4.0,4.0,85.0,44.0,,,4.0,1.0,13.7,22.5,No,0.0,No
2221,2015-04-23,Albury,12.7,24.0,0.2,,,SE,30.0,N,S,6.0,9.0,83.0,53.0,1014.6,1009.9,8.0,8.0,15.2,23.1,No,3.6,Yes
18737,2012-01-24,NorahHead,20.1,23.9,0.6,,,ENE,33.0,ESE,E,19.0,15.0,84.0,79.0,1018.4,1015.8,,,20.6,23.8,No,4.0,Yes
16119,2012-11-17,Newcastle,15.4,21.3,0.0,,,,,SE,SE,9.0,15.0,65.0,53.0,,,8.0,7.0,18.0,20.8,No,0.0,No
21016,2010-02-03,NorfolkIsland,20.4,26.3,6.4,8.0,7.9,E,63.0,E,E,30.0,37.0,85.0,76.0,1012.0,1012.1,6.0,7.0,23.6,24.3,Yes,7.0,Yes
2676,2016-07-21,Albury,6.2,16.8,0.4,,,W,15.0,W,NNE,11.0,7.0,100.0,96.0,1020.1,1015.6,8.0,8.0,10.0,13.8,No,6.8,Yes
21018,2010-02-05,NorfolkIsland,21.5,26.3,0.2,8.4,8.7,E,69.0,E,E,39.0,37.0,73.0,65.0,1017.2,1016.1,7.0,4.0,23.6,24.9,No,0.0,No
23906,2009-10-24,Penrith,15.9,28.2,0.0,,,ESE,30.0,SSW,E,7.0,15.0,56.0,34.0,,,,,19.6,26.9,No,0.0,No
19187,2013-06-18,NorahHead,8.5,16.8,0.0,,,SE,63.0,SSW,SSE,11.0,11.0,65.0,57.0,1013.2,1012.0,,,12.0,15.8,No,18.8,Yes
16231,2013-05-13,Newcastle,11.4,21.0,0.2,,,,,SW,,4.0,0.0,94.0,64.0,,,8.0,8.0,14.0,20.6,No,1.6,Yes
5089,2015-02-03,BadgerysCreek,14.9,25.9,0.2,,,ESE,26.0,S,ESE,13.0,13.0,62.0,45.0,1020.5,1016.9,,,20.2,24.4,No,0.0,No
21955,2012-09-30,NorfolkIsland,12.1,19.2,0.0,4.6,6.5,WNW,37.0,WNW,WNW,11.0,26.0,52.0,52.0,1020.7,1017.8,7.0,6.0,16.7,18.3,No,1.2,Yes
9431,2010-05-21,CoffsHarbour,11.6,21.3,0.0,1.8,4.4,N,35.0,WSW,W,6.0,11.0,77.0,74.0,1019.5,1015.7,7.0,7.0,18.6,18.8,No,10.0,Yes
20903,2009-10-13,NorfolkIsland,12.0,19.3,0.0,4.0,9.5,WNW,35.0,WNW,WNW,15.0,19.0,62.0,59.0,1018.4,1016.2,2.0,1.0,17.5,18.4,No,0.0,No
7581,2013-10-04,Cobar,5.5,23.3,0.0,7.0,,E,22.0,ESE,E,13.0,9.0,32.0,17.0,1024.0,1018.7,0.0,0.0,15.9,22.2,No,0.0,No
20765,2009-05-28,NorfolkIsland,15.5,19.4,0.6,3.6,9.5,ESE,24.0,ESE,SE,11.0,13.0,68.0,59.0,1019.8,1018.1,4.0,2.0,18.5,18.8,No,0.0,No
9688,2011-02-02,CoffsHarbour,23.9,32.3,0.0,8.8,12.8,NE,61.0,N,NE,13.0,37.0,68.0,70.0,1015.8,1013.9,1.0,1.0,28.9,29.4,No,0.0,No
14271,2016-03-13,Moree,19.9,36.0,0.0,25.8,11.6,ENE,48.0,E,ENE,20.0,7.0,50.0,23.0,1018.6,1014.1,1.0,5.0,24.9,33.4,No,0.0,No
14865,2009-04-11,Newcastle,13.2,24.0,0.0,,,,,,,,,,74.0,,,,8.0,,23.0,No,0.0,No
5993,2009-02-24,Cobar,21.0,34.7,2.0,10.0,9.0,E,46.0,NNE,NW,15.0,22.0,60.0,34.0,1013.5,1011.7,3.0,4.0,25.6,32.9,Yes,0.8,No
14794,2009-01-30,Newcastle,19.8,32.2,0.0,,,,,NE,NE,4.0,28.0,67.0,51.0,,,0.0,1.0,24.0,30.4,No,0.0,No
24113,2010-06-09,Penrith,4.6,16.8,0.2,,,WNW,59.0,NE,W,9.0,26.0,99.0,45.0,,,,,9.2,14.1,No,0.0,No
2813,2016-12-05,Albury,19.3,32.8,0.0,,,WSW,44.0,E,WSW,6.0,28.0,62.0,40.0,1008.5,1007.4,,5.0,25.2,30.9,No,0.0,No
24352,2011-03-03,Penrith,14.6,31.3,0.0,,,WSW,35.0,NE,NW,6.0,22.0,97.0,19.0,,,,,18.3,30.6,No,0.2,No
12165,2009-10-13,Moree,15.4,28.2,0.2,9.8,10.6,NW,57.0,WSW,W,20.0,35.0,29.0,11.0,1008.3,1004.5,1.0,0.0,21.2,27.9,No,0.0,No
14157,2015-11-04,Moree,21.9,31.5,0.4,10.6,3.2,SSW,52.0,NE,S,19.0,39.0,74.0,55.0,1013.9,1010.9,7.0,8.0,24.2,28.1,No,39.8,Yes
21700,2012-01-19,NorfolkIsland,21.0,25.2,0.0,4.4,5.6,ENE,41.0,E,ENE,22.0,26.0,83.0,80.0,1017.2,1015.2,7.0,6.0,22.7,23.4,No,0.0,No
1392,2012-11-07,Albury,18.4,20.0,10.6,,,NNW,24.0,NE,WNW,11.0,13.0,95.0,93.0,1011.2,1008.9,8.0,8.0,19.4,19.4,Yes,24.6,Yes
3363,2009-12-25,BadgerysCreek,19.4,28.7,0.0,,,SE,26.0,W,SSE,11.0,9.0,59.0,70.0,1010.7,1010.7,,,26.5,24.8,No,10.4,Yes
11043,2015-03-10,CoffsHarbour,19.9,28.9,0.0,,,NE,30.0,NW,ENE,13.0,20.0,75.0,69.0,1015.4,1014.9,1.0,,25.3,28.4,No,0.0,No
10034,2012-02-13,CoffsHarbour,18.7,26.6,45.2,9.6,7.2,SSW,56.0,SW,SE,11.0,9.0,90.0,76.0,1016.5,1014.6,5.0,6.0,22.6,24.9,Yes,0.2,No
14864,2009-04-10,Newcastle,13.0,24.0,0.0,,,,,,,0.0,,90.0,,,,2.0,,18.0,,No,0.0,No
5142,2015-03-28,BadgerysCreek,8.0,24.9,0.0,,,E,30.0,SW,NNE,7.0,9.0,68.0,31.0,1023.5,1021.3,,,14.5,24.1,No,0.0,No
1115,2012-02-03,Albury,17.0,29.8,0.0,,,SSW,31.0,SSE,WSW,15.0,20.0,69.0,39.0,1006.9,1003.3,,,20.6,27.4,No,0.0,No
19963,2015-08-27,NorahHead,12.6,19.4,,,,NW,28.0,NW,WNW,7.0,9.0,87.0,61.0,1019.9,1016.2,,,15.9,18.6,,2.8,Yes
15658,2011-07-24,Newcastle,8.5,17.5,9.2,,,,,,NW,0.0,4.0,83.0,55.0,,,4.0,5.0,11.4,16.0,Yes,0.7,No
7381,2013-03-18,Cobar,11.0,27.2,0.0,8.4,,NE,26.0,SE,E,15.0,11.0,37.0,21.0,1018.3,1016.2,1.0,2.0,15.7,25.7,No,0.0,No
24710,2012-03-29,Penrith,14.9,28.1,0.0,,,S,41.0,,SE,0.0,7.0,98.0,45.0,,,,,18.8,27.3,No,2.4,Yes
5820,2017-02-27,BadgerysCreek,16.5,27.2,2.0,,,SE,39.0,SSW,SE,7.0,20.0,91.0,63.0,1024.4,1022.6,,,21.6,26.3,Yes,6.2,Yes
22670,2014-11-13,NorfolkIsland,15.4,20.6,0.8,7.1,9.6,WSW,56.0,SSW,S,26.0,28.0,66.0,55.0,1014.4,1015.4,4.0,2.0,19.2,18.7,No,0.0,No
14200,2015-12-20,Moree,20.3,34.6,0.2,28.6,13.5,NE,46.0,NNE,N,31.0,17.0,46.0,25.0,1017.3,1012.8,3.0,1.0,24.6,33.3,No,0.0,No
14597,2017-02-09,Moree,22.5,38.0,0.0,,,E,41.0,ENE,SSW,20.0,13.0,50.0,21.0,1016.5,1011.6,,1.0,27.7,36.6,No,0.0,No
13169,2012-08-20,Moree,3.8,18.9,0.0,2.6,9.3,E,24.0,ENE,SW,11.0,6.0,53.0,29.0,1023.6,1018.7,3.0,1.0,10.9,18.0,No,0.0,No
10803,2014-06-04,CoffsHarbour,9.8,20.6,0.0,,,,,,,,,67.0,67.0,,,,,16.6,19.1,No,3.2,Yes
20221,2016-05-25,NorahHead,9.8,19.4,0.0,,,WNW,20.0,NW,SSE,7.0,9.0,57.0,46.0,1017.9,1013.5,,,14.3,17.0,No,1.8,Yes
17402,2016-08-29,Newcastle,5.2,20.8,0.0,,,,,,,0.0,,,,,,6.0,,,,No,0.0,No
15656,2011-07-22,Newcastle,10.3,15.7,56.8,,,,,SW,S,4.0,6.0,91.0,96.0,,,7.0,8.0,13.4,12.5,Yes,33.9,Yes
11135,2015-06-10,CoffsHarbour,7.5,21.3,0.0,,,SW,39.0,SW,S,17.0,26.0,65.0,62.0,1028.2,1027.7,,1.0,18.2,20.4,No,14.4,Yes
13586,2013-12-19,Moree,18.1,34.8,0.0,14.4,13.0,ENE,41.0,NE,ENE,26.0,4.0,42.0,11.0,1021.6,1017.1,1.0,1.0,23.2,33.0,No,0.0,No
503,2010-04-26,Albury,5.1,17.9,0.0,,,SSE,15.0,E,S,4.0,9.0,78.0,49.0,1026.5,1023.0,,,10.4,16.9,No,0.0,No
22191,2013-07-22,NorfolkIsland,13.1,19.2,0.0,3.2,3.0,E,28.0,ENE,NE,13.0,15.0,63.0,61.0,1024.4,1021.9,7.0,7.0,16.5,18.0,No,0.0,No
2845,2017-01-06,Albury,17.1,35.4,0.0,,,E,30.0,ESE,SSE,9.0,13.0,60.0,26.0,1016.1,1012.9,,,24.4,34.2,No,0.0,No
24627,2012-01-05,Penrith,19.2,29.3,0.0,,,NNE,30.0,W,NNE,7.0,20.0,63.0,52.0,,,,,22.1,27.9,No,2.2,Yes
24127,2010-06-23,Penrith,10.0,15.1,1.0,,,SSW,24.0,SSE,SSW,11.0,11.0,88.0,88.0,,,,,13.0,14.1,No,3.2,Yes
24780,2012-06-07,Penrith,8.1,17.2,0.2,,,SW,24.0,SSW,S,11.0,6.0,63.0,42.0,,,,,12.4,16.7,No,0.2,No
23427,2016-12-21,NorfolkIsland,19.6,24.7,1.8,3.8,,E,35.0,ESE,E,19.0,19.0,74.0,69.0,1015.7,1013.8,8.0,8.0,23.0,23.2,Yes,0.0,No
10837,2014-07-08,CoffsHarbour,1.8,19.2,0.0,,,,,,,,,69.0,40.0,,,,,11.9,18.4,No,0.0,No
5928,2017-06-15,BadgerysCreek,5.7,19.1,0.2,,,NE,11.0,NW,NNE,2.0,2.0,100.0,62.0,1028.1,1024.5,,,11.2,18.8,No,0.0,No
14667,2017-04-20,Moree,12.4,27.5,0.0,,,E,37.0,E,ENE,22.0,20.0,50.0,29.0,1027.9,1023.1,,2.0,20.5,27.1,No,0.0,No
17648,2017-05-15,Newcastle,13.2,20.2,2.0,,,,,NW,,28.0,,79.0,,,,7.0,,16.5,,Yes,0.0,No
273,2009-09-01,Albury,5.1,14.2,3.0,,,WNW,24.0,WNW,W,7.0,15.0,96.0,58.0,1023.2,1021.7,8.0,1.0,9.7,12.5,Yes,0.0,No
4173,2012-05-19,BadgerysCreek,2.4,21.4,0.2,,,SSW,24.0,,SW,0.0,11.0,100.0,34.0,1023.3,1020.4,,,10.5,20.7,No,0.0,No
19179,2013-06-10,NorahHead,12.3,21.7,0.2,,,SW,19.0,WNW,NW,6.0,11.0,82.0,75.0,1021.7,1018.7,,,16.2,18.8,No,1.0,No
1192,2012-04-20,Albury,14.6,22.7,34.2,,,SW,19.0,SSE,E,7.0,2.0,100.0,62.0,1017.3,1014.7,8.0,1.0,15.7,21.9,Yes,0.0,No
13719,2014-05-14,Moree,9.5,24.4,0.0,5.2,10.5,E,33.0,E,SE,20.0,7.0,50.0,29.0,1027.1,1023.0,0.0,1.0,18.5,24.0,No,0.0,No
5672,2016-09-14,BadgerysCreek,13.9,23.8,2.2,,,N,30.0,,NNW,0.0,6.0,100.0,70.0,1013.7,1008.2,,,15.2,22.2,Yes,0.0,No
889,2011-06-17,Albury,3.0,12.6,1.0,,,WNW,35.0,NW,W,11.0,15.0,92.0,68.0,1010.6,1010.1,8.0,,7.5,11.5,No,0.2,No
16198,2013-04-05,Newcastle,16.0,24.3,8.4,,,,,,SE,0.0,9.0,75.0,52.0,,,4.0,5.0,20.2,23.2,Yes,0.0,No
